# Problem 6 SIS lattice basis after optimizations
# N=280
280 280
0 140 0 0 0 0 0 0 0 0 0 0 0 0 0 0 0 0 0 0 0 0 0 0 0 0 0 0 0 0 0 0 0 0 0 0 0 0 0 0 0 0 0 0 0 0 0 0 0 0 0 0 0 0 0 0 0 0 0 0 0 0 0 0 0 0 0 0 0 0 0 0 0 0 0 0 0 0 0 0 0 0 0 0 0 0 0 0 0 0 0 0 0 0 0 0 0 0 0 0 0 0 0 0 0 0 0 0 0 0 0 0 0 0 0 0 0 0 0 0 0 0 0 0 0 0 0 0 0 0 0 0 0 0 0 0 0 0 0 0 0 0 0 0 0 0 0 0 0 0 0 0 0 0 0 0 0 0 0 0 0 0 0 0 0 0 0 0 0 0 0 0 0 0 0 0 0 0 0 0 0 0 0 0 0 0 0 0 0 0 0 0 0 0 0 0 0 0 0 0 0 0 0 0 0 0 0 0 0 0 0 0 0 0 0 0 0 0 0 0 0 0 0 0 0 0 0 0 0 0 0 0 0 0 0 0 0 0 0 0 0 0 0 0 0 0 0 0 0 0 0 0 0 0 0 0 0 0 0 0 0 0 0 0 0 0 0 0 0 0 0 0 0 0 0 0 0 0 0 0
0 0 0 0 0 0 0 0 0 0 0 0 0 0 140 0 0 0 0 0 0 0 0 0 0 0 0 0 0 0 0 0 0 0 0 0 0 0 0 0 0 0 0 0 0 0 0 0 0 0 0 0 0 0 0 0 0 0 0 0 0 0 0 0 0 0 0 0 0 0 0 0 0 0 0 0 0 0 0 0 0 0 0 0 0 0 0 0 0 0 0 0 0 0 0 0 0 0 0 0 0 0 0 0 0 0 0 0 0 0 0 0 0 0 0 0 0 0 0 0 0 0 0 0 0 0 0 0 0 0 0 0 0 0 0 0 0 0 0 0 0 0 0 0 0 0 0 0 0 0 0 0 0 0 0 0 0 0 0 0 0 0 0 0 0 0 0 0 0 0 0 0 0 0 0 0 0 0 0 0 0 0 0 0 0 0 0 0 0 0 0 0 0 0 0 0 0 0 0 0 0 0 0 0 0 0 0 0 0 0 0 0 0 0 0 0 0 0 0 0 0 0 0 0 0 0 0 0 0 0 0 0 0 0 0 0 0 0 0 0 0 0 0 0 0 0 0 0 0 0 0 0 0 0 0 0 0 0 0 0 0 0 0 0 0 0 0 0 0 0 0 0 0 0 0 0 0 0 0 0
0 0 0 0 0 0 0 0 0 0 0 0 0 0 0 0 0 0 0 0 0 0 140 0 0 0 0 0 0 0 0 0 0 0 0 0 0 0 0 0 0 0 0 0 0 0 0 0 0 0 0 0 0 0 0 0 0 0 0 0 0 0 0 0 0 0 0 0 0 0 0 0 0 0 0 0 0 0 0 0 0 0 0 0 0 0 0 0 0 0 0 0 0 0 0 0 0 0 0 0 0 0 0 0 0 0 0 0 0 0 0 0 0 0 0 0 0 0 0 0 0 0 0 0 0 0 0 0 0 0 0 0 0 0 0 0 0 0 0 0 0 0 0 0 0 0 0 0 0 0 0 0 0 0 0 0 0 0 0 0 0 0 0 0 0 0 0 0 0 0 0 0 0 0 0 0 0 0 0 0 0 0 0 0 0 0 0 0 0 0 0 0 0 0 0 0 0 0 0 0 0 0 0 0 0 0 0 0 0 0 0 0 0 0 0 0 0 0 0 0 0 0 0 0 0 0 0 0 0 0 0 0 0 0 0 0 0 0 0 0 0 0 0 0 0 0 0 0 0 0 0 0 0 0 0 0 0 0 0 0 0 0 0 0 0 0 0 0 0 0 0 0 0 0 0 0 0 0 0 0
0 0 0 0 0 0 0 0 0 -140 0 0 0 0 0 0 0 0 0 0 0 0 0 0 0 0 0 0 0 0 0 0 0 0 0 0 0 0 0 0 0 0 0 0 0 0 0 0 0 0 0 0 0 0 0 0 0 0 0 0 0 0 0 0 0 0 0 0 0 0 0 0 0 0 0 0 0 0 0 0 0 0 0 0 0 0 0 0 0 0 0 0 0 0 0 0 0 0 0 0 0 0 0 0 0 0 0 0 0 0 0 0 0 0 0 0 0 0 0 0 0 0 0 0 0 0 0 0 0 0 0 0 0 0 0 0 0 0 0 0 0 0 0 0 0 0 0 0 0 0 0 0 0 0 0 0 0 0 0 0 0 0 0 0 0 0 0 0 0 0 0 0 0 0 0 0 0 0 0 0 0 0 0 0 0 0 0 0 0 0 0 0 0 0 0 0 0 0 0 0 0 0 0 0 0 0 0 0 0 0 0 0 0 0 0 0 0 0 0 0 0 0 0 0 0 0 0 0 0 0 0 0 0 0 0 0 0 0 0 0 0 0 0 0 0 0 0 0 0 0 0 0 0 0 0 0 0 0 0 0 0 0 0 0 0 0 0 0 0 0 0 0 0 0 0 0 0 0 0 0
0 0 0 0 0 0 0 0 0 0 0 0 0 0 0 0 0 0 0 0 0 0 0 0 0 0 0 0 0 0 0 0 0 0 0 0 0 0 0 0 0 0 0 0 0 0 0 0 140 0 0 0 0 0 0 0 0 0 0 0 0 0 0 0 0 0 0 0 0 0 0 0 0 0 0 0 0 0 0 0 0 0 0 0 0 0 0 0 0 0 0 0 0 0 0 0 0 0 0 0 0 0 0 0 0 0 0 0 0 0 0 0 0 0 0 0 0 0 0 0 0 0 0 0 0 0 0 0 0 0 0 0 0 0 0 0 0 0 0 0 0 0 0 0 0 0 0 0 0 0 0 0 0 0 0 0 0 0 0 0 0 0 0 0 0 0 0 0 0 0 0 0 0 0 0 0 0 0 0 0 0 0 0 0 0 0 0 0 0 0 0 0 0 0 0 0 0 0 0 0 0 0 0 0 0 0 0 0 0 0 0 0 0 0 0 0 0 0 0 0 0 0 0 0 0 0 0 0 0 0 0 0 0 0 0 0 0 0 0 0 0 0 0 0 0 0 0 0 0 0 0 0 0 0 0 0 0 0 0 0 0 0 0 0 0 0 0 0 0 0 0 0 0 0 0 0 0 0 0 0
0 0 0 0 0 0 0 0 0 0 0 0 0 0 0 0 0 0 0 0 0 0 0 0 0 0 0 0 0 0 0 0 0 0 0 0 0 0 0 0 0 0 0 0 0 0 0 0 0 0 140 0 0 0 0 0 0 0 0 0 0 0 0 0 0 0 0 0 0 0 0 0 0 0 0 0 0 0 0 0 0 0 0 0 0 0 0 0 0 0 0 0 0 0 0 0 0 0 0 0 0 0 0 0 0 0 0 0 0 0 0 0 0 0 0 0 0 0 0 0 0 0 0 0 0 0 0 0 0 0 0 0 0 0 0 0 0 0 0 0 0 0 0 0 0 0 0 0 0 0 0 0 0 0 0 0 0 0 0 0 0 0 0 0 0 0 0 0 0 0 0 0 0 0 0 0 0 0 0 0 0 0 0 0 0 0 0 0 0 0 0 0 0 0 0 0 0 0 0 0 0 0 0 0 0 0 0 0 0 0 0 0 0 0 0 0 0 0 0 0 0 0 0 0 0 0 0 0 0 0 0 0 0 0 0 0 0 0 0 0 0 0 0 0 0 0 0 0 0 0 0 0 0 0 0 0 0 0 0 0 0 0 0 0 0 0 0 0 0 0 0 0 0 0 0 0 0 0 0 0
0 0 0 0 0 0 0 0 0 0 0 0 0 0 0 0 0 0 0 0 0 140 0 0 0 0 0 0 0 0 0 0 0 0 0 0 0 0 0 0 0 0 0 0 0 0 0 0 0 0 0 0 0 0 0 0 0 0 0 0 0 0 0 0 0 0 0 0 0 0 0 0 0 0 0 0 0 0 0 0 0 0 0 0 0 0 0 0 0 0 0 0 0 0 0 0 0 0 0 0 0 0 0 0 0 0 0 0 0 0 0 0 0 0 0 0 0 0 0 0 0 0 0 0 0 0 0 0 0 0 0 0 0 0 0 0 0 0 0 0 0 0 0 0 0 0 0 0 0 0 0 0 0 0 0 0 0 0 0 0 0 0 0 0 0 0 0 0 0 0 0 0 0 0 0 0 0 0 0 0 0 0 0 0 0 0 0 0 0 0 0 0 0 0 0 0 0 0 0 0 0 0 0 0 0 0 0 0 0 0 0 0 0 0 0 0 0 0 0 0 0 0 0 0 0 0 0 0 0 0 0 0 0 0 0 0 0 0 0 0 0 0 0 0 0 0 0 0 0 0 0 0 0 0 0 0 0 0 0 0 0 0 0 0 0 0 0 0 0 0 0 0 0 0 0 0 0 0 0 0
0 0 0 0 0 0 0 0 0 0 0 0 0 0 0 0 0 0 0 0 0 0 0 0 0 0 0 0 0 0 0 0 0 0 0 0 0 0 0 0 0 0 0 0 0 0 0 140 0 0 0 0 0 0 0 0 0 0 0 0 0 0 0 0 0 0 0 0 0 0 0 0 0 0 0 0 0 0 0 0 0 0 0 0 0 0 0 0 0 0 0 0 0 0 0 0 0 0 0 0 0 0 0 0 0 0 0 0 0 0 0 0 0 0 0 0 0 0 0 0 0 0 0 0 0 0 0 0 0 0 0 0 0 0 0 0 0 0 0 0 0 0 0 0 0 0 0 0 0 0 0 0 0 0 0 0 0 0 0 0 0 0 0 0 0 0 0 0 0 0 0 0 0 0 0 0 0 0 0 0 0 0 0 0 0 0 0 0 0 0 0 0 0 0 0 0 0 0 0 0 0 0 0 0 0 0 0 0 0 0 0 0 0 0 0 0 0 0 0 0 0 0 0 0 0 0 0 0 0 0 0 0 0 0 0 0 0 0 0 0 0 0 0 0 0 0 0 0 0 0 0 0 0 0 0 0 0 0 0 0 0 0 0 0 0 0 0 0 0 0 0 0 0 0 0 0 0 0 0 0
0 0 0 0 0 0 0 0 0 0 0 0 0 0 0 0 0 0 0 140 0 0 0 0 0 0 0 0 0 0 0 0 0 0 0 0 0 0 0 0 0 0 0 0 0 0 0 0 0 0 0 0 0 0 0 0 0 0 0 0 0 0 0 0 0 0 0 0 0 0 0 0 0 0 0 0 0 0 0 0 0 0 0 0 0 0 0 0 0 0 0 0 0 0 0 0 0 0 0 0 0 0 0 0 0 0 0 0 0 0 0 0 0 0 0 0 0 0 0 0 0 0 0 0 0 0 0 0 0 0 0 0 0 0 0 0 0 0 0 0 0 0 0 0 0 0 0 0 0 0 0 0 0 0 0 0 0 0 0 0 0 0 0 0 0 0 0 0 0 0 0 0 0 0 0 0 0 0 0 0 0 0 0 0 0 0 0 0 0 0 0 0 0 0 0 0 0 0 0 0 0 0 0 0 0 0 0 0 0 0 0 0 0 0 0 0 0 0 0 0 0 0 0 0 0 0 0 0 0 0 0 0 0 0 0 0 0 0 0 0 0 0 0 0 0 0 0 0 0 0 0 0 0 0 0 0 0 0 0 0 0 0 0 0 0 0 0 0 0 0 0 0 0 0 0 0 0 0 0 0
0 0 0 0 0 0 0 0 0 0 0 0 0 0 0 0 0 0 0 0 0 0 0 0 0 0 0 0 0 0 0 0 0 0 0 0 0 0 0 0 -140 0 0 0 0 0 0 0 0 0 0 0 0 0 0 0 0 0 0 0 0 0 0 0 0 0 0 0 0 0 0 0 0 0 0 0 0 0 0 0 0 0 0 0 0 0 0 0 0 0 0 0 0 0 0 0 0 0 0 0 0 0 0 0 0 0 0 0 0 0 0 0 0 0 0 0 0 0 0 0 0 0 0 0 0 0 0 0 0 0 0 0 0 0 0 0 0 0 0 0 0 0 0 0 0 0 0 0 0 0 0 0 0 0 0 0 0 0 0 0 0 0 0 0 0 0 0 0 0 0 0 0 0 0 0 0 0 0 0 0 0 0 0 0 0 0 0 0 0 0 0 0 0 0 0 0 0 0 0 0 0 0 0 0 0 0 0 0 0 0 0 0 0 0 0 0 0 0 0 0 0 0 0 0 0 0 0 0 0 0 0 0 0 0 0 0 0 0 0 0 0 0 0 0 0 0 0 0 0 0 0 0 0 0 0 0 0 0 0 0 0 0 0 0 0 0 0 0 0 0 0 0 0 0 0 0 0 0 0 0
0 0 0 0 0 0 0 0 0 0 0 0 0 0 0 -140 0 0 0 0 0 0 0 0 0 0 0 0 0 0 0 0 0 0 0 0 0 0 0 0 0 0 0 0 0 0 0 0 0 0 0 0 0 0 0 0 0 0 0 0 0 0 0 0 0 0 0 0 0 0 0 0 0 0 0 0 0 0 0 0 0 0 0 0 0 0 0 0 0 0 0 0 0 0 0 0 0 0 0 0 0 0 0 0 0 0 0 0 0 0 0 0 0 0 0 0 0 0 0 0 0 0 0 0 0 0 0 0 0 0 0 0 0 0 0 0 0 0 0 0 0 0 0 0 0 0 0 0 0 0 0 0 0 0 0 0 0 0 0 0 0 0 0 0 0 0 0 0 0 0 0 0 0 0 0 0 0 0 0 0 0 0 0 0 0 0 0 0 0 0 0 0 0 0 0 0 0 0 0 0 0 0 0 0 0 0 0 0 0 0 0 0 0 0 0 0 0 0 0 0 0 0 0 0 0 0 0 0 0 0 0 0 0 0 0 0 0 0 0 0 0 0 0 0 0 0 0 0 0 0 0 0 0 0 0 0 0 0 0 0 0 0 0 0 0 0 0 0 0 0 0 0 0 0 0 0 0 0 0 0
0 0 0 0 0 0 0 0 0 0 0 0 0 0 0 0 0 0 0 0 0 0 0 0 0 0 0 0 0 0 0 0 0 0 0 0 0 -140 0 0 0 0 0 0 0 0 0 0 0 0 0 0 0 0 0 0 0 0 0 0 0 0 0 0 0 0 0 0 0 0 0 0 0 0 0 0 0 0 0 0 0 0 0 0 0 0 0 0 0 0 0 0 0 0 0 0 0 0 0 0 0 0 0 0 0 0 0 0 0 0 0 0 0 0 0 0 0 0 0 0 0 0 0 0 0 0 0 0 0 0 0 0 0 0 0 0 0 0 0 0 0 0 0 0 0 0 0 0 0 0 0 0 0 0 0 0 0 0 0 0 0 0 0 0 0 0 0 0 0 0 0 0 0 0 0 0 0 0 0 0 0 0 0 0 0 0 0 0 0 0 0 0 0 0 0 0 0 0 0 0 0 0 0 0 0 0 0 0 0 0 0 0 0 0 0 0 0 0 0 0 0 0 0 0 0 0 0 0 0 0 0 0 0 0 0 0 0 0 0 0 0 0 0 0 0 0 0 0 0 0 0 0 0 0 0 0 0 0 0 0 0 0 0 0 0 0 0 0 0 0 0 0 0 0 0 0 0 0 0 0
0 0 0 0 0 0 0 0 0 0 0 0 0 0 0 0 140 0 0 0 0 0 0 0 0 0 0 0 0 0 0 0 0 0 0 0 0 0 0 0 0 0 0 0 0 0 0 0 0 0 0 0 0 0 0 0 0 0 0 0 0 0 0 0 0 0 0 0 0 0 0 0 0 0 0 0 0 0 0 0 0 0 0 0 0 0 0 0 0 0 0 0 0 0 0 0 0 0 0 0 0 0 0 0 0 0 0 0 0 0 0 0 0 0 0 0 0 0 0 0 0 0 0 0 0 0 0 0 0 0 0 0 0 0 0 0 0 0 0 0 0 0 0 0 0 0 0 0 0 0 0 0 0 0 0 0 0 0 0 0 0 0 0 0 0 0 0 0 0 0 0 0 0 0 0 0 0 0 0 0 0 0 0 0 0 0 0 0 0 0 0 0 0 0 0 0 0 0 0 0 0 0 0 0 0 0 0 0 0 0 0 0 0 0 0 0 0 0 0 0 0 0 0 0 0 0 0 0 0 0 0 0 0 0 0 0 0 0 0 0 0 0 0 0 0 0 0 0 0 0 0 0 0 0 0 0 0 0 0 0 0 0 0 0 0 0 0 0 0 0 0 0 0 0 0 0 0 0 0 0
0 0 0 0 0 0 0 0 0 0 0 0 0 0 0 0 0 0 0 0 0 0 0 0 0 0 0 0 0 0 0 0 0 0 0 0 0 0 0 0 0 0 0 0 0 0 -140 0 0 0 0 0 0 0 0 0 0 0 0 0 0 0 0 0 0 0 0 0 0 0 0 0 0 0 0 0 0 0 0 0 0 0 0 0 0 0 0 0 0 0 0 0 0 0 0 0 0 0 0 0 0 0 0 0 0 0 0 0 0 0 0 0 0 0 0 0 0 0 0 0 0 0 0 0 0 0 0 0 0 0 0 0 0 0 0 0 0 0 0 0 0 0 0 0 0 0 0 0 0 0 0 0 0 0 0 0 0 0 0 0 0 0 0 0 0 0 0 0 0 0 0 0 0 0 0 0 0 0 0 0 0 0 0 0 0 0 0 0 0 0 0 0 0 0 0 0 0 0 0 0 0 0 0 0 0 0 0 0 0 0 0 0 0 0 0 0 0 0 0 0 0 0 0 0 0 0 0 0 0 0 0 0 0 0 0 0 0 0 0 0 0 0 0 0 0 0 0 0 0 0 0 0 0 0 0 0 0 0 0 0 0 0 0 0 0 0 0 0 0 0 0 0 0 0 0 0 0 0 0 0
0 0 0 0 0 0 0 0 0 0 0 0 0 -140 0 0 0 0 0 0 0 0 0 0 0 0 0 0 0 0 0 0 0 0 0 0 0 0 0 0 0 0 0 0 0 0 0 0 0 0 0 0 0 0 0 0 0 0 0 0 0 0 0 0 0 0 0 0 0 0 0 0 0 0 0 0 0 0 0 0 0 0 0 0 0 0 0 0 0 0 0 0 0 0 0 0 0 0 0 0 0 0 0 0 0 0 0 0 0 0 0 0 0 0 0 0 0 0 0 0 0 0 0 0 0 0 0 0 0 0 0 0 0 0 0 0 0 0 0 0 0 0 0 0 0 0 0 0 0 0 0 0 0 0 0 0 0 0 0 0 0 0 0 0 0 0 0 0 0 0 0 0 0 0 0 0 0 0 0 0 0 0 0 0 0 0 0 0 0 0 0 0 0 0 0 0 0 0 0 0 0 0 0 0 0 0 0 0 0 0 0 0 0 0 0 0 0 0 0 0 0 0 0 0 0 0 0 0 0 0 0 0 0 0 0 0 0 0 0 0 0 0 0 0 0 0 0 0 0 0 0 0 0 0 0 0 0 0 0 0 0 0 0 0 0 0 0 0 0 0 0 0 0 0 0 0 0 0 0 0
0 0 0 0 0 0 0 0 0 0 0 0 0 0 0 0 0 0 0 0 0 0 0 0 0 0 0 0 0 0 0 0 0 0 140 0 0 0 0 0 0 0 0 0 0 0 0 0 0 0 0 0 0 0 0 0 0 0 0 0 0 0 0 0 0 0 0 0 0 0 0 0 0 0 0 0 0 0 0 0 0 0 0 0 0 0 0 0 0 0 0 0 0 0 0 0 0 0 0 0 0 0 0 0 0 0 0 0 0 0 0 0 0 0 0 0 0 0 0 0 0 0 0 0 0 0 0 0 0 0 0 0 0 0 0 0 0 0 0 0 0 0 0 0 0 0 0 0 0 0 0 0 0 0 0 0 0 0 0 0 0 0 0 0 0 0 0 0 0 0 0 0 0 0 0 0 0 0 0 0 0 0 0 0 0 0 0 0 0 0 0 0 0 0 0 0 0 0 0 0 0 0 0 0 0 0 0 0 0 0 0 0 0 0 0 0 0 0 0 0 0 0 0 0 0 0 0 0 0 0 0 0 0 0 0 0 0 0 0 0 0 0 0 0 0 0 0 0 0 0 0 0 0 0 0 0 0 0 0 0 0 0 0 0 0 0 0 0 0 0 0 0 0 0 0 0 0 0 0 0
0 0 0 0 0 0 0 0 0 0 0 0 0 0 0 0 0 0 0 0 0 0 0 0 0 0 0 0 0 0 0 0 0 0 0 0 0 0 0 140 0 0 0 0 0 0 0 0 0 0 0 0 0 0 0 0 0 0 0 0 0 0 0 0 0 0 0 0 0 0 0 0 0 0 0 0 0 0 0 0 0 0 0 0 0 0 0 0 0 0 0 0 0 0 0 0 0 0 0 0 0 0 0 0 0 0 0 0 0 0 0 0 0 0 0 0 0 0 0 0 0 0 0 0 0 0 0 0 0 0 0 0 0 0 0 0 0 0 0 0 0 0 0 0 0 0 0 0 0 0 0 0 0 0 0 0 0 0 0 0 0 0 0 0 0 0 0 0 0 0 0 0 0 0 0 0 0 0 0 0 0 0 0 0 0 0 0 0 0 0 0 0 0 0 0 0 0 0 0 0 0 0 0 0 0 0 0 0 0 0 0 0 0 0 0 0 0 0 0 0 0 0 0 0 0 0 0 0 0 0 0 0 0 0 0 0 0 0 0 0 0 0 0 0 0 0 0 0 0 0 0 0 0 0 0 0 0 0 0 0 0 0 0 0 0 0 0 0 0 0 0 0 0 0 0 0 0 0 0 0
0 0 0 0 0 0 0 0 0 0 0 0 0 0 0 0 0 140 0 0 0 0 0 0 0 0 0 0 0 0 0 0 0 0 0 0 0 0 0 0 0 0 0 0 0 0 0 0 0 0 0 0 0 0 0 0 0 0 0 0 0 0 0 0 0 0 0 0 0 0 0 0 0 0 0 0 0 0 0 0 0 0 0 0 0 0 0 0 0 0 0 0 0 0 0 0 0 0 0 0 0 0 0 0 0 0 0 0 0 0 0 0 0 0 0 0 0 0 0 0 0 0 0 0 0 0 0 0 0 0 0 0 0 0 0 0 0 0 0 0 0 0 0 0 0 0 0 0 0 0 0 0 0 0 0 0 0 0 0 0 0 0 0 0 0 0 0 0 0 0 0 0 0 0 0 0 0 0 0 0 0 0 0 0 0 0 0 0 0 0 0 0 0 0 0 0 0 0 0 0 0 0 0 0 0 0 0 0 0 0 0 0 0 0 0 0 0 0 0 0 0 0 0 0 0 0 0 0 0 0 0 0 0 0 0 0 0 0 0 0 0 0 0 0 0 0 0 0 0 0 0 0 0 0 0 0 0 0 0 0 0 0 0 0 0 0 0 0 0 0 0 0 0 0 0 0 0 0 0 0
0 0 0 0 0 0 0 0 0 0 0 0 0 0 0 0 0 0 0 0 0 0 0 0 0 0 0 0 0 0 0 -140 0 0 0 0 0 0 0 0 0 0 0 0 0 0 0 0 0 0 0 0 0 0 0 0 0 0 0 0 0 0 0 0 0 0 0 0 0 0 0 0 0 0 0 0 0 0 0 0 0 0 0 0 0 0 0 0 0 0 0 0 0 0 0 0 0 0 0 0 0 0 0 0 0 0 0 0 0 0 0 0 0 0 0 0 0 0 0 0 0 0 0 0 0 0 0 0 0 0 0 0 0 0 0 0 0 0 0 0 0 0 0 0 0 0 0 0 0 0 0 0 0 0 0 0 0 0 0 0 0 0 0 0 0 0 0 0 0 0 0 0 0 0 0 0 0 0 0 0 0 0 0 0 0 0 0 0 0 0 0 0 0 0 0 0 0 0 0 0 0 0 0 0 0 0 0 0 0 0 0 0 0 0 0 0 0 0 0 0 0 0 0 0 0 0 0 0 0 0 0 0 0 0 0 0 0 0 0 0 0 0 0 0 0 0 0 0 0 0 0 0 0 0 0 0 0 0 0 0 0 0 0 0 0 0 0 0 0 0 0 0 0 0 0 0 0 0 0 0
0 0 0 0 0 0 -140 0 0 0 0 0 0 0 0 0 0 0 0 0 0 0 0 0 0 0 0 0 0 0 0 0 0 0 0 0 0 0 0 0 0 0 0 0 0 0 0 0 0 0 0 0 0 0 0 0 0 0 0 0 0 0 0 0 0 0 0 0 0 0 0 0 0 0 0 0 0 0 0 0 0 0 0 0 0 0 0 0 0 0 0 0 0 0 0 0 0 0 0 0 0 0 0 0 0 0 0 0 0 0 0 0 0 0 0 0 0 0 0 0 0 0 0 0 0 0 0 0 0 0 0 0 0 0 0 0 0 0 0 0 0 0 0 0 0 0 0 0 0 0 0 0 0 0 0 0 0 0 0 0 0 0 0 0 0 0 0 0 0 0 0 0 0 0 0 0 0 0 0 0 0 0 0 0 0 0 0 0 0 0 0 0 0 0 0 0 0 0 0 0 0 0 0 0 0 0 0 0 0 0 0 0 0 0 0 0 0 0 0 0 0 0 0 0 0 0 0 0 0 0 0 0 0 0 0 0 0 0 0 0 0 0 0 0 0 0 0 0 0 0 0 0 0 0 0 0 0 0 0 0 0 0 0 0 0 0 0 0 0 0 0 0 0 0 0 0 0 0 0 0
0 0 0 0 0 0 0 0 0 0 0 0 0 0 0 0 0 0 0 0 0 0 0 0 140 0 0 0 0 0 0 0 0 0 0 0 0 0 0 0 0 0 0 0 0 0 0 0 0 0 0 0 0 0 0 0 0 0 0 0 0 0 0 0 0 0 0 0 0 0 0 0 0 0 0 0 0 0 0 0 0 0 0 0 0 0 0 0 0 0 0 0 0 0 0 0 0 0 0 0 0 0 0 0 0 0 0 0 0 0 0 0 0 0 0 0 0 0 0 0 0 0 0 0 0 0 0 0 0 0 0 0 0 0 0 0 0 0 0 0 0 0 0 0 0 0 0 0 0 0 0 0 0 0 0 0 0 0 0 0 0 0 0 0 0 0 0 0 0 0 0 0 0 0 0 0 0 0 0 0 0 0 0 0 0 0 0 0 0 0 0 0 0 0 0 0 0 0 0 0 0 0 0 0 0 0 0 0 0 0 0 0 0 0 0 0 0 0 0 0 0 0 0 0 0 0 0 0 0 0 0 0 0 0 0 0 0 0 0 0 0 0 0 0 0 0 0 0 0 0 0 0 0 0 0 0 0 0 0 0 0 0 0 0 0 0 0 0 0 0 0 0 0 0 0 0 0 0 0 0
0 0 0 0 0 0 0 0 0 0 0 0 0 0 0 0 0 0 140 0 0 0 0 0 0 0 0 0 0 0 0 0 0 0 0 0 0 0 0 0 0 0 0 0 0 0 0 0 0 0 0 0 0 0 0 0 0 0 0 0 0 0 0 0 0 0 0 0 0 0 0 0 0 0 0 0 0 0 0 0 0 0 0 0 0 0 0 0 0 0 0 0 0 0 0 0 0 0 0 0 0 0 0 0 0 0 0 0 0 0 0 0 0 0 0 0 0 0 0 0 0 0 0 0 0 0 0 0 0 0 0 0 0 0 0 0 0 0 0 0 0 0 0 0 0 0 0 0 0 0 0 0 0 0 0 0 0 0 0 0 0 0 0 0 0 0 0 0 0 0 0 0 0 0 0 0 0 0 0 0 0 0 0 0 0 0 0 0 0 0 0 0 0 0 0 0 0 0 0 0 0 0 0 0 0 0 0 0 0 0 0 0 0 0 0 0 0 0 0 0 0 0 0 0 0 0 0 0 0 0 0 0 0 0 0 0 0 0 0 0 0 0 0 0 0 0 0 0 0 0 0 0 0 0 0 0 0 0 0 0 0 0 0 0 0 0 0 0 0 0 0 0 0 0 0 0 0 0 0 0
0 0 0 0 0 0 0 0 0 0 0 0 0 0 0 0 0 0 0 0 140 0 0 0 0 0 0 0 0 0 0 0 0 0 0 0 0 0 0 0 0 0 0 0 0 0 0 0 0 0 0 0 0 0 0 0 0 0 0 0 0 0 0 0 0 0 0 0 0 0 0 0 0 0 0 0 0 0 0 0 0 0 0 0 0 0 0 0 0 0 0 0 0 0 0 0 0 0 0 0 0 0 0 0 0 0 0 0 0 0 0 0 0 0 0 0 0 0 0 0 0 0 0 0 0 0 0 0 0 0 0 0 0 0 0 0 0 0 0 0 0 0 0 0 0 0 0 0 0 0 0 0 0 0 0 0 0 0 0 0 0 0 0 0 0 0 0 0 0 0 0 0 0 0 0 0 0 0 0 0 0 0 0 0 0 0 0 0 0 0 0 0 0 0 0 0 0 0 0 0 0 0 0 0 0 0 0 0 0 0 0 0 0 0 0 0 0 0 0 0 0 0 0 0 0 0 0 0 0 0 0 0 0 0 0 0 0 0 0 0 0 0 0 0 0 0 0 0 0 0 0 0 0 0 0 0 0 0 0 0 0 0 0 0 0 0 0 0 0 0 0 0 0 0 0 0 0 0 0 0
0 0 0 0 0 0 0 0 0 0 0 0 0 0 0 0 0 0 0 0 0 0 0 0 0 0 0 0 0 0 0 0 0 0 0 0 0 0 0 0 0 0 0 140 0 0 0 0 0 0 0 0 0 0 0 0 0 0 0 0 0 0 0 0 0 0 0 0 0 0 0 0 0 0 0 0 0 0 0 0 0 0 0 0 0 0 0 0 0 0 0 0 0 0 0 0 0 0 0 0 0 0 0 0 0 0 0 0 0 0 0 0 0 0 0 0 0 0 0 0 0 0 0 0 0 0 0 0 0 0 0 0 0 0 0 0 0 0 0 0 0 0 0 0 0 0 0 0 0 0 0 0 0 0 0 0 0 0 0 0 0 0 0 0 0 0 0 0 0 0 0 0 0 0 0 0 0 0 0 0 0 0 0 0 0 0 0 0 0 0 0 0 0 0 0 0 0 0 0 0 0 0 0 0 0 0 0 0 0 0 0 0 0 0 0 0 0 0 0 0 0 0 0 0 0 0 0 0 0 0 0 0 0 0 0 0 0 0 0 0 0 0 0 0 0 0 0 0 0 0 0 0 0 0 0 0 0 0 0 0 0 0 0 0 0 0 0 0 0 0 0 0 0 0 0 0 0 0 0 0
0 0 0 0 0 0 0 0 0 0 0 0 140 0 0 0 0 0 0 0 0 0 0 0 0 0 0 0 0 0 0 0 0 0 0 0 0 0 0 0 0 0 0 0 0 0 0 0 0 0 0 0 0 0 0 0 0 0 0 0 0 0 0 0 0 0 0 0 0 0 0 0 0 0 0 0 0 0 0 0 0 0 0 0 0 0 0 0 0 0 0 0 0 0 0 0 0 0 0 0 0 0 0 0 0 0 0 0 0 0 0 0 0 0 0 0 0 0 0 0 0 0 0 0 0 0 0 0 0 0 0 0 0 0 0 0 0 0 0 0 0 0 0 0 0 0 0 0 0 0 0 0 0 0 0 0 0 0 0 0 0 0 0 0 0 0 0 0 0 0 0 0 0 0 0 0 0 0 0 0 0 0 0 0 0 0 0 0 0 0 0 0 0 0 0 0 0 0 0 0 0 0 0 0 0 0 0 0 0 0 0 0 0 0 0 0 0 0 0 0 0 0 0 0 0 0 0 0 0 0 0 0 0 0 0 0 0 0 0 0 0 0 0 0 0 0 0 0 0 0 0 0 0 0 0 0 0 0 0 0 0 0 0 0 0 0 0 0 0 0 0 0 0 0 0 0 0 0 0 0
0 0 140 0 0 0 0 0 0 0 0 0 0 0 0 0 0 0 0 0 0 0 0 0 0 0 0 0 0 0 0 0 0 0 0 0 0 0 0 0 0 0 0 0 0 0 0 0 0 0 0 0 0 0 0 0 0 0 0 0 0 0 0 0 0 0 0 0 0 0 0 0 0 0 0 0 0 0 0 0 0 0 0 0 0 0 0 0 0 0 0 0 0 0 0 0 0 0 0 0 0 0 0 0 0 0 0 0 0 0 0 0 0 0 0 0 0 0 0 0 0 0 0 0 0 0 0 0 0 0 0 0 0 0 0 0 0 0 0 0 0 0 0 0 0 0 0 0 0 0 0 0 0 0 0 0 0 0 0 0 0 0 0 0 0 0 0 0 0 0 0 0 0 0 0 0 0 0 0 0 0 0 0 0 0 0 0 0 0 0 0 0 0 0 0 0 0 0 0 0 0 0 0 0 0 0 0 0 0 0 0 0 0 0 0 0 0 0 0 0 0 0 0 0 0 0 0 0 0 0 0 0 0 0 0 0 0 0 0 0 0 0 0 0 0 0 0 0 0 0 0 0 0 0 0 0 0 0 0 0 0 0 0 0 0 0 0 0 0 0 0 0 0 0 0 0 0 0 0 0
0 0 0 0 0 0 0 0 0 0 0 0 0 0 0 0 0 0 0 0 0 0 0 0 0 0 0 0 0 0 0 0 0 0 0 0 0 0 0 0 0 0 0 0 0 0 0 0 0 140 0 0 0 0 0 0 0 0 0 0 0 0 0 0 0 0 0 0 0 0 0 0 0 0 0 0 0 0 0 0 0 0 0 0 0 0 0 0 0 0 0 0 0 0 0 0 0 0 0 0 0 0 0 0 0 0 0 0 0 0 0 0 0 0 0 0 0 0 0 0 0 0 0 0 0 0 0 0 0 0 0 0 0 0 0 0 0 0 0 0 0 0 0 0 0 0 0 0 0 0 0 0 0 0 0 0 0 0 0 0 0 0 0 0 0 0 0 0 0 0 0 0 0 0 0 0 0 0 0 0 0 0 0 0 0 0 0 0 0 0 0 0 0 0 0 0 0 0 0 0 0 0 0 0 0 0 0 0 0 0 0 0 0 0 0 0 0 0 0 0 0 0 0 0 0 0 0 0 0 0 0 0 0 0 0 0 0 0 0 0 0 0 0 0 0 0 0 0 0 0 0 0 0 0 0 0 0 0 0 0 0 0 0 0 0 0 0 0 0 0 0 0 0 0 0 0 0 0 0 0
0 0 0 0 0 0 0 0 0 0 0 -140 0 0 0 0 0 0 0 0 0 0 0 0 0 0 0 0 0 0 0 0 0 0 0 0 0 0 0 0 0 0 0 0 0 0 0 0 0 0 0 0 0 0 0 0 0 0 0 0 0 0 0 0 0 0 0 0 0 0 0 0 0 0 0 0 0 0 0 0 0 0 0 0 0 0 0 0 0 0 0 0 0 0 0 0 0 0 0 0 0 0 0 0 0 0 0 0 0 0 0 0 0 0 0 0 0 0 0 0 0 0 0 0 0 0 0 0 0 0 0 0 0 0 0 0 0 0 0 0 0 0 0 0 0 0 0 0 0 0 0 0 0 0 0 0 0 0 0 0 0 0 0 0 0 0 0 0 0 0 0 0 0 0 0 0 0 0 0 0 0 0 0 0 0 0 0 0 0 0 0 0 0 0 0 0 0 0 0 0 0 0 0 0 0 0 0 0 0 0 0 0 0 0 0 0 0 0 0 0 0 0 0 0 0 0 0 0 0 0 0 0 0 0 0 0 0 0 0 0 0 0 0 0 0 0 0 0 0 0 0 0 0 0 0 0 0 0 0 0 0 0 0 0 0 0 0 0 0 0 0 0 0 0 0 0 0 0 0 0
0 0 0 0 0 0 0 0 0 0 0 0 0 0 0 0 0 0 0 0 0 0 0 0 0 0 0 0 0 0 0 0 0 0 0 0 0 0 0 0 0 0 -140 0 0 0 0 0 0 0 0 0 0 0 0 0 0 0 0 0 0 0 0 0 0 0 0 0 0 0 0 0 0 0 0 0 0 0 0 0 0 0 0 0 0 0 0 0 0 0 0 0 0 0 0 0 0 0 0 0 0 0 0 0 0 0 0 0 0 0 0 0 0 0 0 0 0 0 0 0 0 0 0 0 0 0 0 0 0 0 0 0 0 0 0 0 0 0 0 0 0 0 0 0 0 0 0 0 0 0 0 0 0 0 0 0 0 0 0 0 0 0 0 0 0 0 0 0 0 0 0 0 0 0 0 0 0 0 0 0 0 0 0 0 0 0 0 0 0 0 0 0 0 0 0 0 0 0 0 0 0 0 0 0 0 0 0 0 0 0 0 0 0 0 0 0 0 0 0 0 0 0 0 0 0 0 0 0 0 0 0 0 0 0 0 0 0 0 0 0 0 0 0 0 0 0 0 0 0 0 0 0 0 0 0 0 0 0 0 0 0 0 0 0 0 0 0 0 0 0 0 0 0 0 0 0 0 0 0 0
0 0 0 0 0 0 0 0 0 0 140 0 0 0 0 0 0 0 0 0 0 0 0 0 0 0 0 0 0 0 0 0 0 0 0 0 0 0 0 0 0 0 0 0 0 0 0 0 0 0 0 0 0 0 0 0 0 0 0 0 0 0 0 0 0 0 0 0 0 0 0 0 0 0 0 0 0 0 0 0 0 0 0 0 0 0 0 0 0 0 0 0 0 0 0 0 0 0 0 0 0 0 0 0 0 0 0 0 0 0 0 0 0 0 0 0 0 0 0 0 0 0 0 0 0 0 0 0 0 0 0 0 0 0 0 0 0 0 0 0 0 0 0 0 0 0 0 0 0 0 0 0 0 0 0 0 0 0 0 0 0 0 0 0 0 0 0 0 0 0 0 0 0 0 0 0 0 0 0 0 0 0 0 0 0 0 0 0 0 0 0 0 0 0 0 0 0 0 0 0 0 0 0 0 0 0 0 0 0 0 0 0 0 0 0 0 0 0 0 0 0 0 0 0 0 0 0 0 0 0 0 0 0 0 0 0 0 0 0 0 0 0 0 0 0 0 0 0 0 0 0 0 0 0 0 0 0 0 0 0 0 0 0 0 0 0 0 0 0 0 0 0 0 0 0 0 0 0 0 0
0 0 0 0 0 0 0 0 0 0 0 0 0 0 0 0 0 0 0 0 0 0 0 0 0 0 0 0 140 0 0 0 0 0 0 0 0 0 0 0 0 0 0 0 0 0 0 0 0 0 0 0 0 0 0 0 0 0 0 0 0 0 0 0 0 0 0 0 0 0 0 0 0 0 0 0 0 0 0 0 0 0 0 0 0 0 0 0 0 0 0 0 0 0 0 0 0 0 0 0 0 0 0 0 0 0 0 0 0 0 0 0 0 0 0 0 0 0 0 0 0 0 0 0 0 0 0 0 0 0 0 0 0 0 0 0 0 0 0 0 0 0 0 0 0 0 0 0 0 0 0 0 0 0 0 0 0 0 0 0 0 0 0 0 0 0 0 0 0 0 0 0 0 0 0 0 0 0 0 0 0 0 0 0 0 0 0 0 0 0 0 0 0 0 0 0 0 0 0 0 0 0 0 0 0 0 0 0 0 0 0 0 0 0 0 0 0 0 0 0 0 0 0 0 0 0 0 0 0 0 0 0 0 0 0 0 0 0 0 0 0 0 0 0 0 0 0 0 0 0 0 0 0 0 0 0 0 0 0 0 0 0 0 0 0 0 0 0 0 0 0 0 0 0 0 0 0 0 0 0
0 0 0 0 0 0 0 0 0 0 0 0 0 0 0 0 0 0 0 0 0 0 0 0 0 0 0 0 0 -140 0 0 0 0 0 0 0 0 0 0 0 0 0 0 0 0 0 0 0 0 0 0 0 0 0 0 0 0 0 0 0 0 0 0 0 0 0 0 0 0 0 0 0 0 0 0 0 0 0 0 0 0 0 0 0 0 0 0 0 0 0 0 0 0 0 0 0 0 0 0 0 0 0 0 0 0 0 0 0 0 0 0 0 0 0 0 0 0 0 0 0 0 0 0 0 0 0 0 0 0 0 0 0 0 0 0 0 0 0 0 0 0 0 0 0 0 0 0 0 0 0 0 0 0 0 0 0 0 0 0 0 0 0 0 0 0 0 0 0 0 0 0 0 0 0 0 0 0 0 0 0 0 0 0 0 0 0 0 0 0 0 0 0 0 0 0 0 0 0 0 0 0 0 0 0 0 0 0 0 0 0 0 0 0 0 0 0 0 0 0 0 0 0 0 0 0 0 0 0 0 0 0 0 0 0 0 0 0 0 0 0 0 0 0 0 0 0 0 0 0 0 0 0 0 0 0 0 0 0 0 0 0 0 0 0 0 0 0 0 0 0 0 0 0 0 0 0 0 0 0
0 0 0 0 0 0 0 0 0 0 0 0 0 0 0 0 0 0 0 0 0 0 0 0 0 0 0 0 0 0 0 0 -140 0 0 0 0 0 0 0 0 0 0 0 0 0 0 0 0 0 0 0 0 0 0 0 0 0 0 0 0 0 0 0 0 0 0 0 0 0 0 0 0 0 0 0 0 0 0 0 0 0 0 0 0 0 0 0 0 0 0 0 0 0 0 0 0 0 0 0 0 0 0 0 0 0 0 0 0 0 0 0 0 0 0 0 0 0 0 0 0 0 0 0 0 0 0 0 0 0 0 0 0 0 0 0 0 0 0 0 0 0 0 0 0 0 0 0 0 0 0 0 0 0 0 0 0 0 0 0 0 0 0 0 0 0 0 0 0 0 0 0 0 0 0 0 0 0 0 0 0 0 0 0 0 0 0 0 0 0 0 0 0 0 0 0 0 0 0 0 0 0 0 0 0 0 0 0 0 0 0 0 0 0 0 0 0 0 0 0 0 0 0 0 0 0 0 0 0 0 0 0 0 0 0 0 0 0 0 0 0 0 0 0 0 0 0 0 0 0 0 0 0 0 0 0 0 0 0 0 0 0 0 0 0 0 0 0 0 0 0 0 0 0 0 0 0 0 0 0
0 0 0 0 0 0 0 0 0 0 0 0 0 0 0 0 0 0 0 0 0 0 0 0 0 0 0 0 0 0 0 0 0 0 0 0 0 0 0 0 0 140 0 0 0 0 0 0 0 0 0 0 0 0 0 0 0 0 0 0 0 0 0 0 0 0 0 0 0 0 0 0 0 0 0 0 0 0 0 0 0 0 0 0 0 0 0 0 0 0 0 0 0 0 0 0 0 0 0 0 0 0 0 0 0 0 0 0 0 0 0 0 0 0 0 0 0 0 0 0 0 0 0 0 0 0 0 0 0 0 0 0 0 0 0 0 0 0 0 0 0 0 0 0 0 0 0 0 0 0 0 0 0 0 0 0 0 0 0 0 0 0 0 0 0 0 0 0 0 0 0 0 0 0 0 0 0 0 0 0 0 0 0 0 0 0 0 0 0 0 0 0 0 0 0 0 0 0 0 0 0 0 0 0 0 0 0 0 0 0 0 0 0 0 0 0 0 0 0 0 0 0 0 0 0 0 0 0 0 0 0 0 0 0 0 0 0 0 0 0 0 0 0 0 0 0 0 0 0 0 0 0 0 0 0 0 0 0 0 0 0 0 0 0 0 0 0 0 0 0 0 0 0 0 0 0 0 0 0 0
0 0 0 0 0 0 0 0 0 0 0 0 0 0 0 0 0 0 0 0 0 0 0 -140 0 0 0 0 0 0 0 0 0 0 0 0 0 0 0 0 0 0 0 0 0 0 0 0 0 0 0 0 0 0 0 0 0 0 0 0 0 0 0 0 0 0 0 0 0 0 0 0 0 0 0 0 0 0 0 0 0 0 0 0 0 0 0 0 0 0 0 0 0 0 0 0 0 0 0 0 0 0 0 0 0 0 0 0 0 0 0 0 0 0 0 0 0 0 0 0 0 0 0 0 0 0 0 0 0 0 0 0 0 0 0 0 0 0 0 0 0 0 0 0 0 0 0 0 0 0 0 0 0 0 0 0 0 0 0 0 0 0 0 0 0 0 0 0 0 0 0 0 0 0 0 0 0 0 0 0 0 0 0 0 0 0 0 0 0 0 0 0 0 0 0 0 0 0 0 0 0 0 0 0 0 0 0 0 0 0 0 0 0 0 0 0 0 0 0 0 0 0 0 0 0 0 0 0 0 0 0 0 0 0 0 0 0 0 0 0 0 0 0 0 0 0 0 0 0 0 0 0 0 0 0 0 0 0 0 0 0 0 0 0 0 0 0 0 0 0 0 0 0 0 0 0 0 0 0 0
0 0 0 -140 0 0 0 0 0 0 0 0 0 0 0 0 0 0 0 0 0 0 0 0 0 0 0 0 0 0 0 0 0 0 0 0 0 0 0 0 0 0 0 0 0 0 0 0 0 0 0 0 0 0 0 0 0 0 0 0 0 0 0 0 0 0 0 0 0 0 0 0 0 0 0 0 0 0 0 0 0 0 0 0 0 0 0 0 0 0 0 0 0 0 0 0 0 0 0 0 0 0 0 0 0 0 0 0 0 0 0 0 0 0 0 0 0 0 0 0 0 0 0 0 0 0 0 0 0 0 0 0 0 0 0 0 0 0 0 0 0 0 0 0 0 0 0 0 0 0 0 0 0 0 0 0 0 0 0 0 0 0 0 0 0 0 0 0 0 0 0 0 0 0 0 0 0 0 0 0 0 0 0 0 0 0 0 0 0 0 0 0 0 0 0 0 0 0 0 0 0 0 0 0 0 0 0 0 0 0 0 0 0 0 0 0 0 0 0 0 0 0 0 0 0 0 0 0 0 0 0 0 0 0 0 0 0 0 0 0 0 0 0 0 0 0 0 0 0 0 0 0 0 0 0 0 0 0 0 0 0 0 0 0 0 0 0 0 0 0 0 0 0 0 0 0 0 0 0 0
0 0 0 0 0 0 0 0 0 0 0 0 0 0 0 0 0 0 0 0 0 0 0 0 0 0 0 0 0 0 0 0 0 -140 0 0 0 0 0 0 0 0 0 0 0 0 0 0 0 0 0 0 0 0 0 0 0 0 0 0 0 0 0 0 0 0 0 0 0 0 0 0 0 0 0 0 0 0 0 0 0 0 0 0 0 0 0 0 0 0 0 0 0 0 0 0 0 0 0 0 0 0 0 0 0 0 0 0 0 0 0 0 0 0 0 0 0 0 0 0 0 0 0 0 0 0 0 0 0 0 0 0 0 0 0 0 0 0 0 0 0 0 0 0 0 0 0 0 0 0 0 0 0 0 0 0 0 0 0 0 0 0 0 0 0 0 0 0 0 0 0 0 0 0 0 0 0 0 0 0 0 0 0 0 0 0 0 0 0 0 0 0 0 0 0 0 0 0 0 0 0 0 0 0 0 0 0 0 0 0 0 0 0 0 0 0 0 0 0 0 0 0 0 0 0 0 0 0 0 0 0 0 0 0 0 0 0 0 0 0 0 0 0 0 0 0 0 0 0 0 0 0 0 0 0 0 0 0 0 0 0 0 0 0 0 0 0 0 0 0 0 0 0 0 0 0 0 0 0 0
0 0 0 0 0 0 0 0 0 0 0 0 0 0 0 0 0 0 0 0 0 0 0 0 0 0 0 0 0 0 0 0 0 0 0 0 0 0 140 0 0 0 0 0 0 0 0 0 0 0 0 0 0 0 0 0 0 0 0 0 0 0 0 0 0 0 0 0 0 0 0 0 0 0 0 0 0 0 0 0 0 0 0 0 0 0 0 0 0 0 0 0 0 0 0 0 0 0 0 0 0 0 0 0 0 0 0 0 0 0 0 0 0 0 0 0 0 0 0 0 0 0 0 0 0 0 0 0 0 0 0 0 0 0 0 0 0 0 0 0 0 0 0 0 0 0 0 0 0 0 0 0 0 0 0 0 0 0 0 0 0 0 0 0 0 0 0 0 0 0 0 0 0 0 0 0 0 0 0 0 0 0 0 0 0 0 0 0 0 0 0 0 0 0 0 0 0 0 0 0 0 0 0 0 0 0 0 0 0 0 0 0 0 0 0 0 0 0 0 0 0 0 0 0 0 0 0 0 0 0 0 0 0 0 0 0 0 0 0 0 0 0 0 0 0 0 0 0 0 0 0 0 0 0 0 0 0 0 0 0 0 0 0 0 0 0 0 0 0 0 0 0 0 0 0 0 0 0 0 0
0 0 0 0 0 0 0 0 0 0 0 0 0 0 0 0 0 0 0 0 0 0 0 0 0 0 0 0 0 0 0 0 0 0 0 0 0 0 0 0 0 0 0 0 0 0 0 0 0 0 0 0 140 0 0 0 0 0 0 0 0 0 0 0 0 0 0 0 0 0 0 0 0 0 0 0 0 0 0 0 0 0 0 0 0 0 0 0 0 0 0 0 0 0 0 0 0 0 0 0 0 0 0 0 0 0 0 0 0 0 0 0 0 0 0 0 0 0 0 0 0 0 0 0 0 0 0 0 0 0 0 0 0 0 0 0 0 0 0 0 0 0 0 0 0 0 0 0 0 0 0 0 0 0 0 0 0 0 0 0 0 0 0 0 0 0 0 0 0 0 0 0 0 0 0 0 0 0 0 0 0 0 0 0 0 0 0 0 0 0 0 0 0 0 0 0 0 0 0 0 0 0 0 0 0 0 0 0 0 0 0 0 0 0 0 0 0 0 0 0 0 0 0 0 0 0 0 0 0 0 0 0 0 0 0 0 0 0 0 0 0 0 0 0 0 0 0 0 0 0 0 0 0 0 0 0 0 0 0 0 0 0 0 0 0 0 0 0 0 0 0 0 0 0 0 0 0 0 0 0
-24 42 36 -38 18 0 -20 -4 -3 -15 47 45 21 63 -31 -2 -20 59 30 28 36 -36 8 -60 -24 10 8 30 15 -56 6 -50 30 30 43 -4 25 -32 -30 37 -7 -5 -43 19 4 -9 -59 -17 -43 -18 60 -11 -51 3 -10 -1 11 -16 2 17 1 -12 -2 3 3 17 -5 -1 9 3 -11 -10 -1 15 -13 -3 15 -3 -4 4 7 -3 -16 -8 -3 10 -5 -6 -11 -1 -13 -8 -5 -4 -2 -1 2 -3 16 -1 5 -5 1 1 6 4 12 -10 -8 3 -4 -7 -2 10 -5 16 8 -7 -10 6 0 -7 -10 -6 -1 -5 12 -6 9 6 2 9 -1 -9 -6 -6 0 3 1 -1 3 -1 22 12 11 -25 -1 -21 -3 1 -2 3 -2 -13 1 9 -25 7 13 5 -10 14 -3 8 -18 -17 -2 -1 6 -2 10 -13 -17 1 1 -5 5 -12 1 5 24 -5 14 -5 -16 5 -4 7 2 -11 2 6 9 6 2 -6 -4 -1 -9 12 3 -10 1 14 -8 9 15 -9 8 -21 17 -7 12 -4 -2 10 7 0 13 1 -10 12 -4 -13 1 -4 -14 4 21 -3 8 6 -3 -3 3 1 4 0 0 0 0 3 0 0 -11 17 0 0 0 0 -8 -11 0 0 0 0 0 0 -9 -4 0 0 -8 0 0 0 0 -5 0 0 0 0 0 0 0 0 0 0 -2 0
14 -59 -38 -21 -17 28 63 15 4 43 3 68 5 10 68 46 -51 15 -17 68 -6 4 13 -66 54 12 14 -5 7 32 4 -40 -8 -36 32 5 -18 9 28 58 64 -66 -33 18 -9 -8 9 -56 25 45 -59 12 -69 7 7 9 -1 14 9 -3 13 3 -3 -4 -4 -23 -4 6 7 7 2 0 10 -15 -1 1 -3 4 2 6 -8 -11 13 -16 -8 2 15 1 1 -10 -6 -5 2 7 4 -3 -10 -1 -7 0 4 6 7 7 5 -3 -7 -1 3 -9 -13 11 17 -10 6 -25 13 -16 2 -1 -8 -6 8 11 7 -14 -7 -6 -8 7 3 -7 -10 -7 5 8 11 -25 8 -2 -4 -12 3 11 -9 24 2 2 -5 8 -7 3 -21 13 4 12 22 9 -8 -14 2 -14 21 6 -11 17 4 -12 -5 -12 -12 9 23 3 -5 -5 -4 2 -6 -10 -2 19 -20 -21 6 13 5 0 -13 1 -13 -7 -10 6 16 -15 9 -3 13 1 9 2 -8 -4 8 -17 -12 -1 21 18 -6 11 -3 -11 -19 5 -12 0 -19 1 10 -9 -1 6 -5 11 21 0 -12 -12 -4 -1 -1 -5 -3 -21 -10 0 0 0 0 -14 0 0 7 -16 0 0 0 0 3 13 0 0 0 0 0 0 -4 -2 0 0 5 0 0 0 0 -1 0 0 0 0 0 0 0 0 5 0 -5 0
-2 31 0 56 -6 22 -50 14 8 26 52 58 -64 -26 59 12 57 -8 6 -49 68 -64 -15 67 -54 21 -10 6 -43 37 1 17 19 -11 54 -4 -26 61 -11 -14 41 16 -6 -45 5 7 -11 64 57 53 -47 -10 -52 1 -8 10 10 3 6 -6 4 -1 15 -1 -2 -7 17 -4 20 -7 -6 9 1 -16 5 8 -12 -1 10 1 -18 11 7 -5 12 -2 6 6 -18 7 4 -7 -14 23 -15 14 -2 -20 12 11 -7 8 -7 -12 -3 5 -10 17 -2 -3 -7 6 8 -6 12 -7 -8 8 13 -9 7 -10 3 9 -4 11 -2 2 15 -4 -3 -6 -15 11 12 -3 -1 -12 6 -4 2 8 6 4 -14 21 -8 7 5 -6 0 -7 13 18 3 -2 8 -26 -3 5 4 -20 2 -11 11 0 0 -7 -6 -8 7 -1 3 13 10 7 -12 -11 -8 -9 -18 12 1 0 5 4 7 -13 0 18 -6 -15 10 -6 -6 -14 -3 -20 2 -2 -4 -2 -19 -22 15 -6 -12 -5 -4 -5 5 16 -18 7 -8 3 -4 0 -14 3 6 1 0 -2 -18 11 -10 -5 -16 -10 -7 1 -4 6 -4 -16 -5 0 0 0 0 -22 0 0 -5 -5 0 0 0 0 2 -3 0 0 0 0 0 0 9 -4 0 0 2 0 0 0 0 16 0 0 0 0 0 0 0 0 2 0 -5 0
5 23 -38 42 -11 -11 -50 2 18 54 51 -48 -43 23 4 22 22 -23 -66 1 51 -29 -59 58 33 -20 7 -10 -1 29 -2 -9 -6 18 58 17 21 14 -37 52 45 -65 65 -18 -16 -23 38 27 -66 -47 -17 13 39 -4 -2 6 -4 0 -1 -18 10 16 0 -3 -10 -2 4 15 -4 0 5 12 -4 5 13 9 7 12 12 7 -4 -8 15 7 -7 20 19 1 5 9 9 6 18 -7 5 -20 -3 -2 7 -6 -8 -16 -3 15 7 16 -5 -15 4 -11 12 -11 -3 5 -22 -30 13 -12 18 -1 -7 8 -13 -3 7 -7 -8 3 -7 -7 12 -2 -5 -19 -3 -1 -2 -8 -8 8 7 -15 13 -22 -9 20 10 10 1 11 -13 8 -3 21 -5 0 12 6 -8 0 -9 -11 11 13 4 18 9 1 4 7 -4 21 5 1 -22 7 -11 0 2 1 -7 6 -22 -16 13 10 -4 5 -10 3 -1 -9 5 10 17 3 -6 9 -14 -2 -3 -4 10 0 6 -14 2 -1 17 19 -11 -6 -9 -1 0 13 -8 0 -11 4 11 -12 -1 6 -5 -11 25 -6 -1 4 2 -6 -5 0 -2 -19 -7 0 0 0 0 -5 0 0 7 -14 0 0 0 0 -1 24 0 0 0 0 -5 0 -16 9 0 0 2 0 0 0 0 -7 0 0 0 0 0 0 0 0 -8 0 6 0
-22 -5 64 -70 2 -9 66 -15 -10 27 9 -33 -50 12 27 53 5 24 45 66 29 -62 51 -35 -47 -3 7 1 41 -41 4 40 48 8 -28 6 2 65 -29 -70 11 26 54 -43 0 4 -26 4 55 -34 53 -12 -28 9 4 -9 -5 -5 -4 14 -2 8 -16 9 4 6 -13 -2 -13 9 12 -2 19 15 0 -12 -7 14 -4 2 9 -19 6 14 9 -8 -3 6 -5 -9 -7 1 5 -2 18 6 1 -2 -14 4 -1 -11 16 4 -19 -25 -10 -17 -8 19 -9 -2 -13 0 27 12 -6 0 -18 -12 4 -10 8 8 3 -14 -1 0 -7 2 2 5 3 9 7 18 16 5 -9 3 1 -12 -3 7 -6 -4 11 -6 4 -8 8 -3 -2 -14 2 1 3 10 8 -7 -5 11 12 5 -11 -8 1 9 -3 9 -15 1 -6 -27 5 4 14 12 1 -2 10 -8 2 -5 -8 -14 -17 16 -17 -5 2 15 -8 -2 -5 -2 5 14 -5 3 2 3 2 17 -14 18 24 15 5 8 -3 -21 19 3 -5 -13 2 0 8 -2 -24 10 -7 -4 24 7 -1 -10 3 11 13 15 3 7 2 6 2 -1 0 0 9 7 0 -1 15 -1 0 0 0 0 2 6 0 0 0 2 15 0 7 7 0 0 14 0 0 0 0 -2 0 0 0 -2 0 0 0 0 6 0 -20 0
-12 -34 -56 19 26 -39 59 -10 -13 37 25 28 -19 11 69 70 -38 -36 11 -18 3 27 -25 51 -7 -8 16 -23 -30 11 -1 39 -24 42 62 22 -7 -5 55 9 -61 -37 -39 -15 -4 0 -38 30 -13 55 64 0 55 -4 -17 -2 -5 -7 8 -12 -13 -5 -1 -6 -3 -2 -1 11 -1 9 10 -16 -9 13 -19 0 2 -14 -15 7 16 2 4 0 1 -2 4 -4 9 0 8 7 19 -19 -14 -26 16 4 2 3 -4 -25 5 -3 -2 0 2 -5 8 0 14 -13 2 26 -15 0 -3 -8 3 7 -5 12 -24 13 -8 -8 14 4 -6 -20 0 -1 1 -11 -1 -1 13 12 -1 -2 -11 -10 -1 -13 6 -18 7 -4 7 10 5 15 1 -3 3 -8 -10 8 -1 4 -4 14 -3 6 -16 2 12 15 2 0 -16 16 -5 -18 9 4 -8 -3 4 5 4 -5 -3 0 -4 -11 -3 13 8 10 -6 -6 7 -1 4 13 7 -1 -9 -7 3 7 17 -7 1 -5 -3 -8 -6 6 5 -5 -2 0 3 -4 -4 0 22 -11 -9 -10 -6 13 -3 -1 5 0 11 5 -7 -10 -13 18 -1 0 8 -1 0 0 13 0 0 0 -18 -4 0 0 0 0 3 -9 0 0 0 6 5 0 -7 7 0 0 4 0 0 0 0 -5 0 0 0 -5 0 0 0 0 -5 0 -3 0
6 -29 -64 11 5 10 -34 -26 8 28 -69 10 -23 -9 52 65 -47 -23 -63 67 -24 4 14 16 46 -27 11 13 69 -44 6 -7 39 22 46 13 25 41 7 52 -33 65 -42 11 0 4 -26 28 -56 -16 58 -17 64 -9 -4 -5 14 -6 -9 15 5 7 -11 16 -1 18 10 7 -3 -10 9 10 -8 22 8 3 8 6 -2 -14 4 -4 2 1 1 21 14 -3 -10 21 -5 12 2 -6 20 -3 2 -8 14 -9 -9 -24 1 27 3 -3 -2 -31 11 6 3 -13 -35 4 -13 -2 25 5 -9 -7 10 -9 -8 -9 14 -11 12 10 -3 7 -2 7 1 5 0 -19 -17 -1 -28 -5 -9 -1 4 -1 0 -11 6 -9 -5 -12 -12 -7 7 1 -24 2 -7 5 18 6 -1 16 0 14 -4 -9 5 6 5 8 11 1 -28 3 -6 1 16 -14 4 -8 17 -24 2 -10 -6 9 -10 26 -11 -7 -6 4 -2 20 13 1 8 14 -17 -10 8 -16 12 20 -14 7 28 -2 10 2 -7 -13 12 4 4 -13 -21 0 6 22 -5 15 -5 -12 14 -8 2 -22 12 15 9 -2 1 -1 -3 3 1 0 0 0 10 1 0 0 24 -5 0 0 0 0 -5 1 0 0 0 -2 1 0 -9 14 0 0 2 0 0 0 0 -10 0 0 0 2 0 0 0 0 -10 0 -6 0
-10 -43 53 -34 12 7 53 11 -13 48 -50 -32 -63 -50 -31 -51 -46 -16 -45 -43 16 -9 -36 10 8 8 4 -7 -36 -12 -7 -13 -51 54 43 -19 19 -70 2 35 -34 -65 12 -25 -5 -13 56 -25 49 58 27 1 5 -7 14 12 -7 6 -5 -10 3 -8 -2 -6 28 4 -2 -19 0 11 11 -5 -9 2 -3 -14 -17 -1 -10 -6 -8 -9 -7 -3 -9 -15 -5 11 1 -12 14 -12 -14 6 18 7 -13 8 -18 -13 12 22 11 3 -3 -2 14 6 -17 18 -16 22 2 12 -3 -12 -2 4 -12 2 -2 -6 23 -3 -13 -1 -4 0 -4 0 9 11 2 1 -1 26 -9 -2 10 11 2 -16 -21 -1 3 -9 -4 0 -1 10 14 -3 -8 -7 24 0 14 5 -5 -6 -5 3 11 -3 2 10 2 -20 -1 -13 10 -20 12 -1 4 -10 3 17 -7 2 0 5 -11 -23 -7 -6 4 4 -5 -8 7 12 -19 -19 5 -12 1 13 6 11 1 9 -17 13 3 1 -2 0 4 -10 -2 1 7 -15 -1 -5 4 0 -1 -20 -6 -5 9 7 -12 3 -1 4 -14 -6 -5 15 3 -15 13 8 -8 2 0 0 -12 12 0 -2 -12 -5 0 0 0 0 19 -2 0 0 0 4 2 0 9 -19 0 0 12 0 0 0 0 2 0 0 0 7 0 0 0 0 15 0 -3 0
20 -4 28 12 -16 -9 31 -5 -11 57 32 52 -64 -50 70 30 2 -20 24 42 -64 3 -21 31 62 -14 -18 4 -67 43 -20 55 -2 28 -55 -21 28 32 -49 65 -38 -28 -58 -13 2 4 -58 35 51 27 -26 0 49 -6 15 -9 -2 10 -14 13 4 1 2 -3 34 9 -7 -23 8 1 -2 -5 -11 2 18 -6 -10 -9 4 -11 -3 10 4 7 -3 -5 -22 6 6 5 6 -1 -21 8 14 16 -3 16 -19 -17 8 12 -9 23 -1 -5 -8 15 1 22 -6 15 -25 19 4 9 -1 24 -13 -8 16 -8 30 -10 -3 -9 -1 9 9 0 -6 13 8 18 -6 -4 -24 6 -5 1 -5 -1 -33 0 17 -8 13 1 -15 -7 6 -19 1 -9 -4 -12 -7 -3 14 -12 5 8 2 5 10 -1 -3 -1 14 0 0 -19 -8 -3 15 -5 13 17 -23 -15 -18 -18 10 7 0 5 -1 8 -6 7 22 17 -19 -4 5 -2 3 9 7 -6 16 -2 10 -3 -9 7 13 10 -10 10 -11 9 23 6 1 -23 -2 0 -2 -15 11 -4 -2 2 0 -7 -3 0 -4 13 9 1 9 -16 2 26 -5 -1 0 0 -8 11 0 -2 12 -1 0 0 0 0 1 -18 0 0 0 5 -4 0 9 -11 0 0 10 0 0 0 0 3 0 0 0 -5 0 0 0 0 3 0 -1 0
31 -30 8 -15 -13 3 54 16 -12 65 15 15 26 4 34 12 2 42 -25 -45 -56 55 -10 -1 -55 6 10 -5 21 21 2 -34 -49 -1 -19 -11 -24 -45 56 -17 48 -37 26 -27 -7 15 -46 5 -67 -59 -57 28 -33 0 5 11 2 17 15 -11 -1 -7 -2 3 -8 -30 -5 8 -29 2 -3 1 6 -7 -11 -5 19 -7 -9 0 13 -9 -11 -13 -21 -6 -2 -12 23 -7 -28 -1 8 -20 -2 -7 2 17 0 8 21 6 2 2 5 -25 10 -7 26 -27 3 0 22 -23 5 -1 16 -13 -14 21 -23 12 -3 -2 3 -8 16 -10 -12 18 -16 -6 3 -21 -3 -7 -2 -7 6 -33 -24 0 -1 28 10 1 -3 -22 -18 0 -23 -9 -21 0 10 13 -8 27 5 -15 16 4 -5 -2 -28 0 -3 -10 6 1 -31 12 18 -13 -1 -16 7 3 2 -4 28 15 7 2 5 4 12 11 5 -16 -20 -7 -13 -4 12 0 22 -9 0 -4 5 15 -1 -1 -8 -12 -11 6 -14 13 4 2 9 -16 9 -5 10 0 -6 7 3 2 -6 21 10 6 8 3 -9 -1 -8 -26 -14 2 13 6 7 -1 0 0 10 3 0 5 -6 -8 0 0 0 0 -5 -6 0 0 0 -2 2 0 -13 -12 0 0 -1 0 0 0 0 -13 0 0 0 -1 0 0 0 0 9 0 5 0
-11 -24 -37 -21 16 5 4 -8 -23 19 48 69 -30 -66 -30 27 -33 51 69 60 -33 -11 -5 18 -15 1 -3 -4 12 -69 -11 49 -15 -10 24 -28 2 -29 57 32 13 -57 -68 -35 -9 -1 15 -25 38 34 -10 -9 59 14 10 -11 -14 -9 -12 -11 -18 -6 11 9 7 10 -10 -9 2 -10 -16 -21 -10 4 -1 -13 -11 -10 2 -10 14 9 -3 -4 -6 -6 -19 -4 10 -9 11 11 -10 -2 -4 -10 9 8 -15 0 6 11 5 -9 11 19 8 23 10 -3 2 9 15 18 -25 16 -18 1 12 -8 -3 2 7 -15 -19 3 17 -5 4 -13 3 -11 14 -8 -14 5 8 17 16 16 0 -3 3 -10 16 -23 -4 16 -4 19 25 17 1 -13 9 -20 -26 -12 -3 -2 -5 2 -6 -8 5 12 5 17 1 -10 3 3 -5 5 -13 -12 -12 9 3 2 -4 -4 5 9 -3 -22 3 -19 18 -5 21 0 -7 -3 1 10 -5 0 25 1 1 -9 -5 3 -13 5 -8 -1 0 -1 1 -1 2 -6 8 0 -7 0 17 -28 1 -13 9 4 -7 -13 3 3 22 -2 -6 -2 9 -7 6 12 -3 0 0 0 -19 7 0 -2 -33 11 0 0 0 0 -1 -18 0 0 0 3 -12 0 5 -7 0 0 1 0 0 0 0 1 0 0 0 2 0 0 0 0 9 0 7 0
-28 -60 -46 -10 -6 -12 -48 9 21 -23 -52 35 -26 -34 55 45 34 -7 -1 42 -54 64 -37 -69 11 18 10 7 -49 -13 14 44 26 -36 8 12 4 -51 46 -41 51 4 25 -35 6 9 -54 46 -63 -5 69 13 53 9 -18 7 10 1 28 -5 10 7 -2 -3 -25 3 5 17 -13 9 -4 3 27 -15 14 12 2 13 6 25 -12 -4 -2 13 5 0 -1 12 -9 -6 -14 -19 9 -2 -12 19 -7 -8 23 21 -7 5 -10 -12 -10 -6 12 -7 -3 -22 0 -11 18 -11 29 -17 -6 -9 9 16 1 -12 -10 5 14 9 -13 -8 2 -7 -12 -13 -17 7 15 6 6 -21 16 -5 14 -5 8 16 -19 27 12 9 -1 -9 -26 -9 4 14 3 10 4 -4 2 -7 0 -10 -8 -12 4 3 1 -18 9 -4 -8 12 16 -10 1 12 -10 -5 7 5 -10 15 2 5 7 -7 -9 -1 11 25 -12 4 6 1 -34 -12 -16 -10 -29 20 -15 0 -15 -27 14 -8 11 16 -16 6 21 -1 -8 7 -7 16 20 0 -18 10 -6 3 2 -11 4 11 -6 -8 -17 -2 4 0 6 9 -11 -21 -2 0 0 0 10 -5 0 2 -6 -2 0 0 0 0 1 22 0 0 0 -6 6 0 0 -1 0 0 -22 0 0 0 0 -8 0 0 0 -7 0 0 0 0 -8 0 -1 0
2 20 2 57 -10 9 19 12 -8 -36 4 53 33 -1 -15 -56 -43 24 7 -48 33 -62 11 -18 59 16 -20 -1 17 -20 -28 -17 8 -50 -9 -10 12 -4 -25 -31 -12 -19 9 -20 -7 7 3 -59 2 -57 12 -6 -59 14 12 -3 0 -3 -23 -18 22 0 21 -9 22 2 7 -15 8 -13 -13 10 -15 -6 25 -8 -22 17 17 -7 -8 -5 3 7 -6 -16 -13 12 -15 -14 23 -10 -21 19 -11 15 1 -12 -23 -11 9 20 -4 -14 -1 8 -3 29 -11 6 -15 8 19 21 -13 7 -23 16 19 -31 18 0 16 -11 -5 15 -8 6 7 14 5 2 3 -17 -1 15 -8 15 6 7 6 -4 -7 -29 -3 8 -4 27 -4 7 7 2 14 14 1 -10 5 -6 -5 -11 -4 -14 -6 0 23 6 4 11 14 -18 3 0 8 -1 -6 -6 -17 -5 -13 -4 -31 21 13 6 22 5 9 -19 10 16 9 0 0 -8 -9 1 -8 -7 0 -5 -14 11 -22 -3 6 -5 -22 17 -2 0 -12 15 -12 1 -2 3 -8 0 -8 -22 16 -11 9 15 -6 -18 5 15 -11 -7 -3 4 4 -13 17 5 -13 -2 0 0 -22 -10 0 -2 -14 -4 0 0 0 0 8 4 0 0 0 0 -6 0 7 -3 0 0 20 0 0 0 0 26 0 0 0 4 0 0 0 0 10 0 -3 0
12 -30 49 -49 6 -25 -28 4 -7 -20 -20 -16 -50 29 41 60 -62 -34 -30 12 -34 -25 -23 69 -2 -8 -19 26 -19 -19 -19 44 56 48 -17 -27 31 52 43 -28 1 8 -33 16 -7 -12 -60 -67 -48 -68 45 -6 -69 -12 -7 11 2 -28 -19 -3 -4 -9 27 4 17 8 8 -7 0 -22 -35 9 -15 1 -3 7 15 21 6 4 -3 -3 -4 20 -20 11 -17 2 2 14 0 -6 -10 -8 -23 -8 -1 -16 4 -1 19 0 -5 -9 -3 6 2 23 1 1 -1 -9 10 6 -7 15 -7 18 19 -14 9 19 -6 -9 -18 14 -4 8 15 17 -13 9 -13 -14 -1 -26 -20 23 4 -4 -8 6 7 -14 7 0 -8 -6 2 -6 -2 -4 27 4 6 7 -14 -5 -6 5 -10 -12 -7 7 6 -26 -18 8 16 9 6 -3 -5 0 -10 -6 -2 -7 -11 4 -10 8 25 -3 6 14 11 -4 12 -4 21 3 17 -22 6 11 2 0 -15 -7 -15 8 -20 2 0 2 12 10 -10 -19 4 -8 -1 -5 14 8 18 0 -2 -7 12 0 -6 7 -8 -20 -14 23 2 -6 13 2 -6 -5 22 6 1 -2 0 0 -6 -3 0 2 -33 16 0 0 0 0 -19 -24 0 0 0 -2 -5 0 -3 -17 0 0 14 0 0 0 0 -7 0 0 0 -2 0 0 0 0 15 0 16 0
-15 -23 60 54 -1 35 -50 -6 1 -7 -20 21 66 20 -52 -9 44 25 60 26 68 51 -69 -7 -70 -4 14 27 -23 5 1 24 58 -17 7 23 10 -62 -51 -7 47 -41 13 -58 -18 27 -59 -43 37 -45 -31 -8 -16 23 3 1 23 0 -2 9 7 1 -3 -11 -3 9 13 6 -10 4 3 2 13 13 17 -27 -5 20 20 -8 7 -15 -13 -7 -9 0 19 5 -17 -7 -6 -7 -2 17 19 8 -6 10 7 7 1 -15 18 6 3 -5 15 -17 -5 3 -10 -1 -12 -2 -9 6 23 -13 -15 -11 -2 -7 1 -3 16 -8 10 -2 -11 12 22 14 13 -20 1 15 1 0 -1 -10 7 -6 15 3 -1 -17 -11 -13 -1 -6 1 5 2 8 -17 -1 8 21 14 3 -12 10 -6 5 -14 4 16 1 18 -7 9 8 -14 -4 -8 -4 6 -1 10 17 14 -5 21 -8 6 2 -11 13 -13 -3 -17 6 -9 14 22 -12 -9 8 -6 4 4 -14 2 21 -7 18 14 -11 20 -3 13 0 1 -3 -17 -4 -17 0 9 5 -11 14 7 1 28 -1 8 -11 8 2 1 2 -2 -3 8 0 -4 2 0 0 8 -7 0 -1 20 -9 0 0 0 0 0 3 0 0 0 4 0 0 -17 11 0 0 3 0 0 0 0 19 0 0 0 3 0 0 0 0 -8 0 -10 0
-24 -67 24 27 5 16 2 -4 11 -55 -44 41 -13 7 26 3 -44 25 -53 46 -37 -16 40 2 -53 -1 21 40 49 65 8 58 35 24 3 1 30 -65 68 15 37 1 -64 -12 -18 12 -13 16 -65 -6 26 -4 -19 -8 -10 -4 9 -16 1 -8 6 -12 6 14 -2 17 17 11 -26 -6 -15 12 10 5 21 -2 -6 38 7 -1 1 -22 -14 21 -13 8 9 6 -15 -10 -2 -10 -3 -7 15 8 1 -9 7 6 2 -18 -10 -5 -5 3 25 -13 -5 -13 -5 -14 3 -14 -17 8 8 3 1 -20 -5 -3 -13 -30 11 21 2 2 -13 10 11 6 2 -16 -1 -12 -30 -5 -15 -13 4 -2 30 -7 1 -11 -15 -2 7 -13 -12 0 23 13 -13 3 -1 6 22 1 -14 0 -12 -11 -1 5 3 -9 32 5 8 17 -5 -8 -23 -5 4 -5 5 16 11 -4 18 -14 8 -14 -18 -5 -5 2 -2 20 -10 3 5 0 -14 22 -33 7 -19 -8 -31 11 -8 11 31 19 -6 -8 13 -3 2 -25 21 18 15 0 -6 4 -6 23 2 3 18 1 1 -10 5 11 14 8 2 -9 14 8 -9 3 0 0 -1 7 0 1 -14 2 0 0 0 0 3 13 0 0 0 0 -6 0 -6 1 0 0 0 0 0 0 0 -3 0 0 0 4 0 0 0 0 0 0 -5 0
55 -22 22 -49 -13 -29 -32 -13 -6 -19 -1 43 -17 50 -28 -2 70 49 3 55 50 -16 70 61 48 -18 -14 -13 62 -7 11 38 16 52 -36 2 -35 56 -14 1 -53 -40 -7 -11 3 14 -18 -46 -40 -45 0 -4 -9 -11 10 -2 1 8 -7 14 -13 17 -4 -8 2 -23 -5 4 -1 -16 5 -4 -3 -8 -8 -5 10 6 -2 7 13 11 26 4 -3 -5 -15 -3 16 6 -6 18 12 -7 -5 -7 14 15 -23 9 2 -23 14 8 -25 -17 -10 11 10 7 13 -1 -5 3 15 4 0 6 10 7 16 10 4 19 14 8 -22 3 16 5 -15 -9 -2 8 -15 -11 -4 16 -1 -6 -27 12 -33 -17 3 13 2 7 -3 -3 -2 -16 4 1 -2 8 11 7 -6 -2 13 5 4 2 9 -36 -13 24 -14 13 -8 8 -2 -2 4 5 10 9 6 -9 -8 1 -3 26 2 10 12 12 3 -13 8 0 6 -6 7 17 21 -11 10 -23 -12 9 16 3 -13 -12 -12 -4 -17 2 -13 -7 15 15 0 -18 -6 0 0 12 0 -17 -10 2 17 -17 -8 2 -10 5 -4 -15 3 1 -3 11 4 -3 0 0 1 -5 0 5 17 -13 0 0 0 0 -8 -16 0 0 0 1 8 0 -1 3 0 0 15 0 0 0 0 -4 0 0 0 -4 0 0 0 0 1 0 -9 0
-2 16 -46 58 -21 0 -20 3 -1 -23 28 39 -26 10 51 -23 -19 31 45 -15 59 51 0 66 -43 11 -4 23 18 -23 7 -54 45 57 60 -17 -13 -28 8 19 18 -41 -28 56 -9 -7 -68 -47 30 61 -14 3 -48 13 6 5 -2 -1 8 10 -16 1 1 21 9 -12 -16 -7 -3 -8 -8 -15 10 -19 -12 -10 3 27 11 9 18 -6 9 9 -9 -16 -7 -13 14 -15 -20 18 7 2 9 -5 5 11 -8 25 3 -13 8 3 -11 -8 -21 7 13 -17 5 -2 20 -13 28 10 -12 -6 9 -3 -16 9 12 -5 -3 11 -8 -12 6 -5 9 -2 7 -1 -15 -9 2 0 12 -9 -1 -10 11 5 9 6 8 -11 17 8 0 -5 1 -2 22 -3 -6 -10 -4 0 8 -3 19 -10 -18 -13 3 11 -1 12 -31 28 5 -18 -7 5 11 21 -6 -4 14 3 7 12 -3 -17 -8 -12 5 -11 5 -3 -13 -1 13 0 10 -1 15 0 -6 -1 -9 -8 -9 7 18 12 -9 0 16 -5 17 -13 -8 7 8 0 16 -7 -16 -9 -19 0 11 10 5 -13 10 5 7 2 -14 17 -4 9 5 -2 0 0 -5 16 0 3 -12 -11 0 0 0 0 -14 -4 0 0 0 7 0 0 8 -6 0 0 17 0 0 0 0 -7 0 0 0 -2 0 0 0 0 25 0 -1 0
20 -14 -25 -60 -13 13 -7 -16 -11 55 -11 51 -45 -30 29 -26 32 50 39 11 51 -35 -3 30 33 -1 2 -26 50 -53 10 -13 32 7 19 -9 -19 3 2 -21 57 31 -22 31 -2 31 68 -49 -63 0 -44 1 -61 10 31 -6 -14 9 -14 -5 -7 7 -5 -1 -10 -1 -1 4 -34 -7 -5 3 10 -14 8 -20 -6 5 1 -22 5 -3 -5 -5 6 -7 -18 19 -2 3 -5 5 6 -14 0 -8 -13 2 -16 -3 10 15 6 -15 0 -13 11 6 14 -10 -20 9 8 -22 -9 7 3 -5 3 0 -9 5 3 -6 14 -9 2 -4 -22 9 -6 -26 16 -2 -7 3 5 2 4 -4 -24 9 -30 11 11 -12 -8 31 -4 -4 -3 8 -5 -5 -9 -4 -4 8 4 -9 18 1 -14 2 18 13 10 4 2 -4 -2 16 -1 -2 -6 -20 -3 7 17 2 -3 -2 -5 11 1 -15 10 8 4 -8 12 10 -24 -3 -29 17 2 7 18 4 6 -7 -6 6 -14 -8 -18 15 1 5 -16 -1 -4 -11 10 -3 -5 0 -4 -11 -2 4 10 10 15 -4 5 -8 -12 2 -4 -19 24 -15 9 11 7 2 0 0 -12 8 0 -2 3 9 0 0 0 0 5 -2 0 0 0 -2 -5 0 3 1 0 0 -8 0 0 0 0 -3 0 0 0 6 0 0 0 0 -1 0 4 0
12 48 -43 52 -13 -16 7 3 21 29 -7 39 -36 60 -26 -36 -38 -63 55 36 -52 -1 1 21 -1 3 -11 2 -65 -68 5 53 -57 -39 40 -3 -1 14 23 -38 22 -14 -59 0 -6 14 41 -9 69 65 59 31 -61 -10 -2 -12 3 -3 7 -12 7 9 2 -11 -11 -12 -1 -2 -21 -8 -22 10 9 -10 15 20 6 16 6 21 -15 5 5 16 -14 -1 -14 6 12 -8 -5 -6 6 -10 -18 -1 9 8 -11 -10 0 14 -20 -17 -10 8 30 16 -1 -17 3 -15 15 -29 19 8 -6 3 13 -5 13 10 1 -6 19 25 -24 9 7 16 -14 -28 2 -9 8 -15 -10 -4 15 -9 -5 25 -11 -13 -14 23 -14 18 -11 -1 -1 -12 16 25 -12 11 6 -1 6 -7 6 -16 -17 -22 9 6 -22 -5 8 25 -1 16 12 7 -10 -1 -12 -1 -3 9 -17 11 -3 28 22 8 0 -16 6 18 9 5 10 1 -15 19 -7 -3 -14 -9 -42 20 -21 -13 10 -17 -18 10 -20 -3 6 8 -7 0 21 22 27 0 -29 9 20 -6 5 14 -1 -18 -4 33 -12 7 -11 -9 9 -14 0 0 -14 1 0 0 -1 -3 0 6 -10 -12 0 0 0 0 5 3 0 0 0 -6 -7 0 -3 -16 0 0 -11 0 0 0 0 1 0 0 0 -8 0 0 0 0 -4 0 9 0
23 5 -19 -22 5 -3 -57 3 13 58 -21 -51 54 11 -39 16 8 69 12 -44 37 -61 -68 -40 -7 -36 5 -18 22 8 11 -37 -11 12 8 0 -3 14 57 7 -39 32 -21 -14 12 -9 -69 0 12 -67 -67 5 -58 -23 -1 -24 -4 0 2 -16 4 7 -9 1 -16 6 7 5 -7 -3 19 12 -31 27 12 2 -9 -9 -14 0 3 1 10 6 -5 -6 4 -17 5 -10 12 9 10 -7 14 7 12 4 -14 -23 -16 6 -4 12 7 42 17 -17 4 6 24 -2 -4 2 -29 -19 -3 -2 -1 1 8 10 2 -24 9 20 -5 12 -4 4 3 -3 17 -4 -12 0 -29 -7 -16 8 -3 0 -14 -34 1 -10 -21 24 -18 6 -1 -6 -2 6 -11 1 14 9 12 5 2 20 -20 -18 18 21 8 2 -2 13 14 2 0 -2 -21 0 9 1 3 7 12 -9 -18 1 7 -17 -10 -11 10 -4 7 6 4 2 -6 7 3 21 -16 -5 -27 10 -1 15 1 -14 -8 -12 -15 9 -27 -8 1 -7 32 2 2 0 -14 8 5 -7 16 19 -6 -10 11 -5 3 11 -14 -5 11 -26 4 11 -9 4 0 0 0 10 0 5 2 -14 0 0 0 0 26 22 0 0 0 -7 -10 0 -3 1 0 0 -3 0 0 0 0 -9 0 0 0 6 0 0 0 0 -1 0 5 0
-1 -30 -12 62 10 7 -27 6 10 -66 -51 -29 11 31 -10 11 35 -22 -59 49 39 -33 45 4 -62 -8 8 4 4 -27 32 -32 3 -42 -48 -3 -46 62 57 67 -24 46 12 -59 12 15 -39 66 16 18 9 -9 54 14 -5 11 -2 -12 13 19 -28 16 -1 -6 -37 -1 8 12 -1 -9 -18 6 10 -10 -4 -2 5 -2 0 8 -14 3 13 -11 3 15 4 -2 -12 20 -31 -19 7 2 -19 -2 -3 -17 18 23 1 -6 16 -3 -12 2 3 -6 6 3 11 1 0 -28 30 -2 11 -14 14 3 13 7 -1 32 -5 -9 -14 -4 7 4 -10 -20 -22 25 4 -6 25 -15 22 11 -5 0 1 8 -8 10 -21 14 -8 -16 -1 12 -3 7 0 14 3 -6 -7 9 3 -16 -4 -9 9 -9 -7 2 -11 5 4 10 0 -4 8 3 5 16 19 5 -6 0 -8 -5 -6 -4 4 9 5 -7 7 -13 10 -1 -16 -7 4 -11 1 16 -1 -1 -17 -5 11 -2 -3 -20 7 -9 6 -14 -22 2 -14 -3 1 -1 -20 10 0 0 3 -13 2 12 -19 4 6 -5 6 -2 9 -9 -2 -29 12 2 0 0 19 -21 0 5 11 10 0 0 0 0 -5 -5 0 0 0 -10 8 0 -1 -1 0 0 -11 0 0 0 0 -8 0 0 0 -5 0 0 0 0 1 0 3 0
-6 -63 -49 -36 -3 -21 -46 19 14 -61 57 29 -26 -29 50 -57 15 8 -32 58 10 -68 64 35 -65 15 -7 5 -52 18 9 12 -66 33 -35 6 -15 55 28 65 -18 39 -42 -7 3 -20 62 -35 -29 2 8 3 -38 -14 -9 -1 -5 -8 11 -1 13 -3 14 -11 11 -9 13 4 19 -3 9 9 -1 6 -15 -5 -12 15 -12 23 -6 -6 13 13 18 -6 -13 11 -20 -10 10 -5 4 -3 -18 -4 -3 -17 2 4 2 -21 5 -12 -11 5 -6 21 -21 12 -10 7 10 -2 13 2 -14 0 5 -11 -5 -10 -4 6 11 21 -14 0 10 0 2 13 -23 -10 1 -4 -1 -2 -12 -12 -12 -11 18 -2 -6 0 1 4 28 -2 5 -9 13 11 24 18 28 -4 12 -7 -8 -1 7 -5 3 -17 -2 -3 -7 15 -7 9 12 -10 13 7 -15 -4 -7 2 2 16 -9 -8 3 -6 -18 -5 -9 2 3 16 18 -33 -4 1 11 -10 -17 11 -26 12 -19 -13 7 -13 -1 2 -11 2 -4 1 4 3 5 8 33 0 -19 -6 -19 -2 -21 11 -15 12 -11 14 -25 0 3 6 -22 9 5 -14 -12 1 0 0 0 -11 0 -1 -26 0 0 0 0 0 11 4 0 0 0 7 10 0 3 -10 0 0 25 0 0 0 0 4 0 0 0 1 0 0 0 0 13 0 -13 0
22 55 32 -57 -27 -13 -51 18 8 -1 8 -12 -12 -49 68 33 -55 65 -3 59 16 68 -58 -40 16 -18 -12 -14 -60 68 -13 -18 -30 -39 -32 7 -1 21 -19 -68 -48 4 61 -54 -4 2 -41 -68 43 -43 59 27 33 -1 -12 -18 -19 -2 -18 -7 16 4 5 -20 -12 -15 -10 8 -21 2 -3 33 -2 5 16 5 -1 6 -9 17 2 -15 -10 12 -11 -9 4 -11 -8 -11 -15 -11 13 -8 -16 6 -4 9 -8 -24 8 19 -3 -13 17 9 -10 -4 -11 2 20 0 7 -26 2 22 -9 -5 -17 -5 -1 29 -5 -9 -5 14 -12 -2 -11 31 -9 24 -5 -8 1 12 3 11 -18 -4 16 7 14 -11 7 3 -10 1 9 -7 6 4 -11 -13 2 12 18 28 -6 -2 -8 3 -24 -8 -1 4 -17 2 13 11 -13 -11 26 3 -18 -5 5 2 9 24 -5 10 3 8 13 1 -9 -17 3 -13 4 8 11 -14 -3 21 2 2 -3 -10 -13 27 0 20 2 2 -20 17 -6 3 -31 -2 -5 -12 28 5 30 0 -11 13 7 -1 5 12 17 -3 4 38 -7 13 3 9 -3 -18 29 1 -5 3 0 0 3 -4 0 2 11 15 0 0 0 0 5 16 0 0 0 -10 3 0 -2 2 0 0 -1 0 0 0 0 -5 0 0 0 1 0 0 0 0 4 0 9 0
7 -68 2 -8 15 0 35 11 11 -44 57 1 11 -13 9 11 -32 -59 -6 69 -60 -30 -17 17 -27 3 -14 14 48 66 -2 0 56 6 -45 9 -13 31 27 6 22 -8 -12 26 2 19 19 9 11 -46 67 -4 -61 11 -5 -15 1 -19 1 4 7 -15 17 -1 -8 19 16 12 -1 2 -19 -1 8 -8 1 -7 -4 8 2 8 10 -1 -16 18 7 -16 -20 10 -4 -12 6 -4 -1 8 -15 21 -3 -11 16 6 -2 7 -5 -21 15 -1 0 20 0 9 -4 -2 20 -7 -11 25 -6 8 6 -18 -14 -4 -5 -6 5 17 4 -2 -12 2 -9 18 -8 4 7 -3 -1 6 -10 -18 7 11 24 6 8 -8 -6 -1 1 -10 12 11 21 -8 -7 1 14 -4 6 10 3 -7 -19 -1 11 -24 -9 3 14 8 18 3 4 -12 -4 -5 -13 -15 9 21 3 5 32 3 0 -11 -5 -26 18 5 -6 15 2 -26 -12 0 -11 10 -6 11 -4 1 0 -1 2 17 5 9 -7 9 6 1 -11 12 -8 -5 17 0 -13 2 10 17 1 10 11 13 -4 9 -6 -12 7 -2 -3 1 16 -7 14 -2 0 0 4 0 0 -4 -17 27 0 0 0 0 -9 -9 0 0 0 1 -4 0 -6 7 0 0 -8 0 0 0 0 4 0 0 0 -2 0 0 0 0 -4 0 2 0
-17 -46 41 -11 7 0 26 12 -6 -45 23 -29 -45 12 -20 -38 43 19 -57 -20 -51 68 34 -62 50 7 -2 -4 56 28 -5 -42 53 -18 -66 9 -11 -15 -32 60 33 7 45 -21 -1 28 70 22 -25 47 -7 11 2 -9 2 -15 -2 11 20 -9 -20 -4 2 -17 -12 -10 0 -15 -11 7 7 9 11 4 -3 -1 -20 -7 11 -1 -5 19 -5 0 10 -17 3 -18 10 -18 13 -7 -1 4 -7 15 5 22 -7 6 3 -3 1 -17 -15 -7 25 9 -17 -3 -3 7 -8 -18 13 13 -16 7 -26 18 -1 0 0 16 0 26 -14 0 0 -10 9 -14 15 6 5 -5 0 4 15 9 9 19 -5 -7 -4 -13 -17 2 8 -10 11 -4 7 9 1 -7 6 -2 -11 -1 3 0 -20 -31 5 25 -5 -5 -10 7 11 6 8 -1 17 5 -11 17 -4 19 -12 -5 9 23 8 -33 -7 -11 -12 15 -10 -3 8 3 -14 -11 -9 -11 1 10 -21 2 -2 -11 12 7 -6 -16 -22 2 14 6 -15 1 16 7 8 0 -15 -2 -13 -4 21 6 -5 6 -10 16 3 10 -17 -1 1 1 -16 16 -9 4 0 0 7 3 0 4 5 -2 0 0 0 0 18 11 0 0 0 -1 5 0 20 -6 0 0 -11 0 0 0 0 28 0 0 0 3 0 0 0 0 -7 0 1 0
-8 42 6 69 11 6 2 -27 0 68 34 42 -57 -54 -45 9 -56 -20 -52 -69 -13 51 -29 -68 -35 -17 -3 1 -31 3 8 44 -30 -19 34 16 0 -1 -66 -55 -22 -58 -44 -33 -5 -2 -69 -40 1 51 28 -9 -67 13 2 -7 -7 -10 -14 24 14 -4 -10 -3 23 10 -3 10 8 11 -11 -9 15 19 -3 -7 9 4 -14 15 8 0 -4 6 8 9 7 20 -6 13 -9 12 9 -4 0 -20 -8 -4 -9 -19 -3 -15 11 7 19 -1 -3 1 -2 20 -6 4 -22 1 -9 23 19 -9 -17 -16 -4 -20 0 -1 10 -24 21 9 -13 2 -6 9 -6 -8 9 9 16 3 -13 4 -15 2 16 13 11 -16 16 -13 -7 7 23 4 -10 -10 -5 0 -3 14 26 -9 -17 14 22 18 -28 -7 4 8 -1 14 -7 -5 -18 17 7 -10 -5 -9 11 -5 9 -13 -15 -5 -9 33 -20 24 -22 4 2 2 3 4 31 9 7 14 13 -11 17 -8 21 22 -31 8 19 -4 37 13 4 -2 26 12 -5 -21 -18 0 11 5 -2 13 -19 -7 18 -3 4 6 13 0 10 3 -3 5 -3 -17 -18 -2 0 0 1 -14 0 -5 21 -5 0 0 0 0 -17 -17 0 0 0 9 2 0 -14 4 0 0 -2 0 0 0 0 -8 0 0 0 -2 0 0 0 0 -4 0 -7 0
-35 -68 -37 -33 24 9 44 -22 -9 -43 2 -37 -30 -63 21 34 51 -3 11 -30 15 23 66 -4 -18 3 -9 3 -70 67 -2 35 24 -55 -15 -4 -1 -25 -20 14 -42 -14 43 -5 11 -1 69 -47 -39 19 48 -20 43 15 -14 -2 0 -20 -2 26 3 -12 5 29 9 18 9 4 3 -14 -15 -6 0 4 -13 5 8 5 -10 -1 -4 6 -5 7 4 -9 2 -5 -13 15 -14 -1 -2 -1 -5 -9 -3 -19 -3 3 -5 2 9 -9 3 -6 -15 -1 7 -10 -7 5 2 -6 19 10 -9 2 -1 -11 16 -1 -3 -4 -17 -20 17 21 1 8 -16 -13 2 15 4 -7 11 0 10 -2 -10 -5 1 8 -3 -18 8 -4 -1 -5 10 4 10 -6 3 -14 -23 -9 7 3 -3 -4 9 5 -20 1 8 11 2 6 -5 1 -12 -2 5 2 21 -10 -1 -13 11 -19 -11 5 -11 9 -2 18 22 4 1 -5 -6 16 -18 2 3 20 0 -6 11 -5 -17 6 -6 4 26 1 8 -11 15 -11 6 -7 0 8 -22 0 25 10 -16 19 -12 -12 3 12 0 -9 26 -10 10 18 7 11 -11 7 11 2 0 0 7 11 0 -2 -7 4 0 0 0 0 -6 -8 0 0 0 1 3 0 15 1 0 0 -7 0 0 0 0 -12 0 0 0 0 0 0 0 0 12 0 6 0
27 24 45 -66 -22 2 -44 -4 29 33 18 -10 -19 -66 18 17 -4 14 -14 49 -65 60 57 69 45 1 -9 -15 -12 62 6 -56 -37 -38 26 17 10 -28 20 -40 51 -24 65 -61 8 24 46 -52 -22 -46 -30 5 -63 -12 -3 -5 11 14 -3 -15 17 13 -8 1 10 -11 12 -7 -9 3 17 30 -17 -8 13 7 0 10 3 -3 10 3 -3 11 0 -11 12 12 -5 0 3 11 6 14 21 15 21 2 -4 3 -16 9 -32 20 -7 -9 -8 -14 -2 1 15 -12 -18 -18 10 15 9 8 14 -16 8 12 13 -3 15 34 -15 1 3 20 12 13 19 20 3 0 -22 -4 -36 -22 14 18 -12 -21 -8 16 -3 -10 12 -5 -11 -9 13 13 -10 1 13 -7 8 29 24 -5 -7 -9 11 -19 -4 -5 2 13 7 -2 -10 11 -2 8 12 -6 6 13 8 4 8 21 0 12 8 -20 -1 -4 -17 -12 -9 11 1 18 -2 3 -11 -32 -12 30 -2 9 -7 0 -22 6 -19 -20 -11 17 -5 7 16 -6 -2 0 -9 28 16 5 2 2 9 0 -10 -7 -21 7 -3 -7 -6 7 15 6 -1 -2 0 0 -4 4 0 4 37 -19 0 0 0 0 10 -3 0 0 0 -3 -4 0 -3 17 0 0 14 0 0 0 0 19 0 0 0 0 0 0 0 0 -8 0 3 0
29 33 -43 -69 3 4 -43 8 -11 58 -59 53 44 11 -10 9 -22 -37 -3 -59 -3 57 34 -9 -66 1 -3 1 24 34 31 -4 -17 31 48 -14 -55 -46 32 47 -42 56 0 -56 15 21 28 30 59 -29 -21 -11 -67 -9 -19 -12 18 0 23 13 -1 -4 20 1 -3 -23 26 18 15 -10 -1 -3 2 -10 -18 -1 3 -8 -16 15 8 14 4 5 0 4 10 4 0 3 -8 -1 -6 -9 -22 10 13 -7 -4 24 -11 -6 -6 6 -2 3 -3 32 13 -1 11 7 14 -29 21 13 1 1 2 -6 2 -16 -8 13 1 0 5 -2 11 4 -24 -13 -12 3 15 -19 6 -15 -6 -27 -34 20 15 19 -2 4 -4 -10 -8 -23 12 -8 7 2 -3 13 0 -9 17 -3 1 3 0 -8 -17 -17 -18 4 -9 21 -4 1 8 1 7 -1 -12 -11 1 -4 14 8 -5 4 -11 8 -3 -10 -4 -1 -14 -3 4 -22 16 2 14 -2 15 -23 -7 19 -16 -7 -16 -14 -3 -11 -13 11 6 10 6 4 15 -5 14 0 -22 14 -3 12 -13 15 -12 24 -15 1 -16 -14 3 -7 -3 3 3 -6 -9 0 0 0 12 -24 0 1 -2 5 0 0 0 0 -9 -28 0 0 0 4 -2 0 1 -9 0 0 -3 0 0 0 0 -1 0 0 0 -8 0 0 0 0 -2 0 6 0
-12 48 36 -53 -6 5 67 21 16 21 -6 44 65 -20 37 -32 -6 -57 -63 -42 -2 -27 -8 5 32 17 -4 20 47 -46 7 3 -21 -3 -52 0 -7 22 27 62 -65 -18 -37 -24 2 -21 57 23 -53 -62 -10 16 54 -7 -8 26 2 -8 3 24 -2 -21 8 -21 20 -12 4 -4 11 15 -9 -11 1 -3 -20 -16 11 -2 6 17 -7 7 -14 -14 -9 -12 2 3 0 17 -10 -13 10 12 -5 -23 -24 19 0 -2 16 9 20 -13 23 13 12 14 -7 -5 1 21 -1 -3 6 -14 12 -27 -10 36 -18 18 8 -2 -4 -4 1 6 8 -1 5 23 -2 -12 -17 5 -5 -7 16 -21 -11 -5 -7 10 25 -21 -15 -22 17 16 8 -8 -11 -4 36 16 9 18 -4 13 0 3 10 2 -32 -1 25 -19 10 4 7 -19 5 21 1 -8 23 12 -10 21 14 12 -14 1 -9 34 12 8 0 -9 12 4 0 -8 12 9 5 2 10 17 5 -8 2 7 13 -2 -1 -33 16 -35 15 9 7 -16 2 14 13 0 12 -6 -6 -4 -8 5 -1 7 -8 13 3 -15 -9 0 -1 1 3 10 0 6 0 0 -7 6 0 2 -14 -9 0 0 0 0 0 -26 0 0 0 10 -3 0 -5 -31 0 0 3 0 0 0 0 -9 0 0 0 0 0 0 0 0 20 0 1 0
-3 -4 -36 -43 -2 -1 4 -6 13 -58 -16 22 33 14 56 32 -33 -26 -16 56 -23 -38 -67 54 33 -15 4 18 67 47 2 -46 -70 9 -18 -17 29 -68 -52 25 49 -42 -20 -53 -8 -20 5 -45 56 -36 63 5 -37 -9 -4 17 6 -18 -14 0 2 4 1 1 14 15 4 -7 11 -11 -5 -3 -10 8 14 1 3 7 -6 -3 -16 9 16 1 2 18 -6 6 -1 31 -3 9 -7 -13 -4 -9 -18 -1 9 -13 -4 -11 11 10 14 24 19 1 6 4 1 6 -6 16 -15 -24 15 9 5 13 8 -4 0 -16 11 -5 1 8 21 -4 -9 -16 -13 -3 -5 -19 -15 1 3 6 -18 -2 -15 0 1 0 0 19 -8 9 -11 -21 6 4 16 15 -9 -4 7 -9 -6 8 2 7 11 6 11 -4 -3 -8 9 -3 -7 20 -1 -2 4 2 -17 -15 -21 0 -7 1 3 16 0 23 5 8 34 8 6 10 -11 3 11 -11 -7 1 -13 -30 -2 -16 1 -14 8 -3 9 -14 -2 9 3 0 17 2 9 -1 -7 -19 -1 -10 -14 -8 -14 -26 -13 -4 -5 4 -6 2 13 -15 -4 -12 -6 6 0 0 -9 5 0 -1 -5 -8 0 0 0 0 -1 -10 0 0 0 4 -1 0 -4 -33 0 0 0 0 0 0 0 -17 0 0 0 -1 0 0 0 0 14 0 1 0
11 -3 10 -34 -11 28 -34 -18 3 47 45 26 9 62 69 -67 50 -30 24 68 -64 18 45 31 -34 17 22 10 41 -65 18 30 5 3 -40 5 -5 10 -37 60 -29 -49 53 -23 -13 16 -52 41 -59 43 46 -8 -26 11 -1 -5 1 16 6 17 -12 3 -12 -1 -19 -10 -5 23 5 -5 -2 -25 13 -10 4 -7 13 -28 -4 0 13 12 5 -25 -5 13 -7 -14 -1 5 -19 -4 -12 1 15 1 13 21 1 23 -10 -9 -4 15 10 -8 -3 -8 2 -20 3 8 5 -7 -8 14 18 -14 3 5 11 -10 -8 4 15 -19 10 -11 11 11 3 -17 15 14 -23 10 6 -20 1 -15 -4 1 8 6 0 6 -5 -3 0 6 2 8 -12 -5 -9 11 -23 13 5 3 -5 -1 4 2 -3 -2 2 6 -6 -20 12 -8 -9 26 -6 2 20 -3 16 -5 10 -13 -9 18 -15 4 10 -12 4 -21 10 7 -18 34 -4 -1 1 -18 32 -25 21 -26 1 5 -24 -12 -29 -11 13 -21 6 21 7 -12 -7 10 -17 -1 7 8 8 5 1 -28 5 8 1 -10 16 -10 -5 2 21 -24 -11 -3 5 5 0 0 -12 -3 0 -4 18 8 0 0 0 0 -6 -15 0 0 0 7 -7 0 -9 7 0 0 -16 0 0 0 0 -3 0 0 0 -3 0 0 0 0 -9 0 -16 0
20 20 -36 -36 13 10 -40 -9 -15 14 -34 -8 -62 22 -48 -36 15 -31 -43 3 36 -63 -50 44 18 17 -5 -18 -63 54 4 7 48 67 1 2 -5 -17 -45 66 -31 1 -14 -52 -3 37 -23 70 10 58 -43 -21 -66 -7 -1 10 -8 11 -1 -9 -5 -13 -2 10 10 13 12 -8 -7 -9 -1 -6 3 -13 6 4 -12 -4 -4 3 6 27 -1 4 3 -22 -26 0 -6 -8 2 5 -8 -1 -8 15 1 -11 1 6 -2 0 -11 -9 -19 -21 -5 12 15 -15 -6 13 0 -1 -9 22 -6 19 1 9 11 -8 -4 1 1 27 13 -1 2 -8 -23 -12 1 33 -2 1 -30 9 5 -1 -20 11 -7 -12 3 0 -2 4 5 -3 1 -19 18 3 20 -19 -27 -16 0 6 14 2 -8 -22 12 -18 2 5 2 -16 11 19 -9 14 17 1 5 -15 7 -7 -16 -6 11 20 -18 -24 11 -4 12 16 -13 -10 -8 4 -20 -14 14 -17 4 -17 -2 -12 -22 -4 -21 -2 -3 10 -27 -26 12 18 14 -5 0 -15 -31 1 9 0 -10 0 0 -14 6 8 -17 -25 -3 4 -11 -12 11 7 0 2 3 -1 0 0 -17 4 0 -3 -10 -7 0 0 0 0 0 -20 0 0 0 3 0 0 18 0 0 0 2 0 0 0 0 7 0 0 0 5 0 0 0 0 6 0 -12 0
-8 -54 49 17 -6 28 23 -23 -31 63 36 -63 56 -46 68 51 -10 47 -49 3 64 22 -59 0 65 -13 -2 -5 1 -69 -10 66 21 -57 26 -15 -27 -44 -23 -14 -38 3 42 36 11 35 -15 31 -39 -22 -9 -8 16 -15 9 -20 -2 19 -4 -17 -17 -10 -6 24 -3 -15 3 6 -19 -5 -10 19 11 -17 19 17 -12 3 0 -25 -2 3 -11 14 6 7 19 8 9 1 1 12 -9 -4 6 24 15 -17 -20 6 -2 7 -24 -14 -15 -6 13 11 18 -2 -6 -6 -20 -35 0 18 -13 23 -6 -12 -3 0 14 -15 -18 23 18 -1 -9 5 -13 -11 18 11 25 -14 5 7 -15 7 0 32 4 23 -11 17 -12 -2 -7 -22 -12 -8 12 -10 -31 -24 -10 -20 3 -8 11 -11 -10 -18 4 21 -11 -5 -5 1 0 -17 -11 21 -12 -7 6 4 0 5 -7 -1 25 10 15 0 5 -22 -14 14 -5 -10 -3 4 0 20 -8 5 -2 -26 -9 6 -13 4 -16 20 10 20 -22 22 -12 8 0 3 35 -13 -1 1 -2 21 2 20 22 -4 17 2 -17 -15 -8 4 6 -5 20 5 -7 32 -23 -2 0 0 4 -8 0 3 17 -9 0 0 0 0 -10 -8 0 0 0 -14 -5 0 22 15 0 0 -2 0 0 0 0 9 0 0 0 -2 0 0 0 0 -6 0 13 0
-22 -22 -36 12 -3 -6 17 6 8 -44 48 5 -34 -48 39 -2 -14 59 2 40 40 -58 0 3 -24 28 -9 -2 -9 -31 21 54 -36 -33 -60 7 -30 57 -38 64 32 -42 -33 -22 6 -15 -7 22 -38 8 -29 -2 7 -5 -8 10 7 -2 16 0 11 8 1 9 -8 -17 14 4 6 -14 13 6 11 22 -16 -1 6 3 1 14 1 -4 10 -2 32 1 4 4 -2 14 1 0 6 2 -2 -6 -5 -20 4 17 -7 -27 3 -6 -3 -15 -1 -2 -8 -2 -5 -11 -1 -9 19 -12 1 -6 -7 9 -11 -31 -28 8 27 1 5 -1 6 -6 3 -10 -3 -24 12 -5 11 -11 -19 -23 -27 -3 15 18 -18 3 3 -4 5 2 -4 -20 3 22 14 27 0 -2 13 -1 -4 6 14 2 -5 -4 10 0 -20 7 -11 7 6 -7 16 8 -12 -16 -12 -21 18 11 -28 2 9 9 -2 24 -23 -5 2 -2 24 0 -12 -3 8 -15 -11 -3 -15 2 -1 -7 -2 -16 1 -10 7 2 14 -3 2 10 14 10 1 -2 -19 3 -17 23 -24 5 1 1 -2 -13 -8 1 -7 -6 -32 26 -15 -17 -6 1 0 0 6 -10 0 0 11 -13 0 0 0 0 12 19 0 0 0 9 12 0 -9 -17 0 0 10 0 0 0 0 9 0 0 0 4 0 0 0 0 -1 0 -18 0
-19 25 26 10 -14 0 -1 4 -10 61 -32 -41 -11 -13 -31 42 -49 0 -63 -49 -61 5 23 -66 -38 -4 -19 -9 57 40 -18 -22 -20 69 -44 -21 21 -9 26 62 41 26 -35 -30 -2 -4 64 -18 -18 -15 -38 16 65 13 12 1 -2 1 1 -8 -2 14 -2 0 -15 3 -8 -1 -18 -28 -4 11 7 6 14 11 5 -7 17 -10 -14 -11 -15 -4 -4 10 -17 5 -2 11 -18 -25 1 -13 -9 -3 -19 -10 11 -15 17 27 -1 -5 3 0 5 -3 7 -5 -6 -3 -5 -21 21 -3 -3 -2 -11 20 6 4 3 -11 2 -7 3 -5 -7 10 -22 -8 -4 -7 3 -2 4 1 10 12 -1 -13 -13 23 -6 3 0 9 -12 -13 -11 0 -5 1 -2 0 -1 12 4 -17 10 2 -18 -2 5 18 -12 -15 7 9 -8 -11 14 -9 -4 -10 8 8 9 -16 -1 -6 -1 -1 16 -3 4 17 9 -13 14 14 4 -6 -36 8 -7 -14 -23 18 -4 3 -14 7 6 -1 -4 10 -7 11 -8 -21 -11 0 13 0 3 0 -10 5 -1 16 8 -7 11 -17 2 9 -3 15 -7 2 -1 -9 -3 5 5 0 0 0 10 7 0 0 3 3 0 0 0 0 9 16 0 0 0 -13 3 0 4 -2 0 0 -4 0 0 0 0 -14 0 0 0 -2 0 0 0 0 -2 0 12 0
10 -39 57 -69 5 -22 40 17 -6 -55 28 66 -37 -45 -65 20 -67 -7 30 -3 -16 40 -30 -58 -42 -2 24 4 -39 2 9 -32 -29 18 -22 19 -19 20 24 10 48 -45 13 -6 1 25 -22 54 -15 -47 14 5 -32 0 -24 -20 5 -9 28 12 7 -18 1 -14 -26 -24 4 36 4 13 -1 -12 12 -18 -19 -7 1 14 6 24 20 -13 14 21 -16 -15 14 -2 15 -24 -7 -15 26 -12 -9 21 11 -2 -25 28 3 -12 19 -2 -14 -13 -2 8 2 -9 4 6 36 -7 26 -25 -7 -14 3 14 -3 2 -2 25 5 12 -28 -4 -4 -1 -17 -11 -9 -1 2 -12 11 -15 8 -15 1 -14 -8 -1 -2 23 9 -9 -13 -15 -31 -1 -2 -2 -15 11 36 30 -16 -13 15 -1 15 11 -20 -1 7 5 13 6 -9 7 30 -37 -14 -3 2 16 -4 14 2 32 1 -6 3 1 0 -9 5 10 -22 -1 -5 -11 -5 -9 1 15 -19 15 -4 21 -6 -3 -3 -12 11 3 -10 41 8 -7 -10 3 -1 9 7 1 -21 13 -4 -11 16 9 16 13 11 6 -8 -24 4 2 14 0 -12 5 -5 -3 0 0 17 2 0 5 4 -11 0 0 0 0 -5 9 0 0 0 -3 7 0 9 12 0 0 -4 0 0 0 0 -7 0 0 0 -6 0 0 0 0 -5 0 -5 0
24 29 22 30 -18 22 -30 -18 -27 -22 29 -66 -9 56 24 63 5 -46 -69 13 -40 -19 15 -63 -34 -25 1 19 36 -44 -14 -36 -2 -49 -67 -15 -2 9 51 40 36 -14 -60 -37 -4 34 66 -15 67 -31 33 -11 -12 23 12 -19 39 19 -3 7 -7 13 -6 -7 -3 -10 -10 5 -8 -14 -11 -18 1 3 21 -24 12 -14 14 -20 27 5 -12 -16 -12 -5 6 -17 4 2 -19 6 -16 12 17 31 22 42 5 9 -3 13 -2 16 12 9 12 1 20 6 19 -1 1 18 -11 15 14 4 -6 13 17 0 11 -13 7 -9 7 -19 10 5 -4 7 34 -3 -14 10 1 8 0 -9 7 13 -16 8 5 -11 -11 -4 -21 -4 -8 6 -5 -18 -23 10 -19 13 5 -10 -6 34 -37 0 1 -14 -13 13 11 -30 10 -23 -11 5 -8 -6 21 3 -2 -4 14 -10 48 25 8 6 7 -4 27 -19 15 16 -7 21 3 8 -3 -18 14 -30 4 -8 22 12 -31 9 -15 -6 -12 -3 -1 16 18 1 3 -16 -10 -1 19 1 7 4 14 -13 27 -26 -6 -3 9 -1 -13 -1 13 -23 8 17 4 2 0 0 8 -1 0 5 24 10 0 0 0 0 -6 -11 0 0 0 -5 -6 0 -18 -1 0 0 -10 0 0 0 0 8 0 0 0 -9 0 0 0 0 -1 0 6 0
20 -42 20 14 -5 3 56 -15 -2 -23 -50 9 3 32 27 54 11 -2 7 34 29 -42 28 -53 -61 -4 1 -10 -12 26 -13 -32 -13 -32 42 1 -22 54 0 -25 -28 -46 30 69 7 4 9 -69 39 -48 57 -7 13 13 9 5 -10 9 -8 -1 -4 16 -14 23 -19 0 -4 -2 -2 -23 12 -6 -11 -4 25 6 -9 0 -4 -17 0 -20 16 -2 -14 -4 -6 -9 23 -3 -2 3 -5 0 18 25 4 -22 -4 1 0 7 -5 18 -2 -24 -21 -16 19 9 2 -15 -8 6 8 -10 -7 22 15 -24 7 -13 7 -6 -2 -3 15 -8 -20 5 -12 3 -12 11 20 11 9 1 -7 -2 1 -16 -5 -3 -7 39 9 6 -17 -2 -10 -10 0 -10 -18 -4 0 -1 -11 -9 15 2 5 2 12 -5 -5 12 -4 -11 -16 -3 8 -30 -18 0 7 4 9 -15 -1 13 -5 -14 11 -7 5 3 9 0 -16 -6 -19 -5 -2 -4 -4 5 2 -2 16 6 8 7 9 8 4 23 -2 26 -8 -11 -11 8 -20 -25 -20 -1 2 7 18 3 6 -3 25 -1 19 -22 -4 11 3 -1 -2 -1 -2 4 8 -5 0 0 4 -3 0 -3 13 -9 0 0 0 0 -6 17 0 0 0 -10 0 0 4 18 0 0 15 0 0 0 0 -10 0 0 0 4 0 0 0 0 3 0 -15 0
-2 -28 -22 2 -13 15 41 17 13 5 60 34 -56 -14 23 19 25 -31 -40 -56 -31 36 -45 -64 42 -12 -3 33 -14 -25 -3 -46 42 -10 -57 25 0 66 26 -38 40 40 -46 55 2 -7 63 54 66 -43 5 13 29 4 -20 5 15 6 -2 10 19 -12 0 -7 -15 0 9 16 10 -1 8 -2 4 -11 13 0 13 -1 9 6 -14 7 -20 -6 -2 15 26 -20 -6 8 1 3 5 -5 -5 18 -6 11 34 3 -15 -7 -12 -15 27 30 -8 4 -1 -19 22 1 -1 -16 -24 -11 4 4 7 21 -10 6 -8 -15 4 10 5 -13 -1 3 6 26 3 -19 -2 6 10 12 -9 -18 25 11 49 -3 -3 25 -8 -21 15 -3 -9 -4 -1 -14 -3 7 1 14 -13 5 -23 15 -12 3 0 2 -5 3 9 -3 13 -15 3 22 -19 14 -6 -4 13 30 9 18 4 3 6 23 -11 -27 14 -12 -20 -1 14 3 18 10 -19 -10 4 1 -10 -15 19 -3 5 2 -1 -5 10 -15 15 30 -7 5 1 22 24 0 22 12 1 7 -7 -26 12 8 1 20 8 -11 -2 7 5 3 -16 -8 -1 4 0 0 -2 5 0 -3 5 5 0 0 0 0 -21 19 0 0 0 -2 -9 0 -8 1 0 0 -14 0 0 0 0 3 0 0 0 8 0 0 0 0 -7 0 18 0
-10 11 58 40 14 4 -23 -8 14 -48 0 18 -46 9 -21 66 -46 19 -66 -47 -51 -56 8 -26 -32 18 17 35 20 -4 14 13 -33 -24 -49 13 14 36 -3 -65 62 69 63 9 9 19 -46 49 -48 -33 -14 -19 -1 -5 -18 6 23 -25 0 25 8 -7 -3 1 -12 23 18 -11 -2 -20 5 -10 -21 5 -3 -21 -8 11 -10 -2 -8 -11 -5 -5 -5 -7 0 -18 -14 1 -10 -17 -7 16 9 33 -14 -6 15 15 -5 -8 10 0 -10 2 11 -11 -14 -5 -10 -4 2 7 16 -7 3 16 -4 -2 28 -8 -3 5 15 19 -19 0 5 22 8 -3 2 9 0 -10 -9 1 2 -22 -2 -1 -25 -7 -6 -18 -22 3 5 -13 -19 -10 12 1 -7 32 3 11 -3 19 -2 30 -12 -6 18 -15 5 -2 13 -22 28 -5 1 -13 17 -4 15 1 5 11 8 4 5 6 -2 -11 4 10 29 -16 2 16 -9 8 -28 -13 -3 11 -16 12 -10 6 -26 -4 18 -6 3 -2 -1 -46 29 9 -14 -24 -2 13 -4 -3 2 -4 -6 9 9 -12 14 5 -8 6 1 5 -5 16 5 -14 -4 5 10 8 0 0 5 19 0 4 0 4 0 0 0 0 13 25 0 0 0 -1 3 0 8 -12 0 0 -9 0 0 0 0 -1 0 0 0 16 0 0 0 0 2 0 -10 0
14 32 68 6 -11 -11 31 1 5 -28 43 5 -34 36 -35 0 -19 -42 -12 -41 -50 40 65 62 29 -3 -19 -4 1 -20 5 -53 -43 -65 45 -31 15 -40 64 -2 9 27 49 -63 -6 -27 54 -18 -67 -65 43 13 22 2 7 -9 -2 1 -17 5 -1 5 6 6 13 9 -10 -14 5 -15 0 -10 -23 -19 13 15 2 7 12 -8 -19 6 -2 5 -27 -4 -11 0 8 -2 7 4 -9 -13 2 -20 13 19 -19 -28 2 24 -6 5 4 26 2 12 3 3 27 -1 1 -6 0 7 -7 11 8 -12 10 18 15 -36 -14 8 -6 11 14 -11 6 -11 0 -3 -18 -6 -25 4 13 19 8 -2 -14 -21 5 -11 -4 14 -3 2 18 0 5 -10 -3 -29 -14 -31 -1 -4 9 -13 2 -12 3 -2 -18 9 16 29 -2 -1 1 4 -30 -2 -5 21 -5 -6 -1 -17 -24 -2 -15 -6 0 -9 12 -9 23 -4 -15 -11 19 17 -6 19 10 2 -5 0 -4 7 3 1 -5 4 -7 -7 -11 -6 4 -9 -2 20 17 1 13 -7 3 -18 -4 0 -13 -25 -4 4 16 14 2 4 1 -22 5 31 7 1 0 0 -19 20 0 0 -19 3 0 0 0 0 0 -7 0 0 0 -2 -16 0 2 -4 0 0 -8 0 0 0 0 -9 0 0 0 -2 0 0 0 0 -5 0 17 0
20 28 -26 -13 -6 -29 3 -25 30 -43 -30 53 -18 65 59 -54 -34 -9 2 60 26 20 -21 -49 37 -28 -1 -10 -37 -19 -1 -35 62 -17 -46 -4 23 49 12 -28 12 -8 -6 -67 5 -16 -61 -45 -27 45 -7 5 -17 -33 2 -8 2 5 2 -4 -2 5 8 -12 17 0 -1 -4 15 -2 0 -14 -5 0 7 14 9 -19 5 0 4 22 10 6 0 9 -11 35 14 17 31 5 13 -9 16 -12 17 15 0 -16 -9 10 -30 13 19 21 25 18 -4 23 10 4 -25 19 -16 -10 12 3 22 14 6 -15 -2 -6 19 14 -12 11 8 -38 -10 3 -1 14 0 -7 -30 -14 -10 5 -1 10 -35 -30 10 0 7 14 4 5 5 4 19 6 -11 0 14 -18 3 3 2 8 -1 -3 13 -4 -5 -18 11 18 32 -31 -13 17 -11 -5 -8 9 -1 4 -11 -9 -10 -8 -6 23 -5 -11 -13 19 25 19 1 -11 -1 25 -26 11 -1 -2 0 -6 22 3 -5 -12 -7 -12 -8 7 -2 8 9 15 12 2 9 -1 -15 -3 32 -11 15 -12 -12 -29 -1 -1 -18 3 -10 -6 15 -15 -7 6 -20 2 0 0 -8 -5 0 1 -5 -9 0 0 0 0 10 -21 0 0 0 2 -22 0 -8 -7 0 0 -6 0 0 0 0 -8 0 0 0 -9 0 0 0 0 -13 0 -2 0
17 37 -7 54 -3 -24 66 12 -12 -66 -27 -56 -13 -44 -10 -69 66 -19 17 41 -41 -58 38 47 -49 13 -25 -2 38 -4 -19 43 -45 -68 -65 -5 1 -64 47 42 44 51 -10 1 5 3 60 -27 15 -66 17 -11 -2 -2 15 33 5 1 -18 -1 8 -8 5 -14 22 -6 19 -6 2 2 -9 -3 2 -18 1 -2 15 19 9 -1 -27 -1 -14 11 -14 -11 -5 28 -3 15 11 -14 -9 -4 -14 -6 -21 -21 -10 -5 17 14 -8 -25 -15 -24 -13 27 -17 12 -25 7 2 -6 4 1 -13 17 12 -6 0 6 15 11 -10 2 -2 10 -11 15 -8 10 1 -14 7 19 -7 25 9 -14 -19 -7 -24 -3 -3 23 -2 -22 0 -7 -2 -13 17 4 10 -12 10 14 -23 -6 6 -3 18 13 -9 -14 -4 1 10 17 -2 -12 -5 -18 18 5 -2 4 2 0 -5 19 7 -3 7 36 15 11 2 10 -20 -7 3 -44 8 -2 1 -3 -16 2 -4 17 -13 0 6 -1 0 13 -7 -23 16 10 -9 11 -14 -8 6 1 16 -4 4 10 -7 10 1 7 -12 12 -23 -28 2 -2 -13 11 7 12 8 -7 0 0 -2 -5 0 -4 -14 -13 0 0 0 0 -29 -15 0 0 0 9 -5 0 6 1 0 0 21 0 0 0 0 6 0 0 0 7 0 0 0 0 8 0 4 0
20 5 44 -19 21 -4 -43 18 12 -40 -54 -15 -69 4 0 67 -16 -37 -39 38 -38 47 -10 23 -31 -11 4 5 -7 -8 -3 48 59 -47 43 8 -19 -41 42 -42 17 51 -44 -32 0 3 6 -69 58 -33 63 -12 55 -21 -3 12 20 -14 -8 -11 6 -5 17 15 -5 5 29 6 -9 -10 -6 28 -12 0 -11 14 13 -3 -2 -13 -9 7 5 -9 10 18 15 2 -12 29 8 5 2 -7 -4 -9 1 -23 27 11 -4 -12 -1 -12 5 -9 10 -6 7 -7 0 -5 2 -7 -24 -15 16 10 14 0 -2 15 -19 17 -3 0 -1 21 3 8 -7 8 -2 1 3 -14 -9 11 -16 -23 -12 8 6 -6 -21 9 -1 -6 -7 -11 -18 11 23 26 -4 15 2 1 -19 24 0 -14 -4 8 14 -1 5 4 6 1 19 6 -11 -7 5 5 -1 -15 -1 1 1 -1 8 -11 11 27 17 3 7 -4 -9 -10 18 1 -6 5 17 4 -19 -15 -11 4 -16 -3 12 -8 0 1 1 -10 -6 -3 -18 -5 7 4 -7 -3 -13 10 8 7 -1 12 -9 -1 -1 -1 -5 -25 8 -10 -12 6 8 -9 14 0 0 0 17 -6 0 6 -3 -5 0 0 0 0 -6 0 0 0 0 -2 -2 0 -6 -5 0 0 4 0 0 0 0 5 0 0 0 4 0 0 0 0 -3 0 6 0
-13 -56 45 13 -38 5 12 -17 5 40 -16 -45 -14 30 -8 25 -50 -55 15 -40 34 8 5 44 -25 2 -11 30 24 -20 -15 -23 4 7 -34 -11 37 -19 -23 -5 58 -21 -49 23 -31 -7 13 7 -69 -35 -50 3 51 4 -6 18 3 -23 -14 0 -13 14 11 -11 -10 0 -1 -1 -10 -30 -25 2 13 12 14 -4 3 29 20 9 1 -12 8 19 -12 24 -2 -10 0 16 -15 -4 -5 0 -18 -15 -19 -9 11 -3 2 -22 -11 6 0 9 -19 14 7 -11 -3 -19 -15 -22 13 24 3 3 4 -20 0 8 -12 -25 7 10 9 -11 -2 10 5 7 -2 -17 9 -20 0 2 -6 -7 -3 4 23 2 3 16 -16 -15 35 -12 0 -12 17 4 -7 4 -7 -3 14 1 -11 -4 -4 2 -2 -4 -6 4 11 17 -20 27 -3 5 -13 -1 0 -2 -5 2 -13 -1 14 7 15 -4 -12 5 -22 0 20 10 15 0 18 11 -9 -13 4 -10 -2 -17 -8 -5 -8 12 15 9 7 -9 14 6 -7 -13 16 1 13 1 2 -9 -1 14 -16 -2 19 -11 1 11 3 35 7 10 -11 9 2 -6 -7 1 0 0 1 -3 0 -3 -3 -1 0 0 0 0 -25 -18 0 0 0 3 -2 0 -6 -4 0 0 17 0 0 0 0 -5 0 0 0 -6 0 0 0 0 6 0 0 0
6 55 -32 37 9 5 -64 1 -1 -53 -19 55 59 64 -3 -59 -59 65 62 20 -26 -46 40 -36 -44 -13 3 0 -28 66 5 -27 -28 -51 -13 34 -5 33 -67 -69 58 51 -59 -33 2 20 62 19 -9 10 -59 11 67 23 -17 -11 15 -3 -2 12 6 -4 -6 -17 -25 -7 9 22 9 3 -5 -8 -9 -2 4 -6 8 6 0 9 -6 8 -12 -8 -7 -8 16 -20 7 -1 -3 13 8 -1 -21 3 0 13 7 5 -4 -22 22 -13 5 15 23 -3 4 -9 16 -3 16 -4 -21 -11 9 -14 2 3 12 4 -1 5 14 10 -13 -4 9 14 4 -20 12 -29 -4 -10 18 10 21 12 1 9 5 -4 -13 -12 -7 16 -6 3 -13 3 -14 -2 -15 3 -2 10 -12 -13 -6 5 -15 8 2 -8 7 22 -4 -13 15 8 -3 21 -10 7 -15 -8 2 16 -4 8 18 16 12 7 -4 -7 22 9 -10 -22 20 20 4 7 10 -20 0 -2 -26 -4 13 0 3 -2 -13 -24 3 5 2 9 -10 24 -6 6 -17 0 7 11 -3 -23 9 -10 5 -18 -7 10 9 -11 -14 -17 7 -4 -11 -7 -10 -2 0 0 5 -14 0 5 2 -4 0 0 0 0 -11 11 0 0 0 -6 -2 0 -7 11 0 0 -22 0 0 0 0 15 0 0 0 0 0 0 0 0 -9 0 16 0
-5 -45 55 -12 2 -10 12 25 12 -68 -8 1 -17 26 -52 54 -62 -43 -60 10 15 -64 -13 33 -64 28 15 -12 46 51 -12 7 26 -54 49 15 14 -41 22 -2 -69 -48 3 -51 -4 -20 -4 -49 70 25 41 -12 33 8 -19 11 0 -10 3 -14 2 5 -16 -28 -15 1 -5 -7 26 26 7 2 -7 28 8 -11 5 -28 8 15 9 -4 11 -7 -4 -10 7 -11 2 -1 -4 -13 1 24 2 4 1 -5 9 2 -3 15 10 21 10 7 -17 -6 -10 22 23 13 -8 22 7 9 8 -10 -16 5 3 8 9 11 -14 2 15 -19 5 1 8 31 -5 11 4 34 15 -4 -12 4 28 -18 11 -10 -4 7 -16 -25 -1 14 -7 -3 -15 -18 27 17 -4 19 -18 15 -3 12 13 3 -18 -3 10 2 -3 -13 0 -15 4 0 4 -4 11 6 -18 9 3 25 3 -8 -13 0 10 -7 -8 -4 4 -20 24 -1 8 -22 7 -17 -4 7 21 7 12 7 -6 11 -19 -23 17 -16 0 9 -9 2 -10 -15 5 -1 -13 -12 4 -10 6 -9 -2 -5 -18 16 9 0 -6 9 -16 1 10 -22 0 -1 0 0 2 -8 0 1 13 -6 0 0 0 0 -2 -2 0 0 0 3 6 0 -13 -6 0 0 19 0 0 0 0 10 0 0 0 -6 0 0 0 0 1 0 -13 0
27 17 -27 -62 -28 -1 23 -5 11 -38 60 33 -37 -18 -61 -38 54 -62 -37 -24 8 -30 -52 -61 25 -15 -9 6 -51 -56 0 -69 -2 8 -63 5 3 -43 -13 -14 -56 -19 -1 -47 -4 5 -40 31 42 66 -39 -8 19 19 28 -15 -9 -6 -12 18 -12 23 5 -2 4 -9 -10 -11 -13 -6 -34 8 6 -11 -1 -19 9 32 28 1 14 2 15 5 -12 -11 -4 -2 9 -14 3 7 6 4 8 -8 -2 7 -21 9 9 -3 -4 3 -9 -14 -3 11 -14 -6 -10 4 5 -26 4 27 -5 -9 23 -35 -2 10 4 4 6 -14 -41 -3 -13 11 22 -5 18 -11 -4 -10 7 -4 17 5 6 13 10 -32 19 -2 6 21 11 3 17 24 13 11 -2 8 -1 2 -18 -6 -10 -13 5 4 3 0 -6 26 -3 17 -3 37 -2 -20 -29 -5 -2 25 -5 13 -6 -3 -3 -1 -1 -6 -12 -19 -11 -8 17 -1 -11 11 2 12 -13 25 35 4 3 3 -4 28 -4 5 5 3 17 9 -4 -8 4 -18 -7 17 -6 -1 -13 -7 10 -15 4 5 12 -3 20 16 19 -5 22 -1 7 -25 5 5 -8 3 0 0 -12 -8 0 3 7 13 0 0 0 0 -10 3 0 0 0 0 -18 0 0 -2 0 0 7 0 0 0 0 12 0 0 0 -2 0 0 0 0 14 0 11 0
6 63 17 31 -1 -8 -56 -16 4 -54 -9 -46 62 -22 57 13 -46 -15 -54 -8 25 -8 -5 2 -48 -1 2 20 -37 17 16 64 6 38 -50 2 -3 -30 -38 0 -29 38 -65 21 9 5 -47 50 51 -29 -9 -13 -4 -7 29 -8 21 16 4 33 -23 6 -14 -4 21 -5 -9 -14 2 19 0 -5 -2 -5 -15 -12 -1 8 6 -9 0 3 -11 -5 -1 1 8 -2 0 8 -12 20 -3 -1 9 -5 1 15 3 -1 3 -1 -8 24 -10 -10 -2 -2 -1 18 -20 -8 -30 -10 16 14 12 -2 -11 6 -2 6 25 18 1 -17 -1 2 -1 10 8 13 22 10 -8 -3 -8 -3 -4 -2 -18 11 -11 13 8 3 6 -28 17 -9 14 -2 1 -3 -9 8 -12 9 9 14 14 17 15 17 -20 -10 7 5 -6 17 2 0 -40 2 12 5 7 -1 -7 11 23 -18 7 6 -17 14 -5 7 -23 -5 5 2 -14 -2 24 2 18 9 19 -19 1 -3 8 14 -12 5 18 -10 9 -13 7 -5 19 -2 -16 -8 5 1 15 0 -13 3 -5 -4 -6 15 -21 -4 2 3 14 -4 0 -5 -9 17 -4 -8 0 0 0 3 0 4 21 -6 0 0 0 0 -18 -23 0 0 0 10 3 0 9 -11 0 0 16 0 0 0 0 9 0 0 0 -7 0 0 0 0 7 0 9 0
-20 -41 -52 -11 9 7 -66 -17 -4 28 -39 -69 23 -10 -70 20 55 -21 -59 -6 -12 -29 27 -24 56 -16 0 -6 -56 -39 -19 41 -60 -65 -15 -8 51 38 33 32 -19 34 3 -23 0 -20 -29 -30 40 -6 -17 -11 -26 2 9 4 -2 -13 -15 -9 15 3 4 -9 14 11 -3 13 1 -10 -19 -4 -15 31 -11 9 -1 -4 -6 6 -6 2 -9 -5 -6 21 -4 7 -22 8 10 -10 -15 -8 -32 -11 -13 -26 3 -23 8 29 -16 -13 18 31 9 10 -4 -10 -31 2 -5 20 -31 -8 -9 -10 10 2 16 -3 6 -8 -11 -12 10 9 5 12 -16 9 -3 -16 7 2 4 1 2 18 4 -14 -4 -2 -11 14 14 9 6 16 9 20 4 9 2 12 9 12 -2 -5 -18 8 0 16 4 20 5 -10 -9 -21 14 -21 -1 28 -8 -7 -7 -27 12 -1 -12 6 -5 -6 7 30 7 -5 12 1 4 6 25 0 -8 16 5 -5 -3 -12 -12 4 -19 16 3 -23 -8 9 24 -12 -2 3 -6 1 2 -2 -12 3 3 2 9 -8 14 -9 -13 -9 13 33 1 -20 -1 12 10 -16 -5 -17 -23 1 0 0 -12 -8 0 -3 -23 -1 0 0 0 0 -11 -17 0 0 0 -9 -6 0 -3 -2 0 0 8 0 0 0 0 -18 0 0 0 1 0 0 0 0 5 0 17 0
-3 -52 65 -6 23 48 -8 -9 -12 59 55 -19 19 -68 19 -58 8 27 -29 51 -55 -43 69 59 16 3 13 -6 -22 -57 23 -36 28 -57 62 0 -51 50 69 -5 -48 -35 2 33 12 9 22 -62 20 -67 -39 -25 43 0 20 4 -2 9 11 0 -17 -15 -28 4 -3 12 2 7 16 13 -8 -20 3 -14 -11 -4 -3 -13 -10 -11 -11 10 6 -13 13 3 5 3 -9 3 -6 8 6 5 12 -5 5 -16 7 0 -14 -3 5 -10 -22 26 6 -5 12 9 2 8 2 -3 -14 -11 18 -2 21 2 2 7 18 0 1 15 9 -18 -9 -19 10 -26 9 30 -5 8 6 -11 16 20 -3 14 2 4 -7 -2 -31 5 -11 5 -16 6 -15 4 -12 -11 -7 -15 20 3 11 -1 -4 -14 12 0 3 -8 -17 -5 13 19 -28 12 17 -2 16 3 28 -13 16 -5 -1 -1 -14 -2 9 -4 14 5 -11 -5 -8 15 -7 -8 2 -8 -2 7 5 -12 -12 -11 -15 2 -13 -29 0 -17 9 12 1 -8 -6 -14 -30 1 19 -5 -6 8 0 -13 -1 4 -12 -27 4 -12 -16 -5 34 11 -13 -13 7 -1 0 0 1 -3 0 4 5 -11 0 0 0 0 6 -9 0 0 0 -8 0 0 3 23 0 0 -9 0 0 0 0 0 0 0 0 3 0 0 0 0 5 0 -17 0
16 -43 51 -20 -5 -12 -48 -14 12 -6 47 -69 66 -63 -17 -16 -17 -7 -16 -54 70 -56 -28 41 -63 -30 -6 -4 -16 15 3 -18 -22 52 19 2 11 -17 45 22 -7 19 32 -51 -2 -1 -64 -61 68 59 25 14 57 2 6 5 -18 -15 3 -5 -9 1 -6 -15 -3 9 -7 8 -31 11 -29 18 28 -1 2 -1 21 8 -12 18 1 -1 -13 24 1 2 -9 9 14 15 -21 -2 21 -5 -7 -14 -22 21 4 11 3 12 3 -12 6 9 14 3 -7 -2 6 11 10 -30 8 15 12 -3 1 1 -3 34 7 -13 0 -1 -21 -7 -21 24 0 0 1 18 4 8 -4 -3 7 10 12 25 -17 7 10 4 -29 2 7 -18 -8 3 -5 -10 -3 18 8 24 9 9 -14 -10 -22 -12 12 -1 -18 -13 2 14 -6 3 9 5 2 -4 16 25 27 18 -7 -9 5 15 6 10 -14 2 18 -4 26 18 2 -7 -11 7 -18 10 1 1 6 9 5 -12 -18 5 5 -1 -2 -14 5 -1 -5 -9 19 3 19 -2 -5 7 10 9 -8 -5 22 -5 -5 29 -7 -4 10 10 28 -6 10 -17 15 1 0 0 7 10 0 4 14 21 0 0 0 0 -5 -5 0 0 0 -6 4 0 -8 -1 0 0 -26 0 0 0 0 -17 0 0 0 -5 0 0 0 0 -4 0 33 0
-12 -44 49 2 0 1 14 -9 22 -63 -31 -4 -50 -25 -17 -25 47 40 -56 11 -59 -65 -51 -41 47 -14 -11 29 12 -29 0 22 -40 -36 67 -15 35 -67 28 -44 -48 -36 -45 -51 19 -20 51 -55 -47 55 51 -14 4 -4 -8 -5 7 -17 6 5 -2 3 6 26 7 16 1 -4 -3 -4 -16 10 -20 6 -17 6 11 8 19 -6 5 14 -3 13 -5 0 -3 -9 2 17 5 8 -1 10 -5 -5 16 -7 17 -5 -8 32 -7 -6 28 18 -8 -9 15 -24 -1 -18 -1 5 4 -2 -15 4 14 -5 -2 6 6 -8 -6 -8 15 21 12 1 -1 -1 1 -3 1 -28 -19 -14 1 -22 15 3 3 -14 13 -2 -2 -2 -1 13 8 -3 19 5 6 -2 -10 -25 -2 21 4 -12 -3 1 -6 -6 7 -5 -4 22 5 -7 -21 6 -16 3 -2 -14 -5 4 25 -5 -5 0 -21 -14 10 -14 16 9 -1 -17 3 1 -2 12 -12 13 -2 3 -6 -6 4 7 6 -7 13 -9 5 -7 7 -15 0 5 7 20 9 0 2 16 18 6 -2 7 -28 5 9 3 24 -21 -11 -11 6 0 -9 4 -2 5 0 0 -5 7 0 3 -24 3 0 0 0 0 1 -17 0 0 0 -5 -16 0 -3 -11 0 0 -4 0 0 0 0 -19 0 0 0 -1 0 0 0 0 14 0 24 0
-21 -20 37 3 9 39 -51 -1 3 -20 2 -51 54 51 12 37 -2 24 -58 -52 70 63 48 -46 -50 8 -11 6 1 6 -15 5 17 67 50 4 21 -36 0 -69 14 14 -67 29 9 7 -36 -66 -14 -35 -31 -8 56 -5 3 -5 0 2 -5 -3 4 -8 3 3 16 11 22 -7 15 -8 -1 18 -27 7 3 -6 -5 -1 -14 -9 -15 22 -18 -5 0 -3 17 -17 -17 14 -8 -1 -10 22 4 24 -12 -8 5 -11 -5 27 3 20 20 27 8 -1 -10 -8 -12 12 -15 -8 -11 7 5 10 -6 -5 2 7 12 -12 -19 13 16 15 -1 27 7 12 2 20 2 1 -7 -2 10 2 6 7 12 7 6 -17 -7 -10 0 20 -1 0 7 2 9 1 -8 -4 2 19 0 -3 -8 -14 -5 24 2 -11 -12 -6 21 -12 -10 36 -4 -11 19 -11 12 16 9 -3 -10 12 -5 10 6 -1 23 2 -6 -12 -4 10 -11 -5 -3 9 1 -9 3 -12 -15 6 8 -2 5 -19 8 -19 0 10 -11 -24 17 10 -15 0 6 23 -7 6 16 2 -21 17 -4 -1 8 -12 -3 12 10 -14 0 5 -16 10 0 0 -11 8 0 -2 9 6 0 0 0 0 6 0 0 0 0 3 -5 0 13 -13 0 0 -9 0 0 0 0 1 0 0 0 18 0 0 0 0 19 0 12 0
15 2 -36 40 17 2 -48 -3 -5 -41 -50 0 53 -3 69 -3 -7 -53 42 -45 -44 -47 10 -53 -41 4 -1 -7 42 60 5 -17 -65 -26 63 20 -45 37 67 38 59 -56 25 -69 19 7 62 -24 -56 -42 -39 -13 -16 -3 -3 -1 17 12 12 19 0 0 3 0 0 -6 7 -5 15 15 7 -17 5 -9 -7 15 14 -39 -4 1 -21 31 7 -28 11 -2 -13 -6 -2 5 1 -2 0 17 -13 -3 -2 11 16 -10 -5 0 3 -14 -10 -2 -9 7 10 5 -7 15 -9 10 12 4 6 4 -14 8 22 -15 10 32 -3 -32 6 13 14 -4 -20 -11 -7 18 1 5 18 -6 16 -2 -20 17 -15 5 -7 -14 -4 1 -18 -2 15 2 -5 -5 4 -6 6 -6 2 -11 -7 0 8 3 -9 -18 -15 8 -7 4 17 -7 -9 14 28 -1 -4 -14 -4 -10 2 -3 -2 -6 -18 9 12 10 11 0 -11 -2 3 5 3 -15 7 -7 12 -3 12 -4 13 -6 15 -5 -18 -25 6 2 12 20 14 19 -39 -13 -17 1 -2 9 10 -4 -2 -18 -6 14 -3 18 -1 -1 -15 -13 0 -3 -21 -10 9 3 0 0 21 -24 0 1 -8 -6 0 0 0 0 -9 -8 0 0 0 2 1 0 -5 5 0 0 -11 0 0 0 0 -2 0 0 0 -5 0 0 0 0 -10 0 -10 0
24 -69 44 27 14 -25 56 6 -19 57 -33 19 65 31 52 -13 -48 -45 15 2 58 -44 60 -18 -2 -6 -2 -31 -42 -61 9 -47 -26 52 39 1 -44 52 -17 38 -48 -57 -50 6 7 -4 59 29 59 11 -10 11 15 -38 5 -12 -12 25 13 2 -12 -2 -18 4 5 -32 -8 -7 -8 -4 1 9 -6 -3 -37 19 12 -11 -31 3 -4 25 8 -14 1 -5 1 -16 9 -5 -4 14 12 -28 -5 -18 11 3 -20 -8 6 -8 -11 0 -39 -25 13 14 -4 -10 2 15 -15 -31 9 4 8 6 4 14 3 10 5 19 -6 9 -15 -2 -5 0 -24 -1 7 17 0 -14 6 10 4 -5 -21 22 -6 4 -6 7 -5 -13 2 2 3 -7 -10 -2 15 6 -1 7 -7 -5 1 2 -1 -13 1 -1 -29 -2 -26 10 -9 0 11 18 12 -3 19 6 1 -1 3 -5 -27 11 -2 8 20 8 5 -19 -10 -3 15 2 5 25 11 -1 13 -18 -17 23 -6 12 -7 -17 -6 -11 -25 -7 -6 4 19 -12 23 1 11 2 6 20 -2 -5 -11 -3 -1 6 -16 23 -1 0 10 -3 -1 9 -10 13 -14 1 0 0 5 6 0 8 -2 -10 0 0 0 0 9 -16 0 0 0 -1 7 0 11 -15 0 0 10 0 0 0 0 3 0 0 0 -2 0 0 0 0 5 0 16 0
-13 5 26 31 -12 21 -33 2 7 -65 49 61 -58 36 -23 -4 -4 9 42 35 23 -31 37 -61 -64 13 -15 34 -1 63 -4 0 29 -5 -48 -30 19 -49 1 -3 33 28 -64 0 11 -25 22 -43 3 43 11 -21 -40 5 1 10 11 -16 -6 22 -15 16 26 12 11 10 3 -21 45 -19 -23 -11 -8 -14 3 -14 3 3 26 -2 -10 7 4 -16 -4 13 -3 1 -5 13 -4 2 -11 27 16 3 -10 9 14 21 -6 7 -3 21 12 41 -15 26 -2 14 -7 14 9 9 11 -13 3 -8 32 2 15 -3 26 6 -8 -2 -7 -7 37 9 14 -2 0 10 -23 -19 6 -7 15 12 0 -6 2 -3 18 -11 -5 -4 -2 3 11 6 0 1 7 7 -17 -10 -5 17 -1 -8 17 7 1 5 -7 1 2 1 22 -8 -19 9 -10 -2 10 16 -4 -4 3 -2 5 7 -4 10 11 -14 15 -16 28 11 -12 2 2 -4 -21 13 11 13 3 -23 0 -9 18 -8 16 -22 18 -23 11 2 -6 -11 -5 20 4 -2 -10 -8 5 -1 2 -14 -18 0 -12 -6 9 -6 7 8 20 -10 -4 6 6 0 0 0 -10 4 0 -2 -14 3 0 0 0 0 -7 -11 0 0 0 7 -17 0 7 -17 0 0 13 0 0 0 0 -7 0 0 0 -3 0 0 0 0 10 0 8 0
43 49 -8 25 -9 2 67 -7 10 4 46 -24 -59 -51 -30 8 -64 -41 -37 17 -47 44 -60 9 -47 -3 -30 -21 2 -17 -5 -29 -62 36 -66 6 -22 -55 40 59 -63 -57 -43 45 25 5 -63 -26 22 -16 -13 7 11 1 12 -1 -21 3 -4 20 -1 1 -7 -15 -9 -2 4 9 10 -12 -1 -12 -4 14 5 -8 10 -26 -15 7 6 9 6 -4 5 4 -27 -8 16 0 4 -10 -10 14 -9 4 4 -11 -18 -2 8 6 -20 4 11 -10 -10 12 2 2 6 10 -33 -14 -9 26 -4 -1 -5 -1 -2 -7 2 -15 12 19 18 -7 -14 11 -3 21 -3 17 0 4 -3 6 -20 -12 -8 6 6 11 8 3 0 -12 4 3 3 -9 -6 -15 0 -5 1 -2 8 5 17 2 -5 -6 9 -31 -3 -8 -14 2 7 -17 4 18 7 -3 9 -4 8 1 5 5 -7 18 -1 15 6 -17 -4 -17 -14 -3 10 -4 3 12 9 -7 16 5 18 6 18 11 -10 11 -19 -12 -5 0 -9 5 9 22 4 -30 -15 0 -9 11 21 6 3 1 17 12 3 4 3 -1 -4 -13 -5 2 -6 4 -3 0 0 0 -11 -2 0 -5 18 12 0 0 0 0 -12 -12 0 0 0 -5 -9 0 -4 20 0 0 2 0 0 0 0 2 0 0 0 4 0 0 0 0 -9 0 -9 0
27 -19 29 -63 1 -3 -39 11 3 -35 16 -39 5 21 51 -16 -16 8 31 -25 -41 -31 -33 35 -18 -22 14 -9 -41 34 -21 17 -8 -18 -7 -8 4 -3 -14 46 1 -56 31 -39 -21 -4 16 -58 -11 -47 -42 15 -55 -9 13 15 -6 14 9 -28 -17 -4 5 -21 3 -21 1 9 -10 2 7 5 13 13 -13 -1 10 -21 -1 -19 18 -6 9 -8 0 14 11 0 17 8 10 1 6 -5 6 -40 11 7 -1 6 20 4 14 -8 16 -10 6 3 8 -6 -2 15 -1 -3 -15 -6 10 -15 -16 11 -25 13 -2 19 -3 -5 12 3 -25 -11 5 17 -1 -13 -13 -1 -5 -8 -6 -4 2 -11 -6 -3 -7 9 3 -9 9 6 -7 13 -2 8 0 4 38 19 -12 -8 -8 -7 13 -1 -7 13 3 -17 -5 3 0 -11 7 7 10 -14 -16 2 0 -6 -2 0 1 -21 21 7 0 3 -30 -8 -16 -8 14 -15 36 -6 19 -12 9 5 13 10 7 -7 -11 -1 -15 -11 7 31 -9 -8 -6 9 2 -21 -4 0 -16 -2 18 -12 11 15 -23 -3 25 26 -15 -11 -18 -8 -21 5 -5 -13 -14 -3 0 0 10 -17 0 2 -9 -9 0 0 0 0 -7 1 0 0 0 6 -6 0 -15 6 0 0 15 0 0 0 0 -1 0 0 0 2 0 0 0 0 -6 0 1 0
21 10 38 -31 2 24 23 13 12 33 8 -19 -56 7 -37 -40 57 62 46 -33 42 -12 -5 -11 -58 -5 3 16 45 29 -8 46 12 36 42 1 -22 31 42 22 38 69 -39 -19 -2 27 19 -44 32 58 31 -19 6 -2 1 11 16 -13 -2 -18 7 -11 20 13 14 -4 23 -16 -9 5 8 21 -3 4 5 -9 -8 22 13 -12 13 0 11 13 -3 -17 11 1 13 1 14 17 -1 14 -2 17 11 -9 -1 16 -5 13 8 -4 -2 -11 -4 0 22 -7 -9 -4 19 -15 12 -5 -2 8 4 -24 -6 4 3 14 1 8 1 16 -4 17 4 -10 9 -5 22 3 -18 3 11 -20 -11 22 1 -18 -20 16 -1 3 -7 1 5 -7 20 26 6 7 5 -14 -4 15 18 -13 1 -6 -1 -8 19 10 -2 8 2 21 -7 -10 -2 5 -6 -26 -22 8 -3 31 27 2 1 -6 9 -22 -13 28 -23 -22 -2 0 7 -9 20 2 16 -19 -16 17 -24 2 -3 15 0 4 6 -2 5 0 -8 1 0 -7 -16 -1 -16 -5 0 -4 10 37 -16 12 15 -13 -21 -15 -9 -13 0 19 9 -2 -8 -2 0 0 -3 -5 0 2 4 -22 0 0 0 0 -9 -8 0 0 0 5 -1 0 14 -9 0 0 22 0 0 0 0 24 0 0 0 3 0 0 0 0 24 0 -5 0
11 59 8 0 -6 32 57 16 -3 -63 66 -10 -11 -34 -36 -49 -57 -9 52 12 20 -68 26 -39 -44 22 9 -4 -56 -48 -7 63 -50 -41 12 -9 -33 -60 41 -38 -27 25 -65 64 -4 39 -30 57 -64 -50 43 0 -46 7 -6 -17 6 -8 -11 -15 -6 -5 2 8 -16 -6 4 -26 -8 6 -4 1 -11 10 8 -23 -17 -13 3 -27 -6 7 5 -9 -2 -26 -2 -10 -3 -10 7 11 -8 14 20 7 17 2 -17 2 -6 8 -5 -1 -11 -8 8 1 15 -1 -6 10 11 5 -1 6 1 4 8 -18 6 9 21 4 1 -2 13 7 5 8 -6 -28 20 -1 -3 -7 5 2 0 -32 -12 13 -12 -14 4 -16 -36 8 -26 -2 3 -6 -6 14 -10 -17 -7 -2 14 1 23 0 -13 -9 -5 22 11 14 7 4 -2 18 -14 -27 7 -14 10 3 -17 -4 -3 3 26 18 7 -14 10 -10 10 10 -13 -11 -10 15 -11 -10 7 -5 2 2 -1 3 -8 -10 17 -2 -17 -8 -19 -4 -11 20 -18 0 14 -17 -6 1 1 -21 19 1 1 32 -2 7 -12 -4 1 12 -19 -20 17 -6 21 11 19 1 0 0 6 -2 0 6 -11 -10 0 0 0 0 20 -17 0 0 0 9 -6 0 7 -12 0 0 13 0 0 0 0 23 0 0 0 -6 0 0 0 0 9 0 -26 0
40 57 66 -32 10 -9 57 1 4 17 -33 17 11 -36 0 -67 -37 -55 41 21 -59 -11 -57 -49 40 -5 31 14 -51 6 22 -19 -24 -32 2 32 -13 -35 -31 6 67 -50 -9 -64 -6 -5 -5 1 53 -59 19 8 -60 -25 -3 8 3 15 20 21 -23 -6 -9 -17 -16 -4 3 26 6 -1 10 -18 10 -10 -13 25 19 -10 -15 12 16 3 1 -15 -26 18 -8 -4 26 -5 -4 -1 21 -15 -8 -14 -2 14 19 11 0 -23 16 11 5 -6 26 -6 21 -6 4 -22 0 9 -17 -5 32 -12 4 27 -10 12 -36 17 21 -5 4 -5 -11 -1 -8 25 -23 -2 -9 -24 -22 -5 15 1 -20 -5 10 11 3 7 1 -3 1 0 -11 2 -6 6 -23 36 4 15 -16 15 -4 0 -6 15 -2 -26 -4 -11 10 -16 -3 13 4 7 -8 -3 14 -25 3 11 -7 -11 9 -11 1 12 18 -1 -7 19 -9 18 13 7 15 10 14 -8 12 -12 6 -18 33 -4 15 -6 8 -9 10 3 1 0 8 -7 -37 1 0 0 2 14 15 -11 3 2 3 8 13 -2 2 -8 -1 -21 -2 -2 -12 -4 5 -3 0 0 3 -5 0 -3 -5 0 0 0 0 0 -9 -21 0 0 0 0 -6 0 -23 7 0 0 -11 0 0 0 0 -22 0 0 0 -15 0 0 0 0 -16 0 4 0
32 -60 -8 -51 -13 8 -22 23 5 66 -44 -21 -47 31 -52 26 13 54 54 -8 -54 66 10 -20 46 -20 18 -4 -36 30 -15 50 -67 -42 61 -15 38 -40 42 -18 -63 55 -48 52 -14 5 12 -29 59 -1 0 27 -40 -3 -11 4 -19 -5 -11 -20 10 5 13 13 -7 -10 -19 -14 -25 5 -10 31 1 -3 16 18 0 2 16 -1 0 1 3 7 -29 14 3 -7 24 0 -4 4 15 -13 6 8 -3 29 5 0 19 23 -2 18 17 -4 5 -16 18 -10 23 8 8 -9 1 -11 15 6 12 8 -12 21 11 -3 -13 8 -8 -11 7 9 -9 -7 -12 22 6 -7 -10 4 -3 3 26 -3 9 -7 9 15 -1 -5 -19 -10 -15 -3 -13 -4 11 13 -14 8 -21 6 6 -23 -18 -2 1 1 -17 2 19 2 -7 8 24 -10 -32 -9 -3 32 -1 16 -1 19 8 -16 -10 -2 8 -12 8 -7 -3 -5 -25 4 8 0 -4 -1 0 0 8 1 6 7 -5 3 -1 18 2 8 -16 3 -3 -7 14 2 7 -1 -26 -5 25 -21 8 0 15 -17 10 8 8 1 1 -10 24 -6 35 -15 10 2 0 0 -4 6 0 5 5 13 0 0 0 0 4 -16 0 0 0 -17 2 0 -8 -15 0 0 2 0 0 0 0 -14 0 0 0 -4 0 0 0 0 6 0 14 0
-9 18 16 53 17 27 50 -5 -2 -66 -45 -28 3 22 -63 60 2 -46 -9 -41 -45 65 18 -35 52 24 14 20 63 -42 -6 -56 -9 -55 -22 -1 -8 7 -67 45 18 39 -5 24 -20 29 27 -47 54 21 -3 -3 -45 6 9 12 2 -1 13 10 1 -22 -1 1 15 4 8 4 -11 -11 -52 0 10 -28 -11 -4 9 22 -4 12 9 -7 -8 -13 -23 -10 -7 -1 -17 -2 -29 -13 -4 -6 -16 -18 4 -5 9 -8 20 -5 -1 -13 1 -27 12 9 14 -31 -16 1 18 -15 -2 28 13 -6 14 -11 -6 8 0 -13 0 13 0 -17 -20 17 -13 9 -4 0 -6 -9 -14 -15 19 -20 -10 -1 21 5 32 -1 -13 -18 15 8 -6 2 12 8 10 2 -17 8 9 -6 9 -12 -6 -13 -29 -10 9 -12 17 -14 -3 30 -2 10 0 -17 10 -5 6 7 21 11 4 7 7 9 2 7 20 7 -16 -1 -23 12 8 0 6 -4 0 9 7 2 -33 10 -23 0 4 6 -7 -28 31 5 4 -35 -5 10 -16 0 13 15 3 8 -8 -2 10 2 -4 15 19 -7 -2 -2 -11 2 15 6 1 -2 0 0 -4 -3 0 4 -26 -10 0 0 0 0 -7 -21 0 0 0 -4 4 0 4 2 0 0 -1 0 0 0 0 -5 0 0 0 4 0 0 0 0 20 0 0 0
-19 15 -23 -54 3 -24 1 -4 5 21 -39 -61 30 54 -38 37 -26 28 30 -55 64 43 -59 -7 -32 -1 -21 -9 -69 -17 -17 66 62 4 11 44 27 -31 -61 -11 -8 42 -43 -58 2 -3 1 3 56 -37 -8 2 -24 15 -3 -9 17 11 -6 8 15 12 -6 -27 10 14 18 10 20 2 22 -12 -14 -6 14 6 -2 7 2 -9 -13 9 -10 16 3 -21 11 -4 -1 0 29 6 -3 18 -2 6 -11 17 10 -5 -19 -12 10 -14 -3 6 -2 7 -22 11 8 -5 1 22 -10 0 -14 8 2 -17 12 -3 0 -5 1 3 -11 3 1 -12 17 21 3 -8 -1 14 17 22 6 11 25 -4 6 -14 -18 6 24 0 16 4 -2 2 17 -4 -25 -22 19 -1 -12 -15 -25 1 -2 11 9 -10 -10 16 -10 0 3 0 -9 -1 -3 22 -17 -11 3 4 -16 -9 16 15 24 11 -17 -4 25 20 -17 2 16 -8 6 2 -14 1 -15 -1 -10 -1 23 -12 21 13 7 -1 -9 12 6 12 -12 33 -27 -3 6 2 33 17 -15 -10 1 -5 1 -5 3 8 -17 1 -1 13 -13 10 -17 11 2 -2 0 0 5 0 0 -8 -4 -4 0 0 0 0 -12 14 0 0 0 9 0 0 -5 26 0 0 1 0 0 0 0 13 0 0 0 -1 0 0 0 0 -15 0 1 0
3 46 -22 -20 0 14 -4 9 11 -52 -45 44 -25 -65 -32 -60 -35 39 17 22 -64 -29 58 -58 11 -13 -24 16 53 33 -7 60 0 65 43 7 22 -16 -6 66 30 -55 52 22 30 8 49 45 27 -39 53 1 -37 7 5 -11 17 -2 -4 35 7 2 11 -15 32 10 8 -30 26 -14 -9 7 -42 4 1 -8 -14 -10 9 4 15 10 -7 -19 -12 -2 1 -26 -6 -6 -3 -11 -24 18 -6 22 3 9 2 -29 -1 11 -18 26 26 29 8 10 -6 12 11 -2 -29 4 -1 34 6 7 -9 5 27 -3 18 0 7 19 5 -2 9 20 7 31 24 8 -8 -11 -17 -1 -12 5 5 7 15 -34 28 -25 0 -11 5 -4 17 -2 4 -3 2 11 -18 11 12 3 -10 22 -18 -4 2 -10 4 5 12 -11 18 -11 -19 20 7 -6 -1 -6 -4 16 6 -3 14 12 -1 15 -8 -9 0 -9 1 -1 -3 26 7 11 5 -1 11 -10 -11 10 -5 27 -4 2 -6 -23 4 -22 12 19 12 -2 5 -7 -17 0 -4 -1 19 -2 9 -13 1 -14 -9 28 26 8 -3 3 -4 -23 -1 4 -27 3 0 0 -9 -7 0 3 26 -7 0 0 0 0 6 -18 0 0 0 -9 -10 0 2 -12 0 0 14 0 0 0 0 18 0 0 0 2 0 0 0 0 8 0 9 0
16 -29 -39 -24 -22 8 42 14 -17 39 -68 -32 66 -7 41 41 -67 0 48 -18 -47 -29 49 -66 -42 -1 -1 2 -24 51 -18 11 33 -54 28 -8 23 -15 62 -65 42 -32 22 -66 -17 9 48 59 59 39 41 -23 -1 -14 25 0 10 3 -19 -19 0 4 10 -8 23 -5 14 -1 -8 4 12 12 13 20 20 -21 6 7 31 -36 1 -8 4 16 6 13 21 10 -5 12 22 6 -10 8 27 -3 2 5 -16 20 5 -7 11 14 -18 -8 -3 3 -9 11 -10 16 -21 10 -19 1 7 14 -8 -12 -8 6 14 -4 -1 -9 11 8 -5 -4 21 5 20 -9 -17 14 -26 12 -23 -5 -1 -6 -8 -9 -11 -15 -4 -5 -9 -13 -27 -2 9 10 -2 0 -9 7 0 -9 -16 5 11 8 6 6 10 7 11 8 9 -8 -11 -8 4 -10 11 13 -10 -9 -1 5 31 -3 8 10 12 8 -37 -7 2 2 1 -12 19 -11 14 -1 -17 -10 12 -11 -1 2 -35 15 3 6 6 1 -21 -4 6 -4 13 -8 -11 1 -10 -24 -3 6 5 21 0 -9 -5 -30 -10 -11 13 -5 6 6 20 21 -5 2 0 0 -6 -6 0 4 24 3 0 0 0 0 -10 7 0 0 0 13 -5 0 -2 7 0 0 15 0 0 0 0 23 0 0 0 10 0 0 0 0 -1 0 -21 0
14 -66 53 23 -15 3 60 4 17 -54 -60 47 42 11 40 -43 -69 20 14 -55 -63 -29 35 -65 -9 6 -12 -5 38 -42 -7 9 -60 -29 -68 11 1 -21 -10 -48 -43 66 -42 -63 -16 27 -68 -39 8 5 54 24 -55 7 13 -1 -12 -2 -2 -7 8 -18 1 -15 33 1 -4 -14 -20 3 6 25 0 -12 -6 -17 -20 10 0 4 18 -5 -13 21 0 -11 -10 12 -2 -14 -9 10 1 -14 -4 -12 -5 7 -13 -7 9 -3 2 8 -7 -21 -3 10 0 -13 -6 14 -8 -25 13 41 7 9 -19 -4 -19 28 17 -9 6 21 6 1 -8 13 4 -2 1 4 1 -2 -22 15 -12 -17 -4 14 -7 0 17 -11 -5 -20 24 -13 1 -10 1 2 16 -10 6 8 25 5 35 -5 -10 -10 -8 -4 13 -9 6 13 -15 24 0 14 28 -9 12 18 11 11 -4 1 13 43 1 -4 -2 -3 -7 -7 -7 -8 -29 8 8 12 15 -3 -4 0 4 14 -11 -7 -20 9 -25 12 -10 -15 -7 6 -3 -14 14 -17 -8 2 1 -9 -2 -1 -15 18 13 3 -9 -4 -12 14 -5 -8 -4 12 27 13 7 -1 0 0 -8 10 0 -1 26 -12 0 0 0 0 7 -19 0 0 0 4 11 0 11 8 0 0 8 0 0 0 0 15 0 0 0 -1 0 0 0 0 3 0 4 0
8 26 62 0 -4 22 32 16 -17 53 15 -67 -17 69 -11 -65 -23 36 67 16 23 -1 -57 39 -22 2 -20 -13 62 -48 -17 8 -23 3 5 -2 -26 31 -29 32 -4 -28 7 -9 -6 1 -63 47 -68 12 15 17 60 -8 -15 -12 4 17 -10 -9 17 2 -5 -2 -12 -26 1 -1 18 -15 19 13 -9 10 -12 15 0 -23 -5 2 -25 -1 -6 -32 14 -6 4 -7 -23 6 -12 3 1 16 -6 18 3 -12 11 -22 -7 22 13 -13 11 0 -4 -4 0 6 -11 6 -3 -19 -5 -22 -1 6 -16 0 0 -14 5 -5 -3 6 7 3 18 18 -13 7 -11 -19 9 -3 5 -8 -7 -15 0 -5 7 35 -16 16 -13 -13 -10 6 4 -23 -3 -3 7 2 21 -6 2 -2 1 -3 2 -6 -5 2 -21 -12 -16 2 3 -37 10 14 -15 -4 -10 -5 -8 -14 14 9 -23 -13 1 12 6 5 -1 -14 -13 -13 13 -17 8 -3 3 -28 2 -11 -15 1 10 11 8 -12 -25 -13 -1 8 -21 2 -7 18 8 11 -3 0 4 27 -3 -1 3 4 -12 0 3 11 -15 -7 -35 2 -17 -14 7 -8 -7 2 0 0 11 -14 0 2 -6 -11 0 0 0 0 21 1 0 0 0 -4 4 0 2 -5 0 0 -9 0 0 0 0 16 0 0 0 12 0 0 0 0 3 0 -11 0
-20 19 -64 32 12 6 57 17 -2 -48 11 -4 60 13 27 -3 -12 5 48 66 -41 48 -18 65 -36 8 19 18 -68 -66 -5 22 -28 -33 39 16 7 52 -20 56 36 -43 39 2 -12 -2 -53 -32 57 14 58 -7 60 -1 -7 4 -1 -12 13 -8 -15 -19 -8 -21 0 4 14 17 5 20 -12 3 -5 0 -17 -7 3 7 5 19 -3 -1 -26 -2 -20 -4 17 -2 -4 6 -6 -14 7 11 -15 -15 -23 -7 21 -5 4 -2 17 -11 15 13 10 2 -15 -10 -2 -5 5 -9 -18 8 -8 -20 -11 20 -19 10 -7 6 -16 3 4 -5 -18 1 5 8 -8 -27 -3 7 -2 -7 12 -5 0 -10 28 3 20 -19 -20 -11 13 7 3 5 2 7 24 5 14 17 -20 0 -7 11 -3 -11 -35 10 10 -14 7 10 8 -2 -3 3 7 -8 2 -7 20 12 16 1 4 -11 -4 2 -9 1 3 14 -11 -4 12 -13 17 -16 7 -23 -24 12 -6 7 -17 13 11 9 -4 -19 4 -17 16 -7 -15 -19 4 7 -5 1 17 16 -12 -2 5 8 -14 9 -6 10 1 -11 -19 -3 -16 2 5 -9 -8 3 0 0 4 -25 0 3 -23 0 0 0 0 0 -3 -7 0 0 0 1 -6 0 2 5 0 0 -11 0 0 0 0 -13 0 0 0 5 0 0 0 0 11 0 -5 0
8 -50 -62 60 -21 -14 0 -13 5 -8 -2 -30 60 -55 15 -36 0 44 19 -55 -38 27 -56 23 37 10 -8 8 -51 -58 -23 -57 -21 -52 54 -11 43 -40 -22 63 22 -42 -46 27 15 -16 11 -5 -10 -61 57 -11 45 -13 -8 3 17 -13 -3 15 13 14 26 12 -7 10 7 -2 12 -5 -26 4 4 -8 -10 12 35 5 12 0 4 28 -4 7 0 14 0 -4 6 22 16 8 1 11 -12 8 -24 4 17 11 -5 10 -17 8 9 -2 -10 14 1 -30 -1 0 12 23 4 -18 2 7 27 10 7 -14 -12 -6 -3 -10 -36 -16 18 -12 -16 -7 -13 16 10 -40 3 -2 7 6 16 25 -14 3 11 0 22 5 10 2 -37 0 7 -15 -9 7 -8 -22 -39 2 -7 -20 -3 28 12 -11 -18 -1 -7 -12 27 1 7 19 -14 -3 -3 -10 -8 -1 -9 15 10 13 0 16 14 -4 29 7 0 3 10 16 -25 -2 -33 17 9 19 23 -20 30 -19 8 -9 24 -3 -1 5 16 7 -11 12 -3 23 3 -1 -11 22 16 -18 10 -30 -15 -15 6 13 1 -7 17 6 17 13 -11 1 4 3 0 0 -11 7 0 0 -16 37 0 0 0 0 -27 9 0 0 0 -4 -10 0 -3 1 0 0 -37 0 0 0 0 -14 0 0 0 3 0 0 0 0 -8 0 23 0
10 -26 70 -69 -23 8 -29 -12 9 -44 10 -20 -41 69 -67 8 31 -61 20 41 32 31 43 -63 -64 -15 -3 -10 68 2 10 8 -43 51 63 -2 15 -37 69 -4 -68 2 -59 37 -9 -13 22 41 23 -35 21 -2 68 18 14 3 4 15 0 -17 5 28 -5 0 4 5 -2 7 8 -15 28 8 -26 -9 20 -5 -17 12 11 -10 11 1 8 0 -3 19 9 8 -5 2 -2 10 11 4 8 3 3 -2 15 6 -13 6 -9 35 9 27 -15 -10 14 -6 22 -2 -10 5 -15 -12 15 2 22 -2 5 6 11 -12 8 20 -2 -22 7 -12 20 1 -11 10 -6 3 2 -5 -16 19 23 -9 0 1 -8 18 20 8 9 4 -24 8 -12 -5 2 -12 8 -13 10 18 15 -2 7 3 21 -5 -2 -16 -13 -14 -12 8 7 17 -16 6 -14 12 35 -11 0 4 -22 -4 -6 -16 11 -5 19 -22 0 -16 -15 8 16 14 -11 -1 1 -12 10 -1 11 -3 -14 -11 -15 -1 5 11 -14 6 -12 -1 2 -3 -12 -2 -5 4 3 -14 -5 -12 7 -11 4 -22 -14 8 0 2 -2 0 -9 -12 -9 1 0 0 -12 8 0 1 28 -13 0 0 0 0 2 20 0 0 0 -9 -4 0 -8 19 0 0 3 0 0 0 0 -5 0 0 0 4 0 0 0 0 -11 0 16 0
2 -40 -11 -36 -6 -4 65 -6 9 69 -53 -65 -32 -6 -24 -51 63 57 -66 -46 26 -36 -65 -19 -15 -8 -9 5 48 -65 8 -26 70 13 37 -6 -38 24 35 51 -35 36 -37 7 2 -25 38 53 -10 67 18 -24 34 -22 5 11 20 -6 0 3 -11 10 26 7 4 -8 11 7 5 -8 19 12 12 -25 -4 14 5 22 8 -16 -13 -3 15 12 16 2 29 2 -12 13 25 8 3 8 6 -14 -18 5 3 10 -16 -23 15 -13 -17 0 -26 7 -24 12 5 9 5 -9 13 -19 -17 10 13 -1 1 5 -7 3 -6 -1 -28 7 4 -19 12 -3 -9 12 -5 17 -2 -3 -7 23 3 18 -13 -20 -13 14 -7 15 30 -27 4 2 14 -2 -3 -5 33 -21 -20 10 -14 -18 8 4 22 -18 -6 1 -12 21 19 -13 7 11 -7 11 -5 -1 10 -5 -8 -7 -14 -18 6 10 4 0 -11 -8 11 14 4 -22 5 -9 -24 14 13 2 -5 -7 4 5 17 13 -3 -7 3 8 -2 -20 -14 1 -4 16 4 1 3 6 -6 9 -6 -11 -1 -6 -1 -23 -26 4 8 30 9 16 -4 7 12 0 0 0 9 -11 0 2 15 3 0 0 0 0 1 16 0 0 0 0 9 0 18 17 0 0 3 0 0 0 0 2 0 0 0 5 0 0 0 0 -8 0 -4 0
9 -44 69 -31 27 -36 66 -9 -9 -36 43 18 15 -56 2 61 -60 41 -51 -43 34 8 -15 14 29 -3 0 -19 24 47 -10 -42 37 -20 -7 9 -1 -5 8 14 32 -7 3 30 4 11 67 30 -48 11 67 17 18 12 -7 -16 -6 2 0 8 -1 -3 5 -17 -11 -14 0 27 4 7 -24 -22 4 -1 -1 3 8 -12 -15 1 -1 9 -14 -12 0 3 -6 6 4 -10 1 -15 -10 -11 -19 -9 24 17 -8 1 18 3 -15 -1 -2 -11 9 16 -12 1 9 2 3 20 -13 5 -3 -2 9 -13 14 -2 -2 4 -10 -12 -11 7 -11 1 -3 14 -3 8 -12 -8 19 15 5 7 14 0 -11 9 3 -24 19 10 -6 5 3 34 -1 -21 -16 -7 9 8 -8 -10 -7 1 -8 7 9 -9 -24 14 23 -16 3 -14 20 -2 -3 -1 -14 2 8 11 -17 -13 2 -6 3 6 -5 4 26 -11 0 7 4 -6 2 21 -8 5 2 8 18 16 5 -5 6 1 -6 8 -9 17 -1 0 -4 14 -15 -6 16 0 2 3 11 -13 12 -11 2 0 2 39 16 -5 27 -4 -15 -7 -9 -1 -3 -4 0 0 8 5 0 0 -12 38 0 0 0 0 -4 3 0 0 0 -3 0 0 -11 11 0 0 -13 0 0 0 0 -5 0 0 0 -6 0 0 0 0 -28 0 24 0
-15 19 -53 -45 8 5 53 -18 -3 42 42 1 21 -10 16 26 -38 62 -37 -52 -3 15 45 -46 -22 10 12 -3 26 54 -10 -4 -4 -47 -41 14 40 -45 36 26 -26 -64 58 62 -29 -13 -34 48 50 58 -33 -16 30 2 0 10 2 -21 -15 -13 15 1 -4 0 19 6 -10 0 -2 7 -2 2 8 14 4 -9 10 30 23 8 11 -14 12 12 -7 -6 5 15 -3 7 2 7 27 8 14 -16 3 0 -7 -17 -4 -10 26 13 -2 -2 -10 -10 1 18 -1 -7 -10 28 -11 -6 16 -13 10 0 -2 -3 1 -7 -5 6 -2 -11 -1 -6 8 -3 -10 -14 2 22 11 6 -4 10 5 -6 14 -26 5 -4 -2 -7 5 21 -5 5 -7 1 23 3 0 2 -4 0 -1 2 20 17 -20 -19 13 10 8 14 14 6 -10 4 -32 -17 4 -4 6 16 12 38 -1 -17 -19 18 13 18 -21 -1 -1 -6 2 8 21 -9 -13 4 -8 -2 2 -7 13 41 -22 12 -1 -4 33 -11 0 -14 11 -3 -8 6 -34 1 7 -5 -8 -10 3 0 25 -33 9 -13 -2 11 -2 -1 9 13 26 -12 -6 -2 0 0 -13 -9 0 3 8 -16 0 0 0 0 -3 -5 0 0 0 -2 11 0 -7 20 0 0 11 0 0 0 0 2 0 0 0 10 0 0 0 0 12 0 -26 0
-19 -15 -67 -49 7 -3 -41 16 5 5 42 68 -38 2 70 -48 -39 66 39 -45 51 -43 12 56 16 16 -9 34 13 9 -1 -40 62 -36 8 -10 9 -30 10 45 -25 28 54 -40 13 -8 -47 57 69 56 63 5 67 2 -12 26 34 -10 5 14 20 0 13 -9 -4 18 10 -10 -2 -13 13 -11 3 19 5 -26 4 -14 -5 14 -8 -15 -6 6 -9 -9 -18 -1 -5 5 -5 -28 -10 22 12 39 -8 1 9 19 -3 20 14 -3 -6 3 18 2 -9 4 3 0 21 11 23 -24 -2 0 3 13 21 -23 4 -8 8 1 -1 -4 18 16 -8 2 2 -17 2 39 -3 -17 23 -19 1 -1 -4 1 -21 18 -18 -5 -21 -11 -18 -30 -1 -1 4 22 -1 9 15 -6 -15 5 -8 -5 3 -26 1 -19 3 -8 10 -27 3 -20 4 5 6 -4 -4 -5 13 17 18 3 15 15 -10 11 5 -3 -4 23 18 -9 -25 -27 -19 -7 -18 21 -12 3 -4 -9 6 2 3 -5 -9 -13 22 -7 -1 13 -4 10 19 0 1 -9 -1 9 8 3 -3 -5 -15 -7 -27 0 -7 20 14 -6 18 -7 6 1 0 0 -2 0 0 0 -16 -3 0 0 0 0 -2 12 0 0 0 4 7 0 -4 -18 0 0 -13 0 0 0 0 7 0 0 0 7 0 0 0 0 9 0 -28 0
-2 50 12 -20 -12 28 -21 -23 23 20 -67 -34 -15 29 -14 -67 -16 29 -69 68 37 8 -40 64 -14 20 4 16 -41 13 4 -47 -59 41 -66 6 14 -27 -52 -56 43 0 -23 -54 -6 -3 -66 -4 -63 -49 -6 -2 26 11 28 20 -11 8 -14 20 -1 9 -18 16 -14 19 -6 -3 -26 -9 -14 5 -1 -4 12 -12 4 8 8 -16 -6 -6 -8 -1 -14 1 -14 -14 12 17 -8 0 -2 -3 21 -9 -8 8 7 -2 11 -15 5 3 6 -29 -2 -30 10 -19 -3 -13 -12 -7 -9 8 13 -6 4 -10 -4 -5 2 -28 12 -12 5 -6 -17 7 13 -3 2 -3 -14 -8 -9 -10 2 -4 1 -3 9 -7 17 5 -9 0 7 5 -13 1 -6 5 -21 -5 -17 6 2 -5 16 -15 2 10 0 0 12 1 -1 7 -8 30 -23 -9 -13 -4 11 9 15 -6 21 -10 -5 3 5 -3 -14 4 -7 -2 -5 -4 -17 19 0 -3 0 14 4 25 21 -24 11 7 -4 7 16 4 11 6 6 -7 -5 -11 -12 -8 -9 -1 11 13 0 10 -3 -17 14 -3 9 -13 18 25 3 -12 5 -8 -10 13 17 -1 0 0 -19 13 0 -4 0 2 0 0 0 0 -15 15 0 0 0 -1 -3 0 -6 13 0 0 -5 0 0 0 0 -10 0 0 0 10 0 0 0 0 5 0 -11 0
-5 -44 13 30 -2 -21 -44 8 -10 28 57 -13 -55 10 40 41 65 47 64 -27 32 -12 -60 -25 20 3 -8 -21 46 35 -6 66 -37 -70 4 30 -32 -67 46 46 29 -64 21 -36 11 -1 -26 39 -10 25 58 15 60 21 -11 7 -4 5 6 -15 13 -2 -7 1 -8 -20 -13 -1 -13 26 4 9 28 -17 1 -7 4 18 4 24 18 -33 -11 13 4 -21 14 13 15 -24 -2 11 18 8 -4 11 -4 0 -10 16 -9 -10 11 -23 -7 -9 -22 9 3 4 2 -8 24 5 25 -4 -18 -13 1 10 -10 16 -3 15 -7 -13 1 -2 -13 2 -3 11 7 -20 28 27 35 24 -7 -15 8 6 -3 5 -1 14 -2 -14 0 -2 6 7 -9 -11 7 0 14 23 -20 -1 -9 14 -6 8 -9 2 14 11 5 -18 -24 2 23 -14 5 3 6 -5 -7 23 -8 29 24 12 17 6 4 -11 3 5 -5 -12 8 -9 7 1 -10 5 -11 -15 -7 28 19 -15 12 7 -6 15 -2 11 -3 3 0 12 -17 -2 7 1 14 -7 -2 1 -2 3 33 6 5 6 -13 -13 7 -8 -6 35 11 -18 9 -6 0 0 19 -12 0 0 8 -9 0 0 0 0 -3 17 0 0 0 -2 14 0 -7 2 0 0 3 0 0 0 0 18 0 0 0 -7 0 0 0 0 0 0 25 0
26 44 -40 -33 -6 11 64 1 5 10 -45 -62 34 -38 -46 -56 23 -60 -47 36 -58 56 35 -26 63 -20 12 -12 -6 1 0 8 52 -52 -28 -11 12 46 22 48 -55 25 57 -69 1 14 35 -46 3 -61 20 14 -43 6 5 -7 -5 15 12 -14 8 -5 -18 16 2 10 -5 -17 -11 -14 20 -11 -3 -2 10 8 0 -5 -5 -15 22 -10 -4 10 -13 -1 22 -13 28 -11 7 18 -1 -13 26 10 16 7 -19 3 -16 18 -24 19 10 -1 6 -5 19 -11 13 -7 3 -11 5 -5 4 11 7 7 -10 -11 8 -13 10 5 1 -6 -30 -18 -2 -16 18 5 5 -5 -24 -2 -5 10 12 -7 -18 -12 -10 23 7 15 -21 -4 -3 -6 0 2 -29 8 -8 -9 -8 -8 12 19 -5 -11 18 14 1 -2 6 -11 -1 3 15 -2 8 -3 4 2 -8 -14 -4 2 -8 18 18 3 -6 -14 1 13 -14 -8 -18 21 9 -2 10 10 10 -8 -2 17 8 -11 -22 -4 -5 30 0 7 5 11 3 -2 -5 -8 -20 1 1 -3 24 -6 3 -6 0 -5 21 -4 8 0 -10 5 0 3 -13 1 -1 -3 0 0 -15 21 0 -3 27 -8 0 0 0 0 -2 31 0 0 0 -2 -14 0 2 3 0 0 -19 0 0 0 0 5 0 0 0 7 0 0 0 0 -12 0 20 0
16 -14 -41 67 -20 -6 -16 -25 -1 -25 -37 -11 -19 30 -48 14 -25 -2 -17 27 -35 -41 -50 -66 -8 -11 2 -24 -35 17 20 -66 -48 -18 25 -9 25 -16 -23 67 -21 19 62 29 13 -7 60 15 38 51 40 -12 -4 4 19 9 3 1 -8 18 7 14 -11 -10 7 5 -8 -16 4 10 -4 -22 3 1 -15 -14 8 27 2 4 -9 6 9 10 -6 -6 5 17 1 5 16 20 3 10 -9 -14 -20 4 -28 -7 0 11 5 5 -24 22 -2 19 -2 -2 -8 16 -5 4 15 -19 -2 -14 12 1 16 -6 21 -9 7 -5 -31 -4 3 -19 -1 -21 10 8 10 -5 0 -1 22 22 -15 5 -55 -4 -2 -4 11 14 18 -2 -1 -1 1 -2 3 -6 8 -12 -16 -13 0 19 15 1 -6 6 6 4 -19 -3 -4 24 -3 9 2 -1 -3 9 -9 -7 -14 -3 -13 10 -13 3 -12 15 3 10 5 -1 -1 -4 10 -6 -2 15 16 9 4 0 8 -16 -7 -15 18 -3 0 -14 14 5 11 11 -18 -3 -3 4 11 -8 -17 -32 9 -11 -1 -10 -1 8 -16 3 12 6 23 10 -10 -1 -8 0 0 0 -13 14 0 0 -14 -1 0 0 0 0 -15 -12 0 0 0 1 0 0 2 -8 0 0 0 0 0 0 0 -6 0 0 0 3 0 0 0 0 -4 0 19 0
-13 34 33 9 18 -10 3 3 14 -9 28 3 -57 -63 -30 29 62 38 -48 -36 20 -46 -40 0 31 -11 -19 28 -53 -34 -5 -32 23 47 59 4 10 54 40 28 -68 -57 -54 37 2 13 -46 69 3 50 -62 3 -58 29 15 -5 17 -23 -4 19 -3 0 13 -12 8 32 4 6 -2 -5 -34 -16 -15 -13 3 -26 1 18 14 2 13 2 -12 12 -6 -4 -4 -18 11 -5 -7 1 -3 -13 -16 12 10 7 9 1 0 5 -2 -6 14 22 22 14 9 -10 6 -21 18 20 -13 9 -4 1 14 12 0 13 2 -4 3 10 -3 -5 -3 -2 7 -8 9 -21 -13 -11 6 19 23 4 9 8 23 -18 8 -10 22 7 -19 5 -6 17 -2 13 -11 1 -30 3 0 -4 3 10 -19 9 5 -4 12 14 17 -5 17 16 -17 -10 3 -5 -22 -12 7 16 -9 11 34 32 10 13 6 -7 28 10 -6 -4 0 15 -6 -2 -5 9 -6 15 -20 1 4 -5 2 2 9 -5 6 -2 20 -5 -10 0 -7 7 -7 -2 -1 -22 8 -4 12 14 -6 -13 -3 12 13 -6 3 -15 16 -9 -7 2 2 -4 0 0 -7 12 0 4 0 9 0 0 0 0 -19 11 0 0 0 0 -8 0 -2 -4 0 0 -21 0 0 0 0 5 0 0 0 -2 0 0 0 0 -1 0 19 0
12 14 -11 -22 -1 -25 -39 -4 38 -59 -11 -4 -42 -19 4 -50 -34 -28 23 48 -55 18 44 -17 39 -28 -5 -14 -35 -21 7 4 2 50 65 2 23 43 -35 -65 -10 -5 63 42 28 -21 56 46 68 0 -12 -4 -43 -6 -7 12 1 -5 2 9 -8 9 17 -6 20 16 24 2 14 -9 27 8 -43 12 3 -15 0 -21 -17 -12 15 11 -7 2 -4 1 5 5 8 33 11 8 4 -13 4 -14 -10 -4 11 8 -11 7 -8 38 34 19 1 -1 -2 6 30 3 -21 20 -20 -8 7 1 10 16 1 3 -8 -17 5 4 -3 -8 -5 -12 4 7 -11 -1 -12 -8 -28 -6 -20 3 0 -2 -17 -25 21 -24 18 22 9 -5 -4 -1 -9 -4 15 3 -2 2 12 13 3 27 -11 0 9 3 34 -15 -11 -2 9 -21 -3 18 -2 7 6 6 26 9 2 0 -15 7 -13 12 -2 12 18 -9 3 -5 -7 6 -11 14 -10 3 6 6 19 -1 20 3 -5 -13 -7 -19 -5 -15 -14 -5 -12 11 17 -17 -6 -1 1 -1 13 -4 -5 2 -22 -3 -12 -18 -15 6 7 -6 -5 -8 2 7 -5 7 0 0 -16 2 0 -4 21 2 0 0 0 0 9 6 0 0 0 3 -6 0 1 3 0 0 -10 0 0 0 0 -15 0 0 0 6 0 0 0 0 -4 0 18 0
32 -68 64 -15 11 21 -35 1 5 -45 3 -20 -60 -17 -24 -46 -52 14 14 -61 -10 -39 30 8 25 -17 -3 3 -57 53 11 -38 38 -52 39 24 -13 62 52 48 -10 0 13 35 -8 6 -11 8 -41 -5 54 -13 -43 3 -16 -10 15 -20 4 7 2 -7 10 -5 9 12 12 3 34 -16 6 -7 -28 -12 -21 6 -10 4 -8 -7 11 3 19 -16 -8 -13 11 -6 -17 -11 2 11 4 11 -24 -10 9 -5 20 -2 -28 -9 11 -7 11 29 -15 6 13 -2 3 -8 28 10 -18 -1 2 -3 21 -18 12 19 -15 17 2 4 -9 1 9 6 5 -12 -14 6 -6 -36 -3 -1 -5 -3 -2 10 9 -21 0 -7 -8 16 9 3 15 26 10 18 -11 -5 14 -13 -12 21 3 2 -3 7 -2 -11 -1 4 -8 0 5 19 -5 -1 -1 4 -2 -21 13 -2 -10 -6 16 -7 -6 -8 2 -28 18 8 -16 -14 12 8 10 0 20 -10 12 -20 -5 9 -10 -2 20 -10 -21 -13 6 -19 -6 15 -22 -3 -15 12 -24 -2 18 6 6 -10 -9 20 -26 12 14 5 1 -12 -23 -2 -11 -3 3 -28 8 1 0 0 5 -6 0 0 -12 -7 0 0 0 0 15 -17 0 0 0 -1 -6 0 6 16 0 0 1 0 0 0 0 6 0 0 0 1 0 0 0 0 6 0 0 0
-15 63 -2 -16 -10 -7 -9 -9 -13 37 -39 41 -35 -7 41 29 17 -5 28 -17 65 -38 51 -60 -64 29 22 0 45 38 -4 -26 58 -5 -12 2 48 43 -32 68 -9 12 -43 -6 -5 -4 47 27 20 -41 -19 -3 28 -1 -10 0 -10 11 -27 23 20 -16 22 0 13 -10 -12 -1 10 4 16 -10 -20 -16 -12 6 -16 8 -13 -13 7 0 -14 1 -11 -3 9 -1 -14 -16 21 -4 -3 -8 8 0 -2 4 -26 -18 15 -9 7 3 7 -13 -22 -2 -18 -11 -7 3 19 27 -14 8 -19 -5 -5 -9 7 -9 -29 2 -5 -3 0 17 6 -5 4 4 8 -9 -21 2 -4 -1 6 5 -11 -19 -10 -14 24 -34 32 -4 26 5 -3 10 -3 -16 -6 -23 -8 -6 -16 -15 -6 -2 16 24 -16 2 7 13 22 -18 -13 -8 -2 1 -2 -4 -14 -16 -4 -8 -3 -19 -3 -14 -11 -11 0 10 -12 15 -5 6 -20 11 8 2 -1 11 9 -5 21 -15 3 1 2 -6 9 20 -1 6 -7 5 12 -19 -3 21 -11 2 27 -9 -13 -8 5 -7 -16 1 17 -20 5 4 14 9 5 0 9 33 0 -2 0 0 -17 -1 0 -6 -22 17 0 0 0 0 -7 1 0 0 0 4 -8 0 9 14 0 0 -5 0 0 0 0 -5 0 0 0 6 0 0 0 0 3 0 -20 0
0 -69 -31 53 -7 3 7 12 0 67 -30 -37 64 -61 -65 21 -41 2 -69 -25 -20 -8 -58 10 -24 7 12 -9 26 5 3 42 55 35 36 -8 -2 -6 -23 -39 -49 41 41 1 16 16 29 -48 -8 -62 12 -2 -14 1 4 -9 -15 -4 -3 11 21 -7 1 -16 -2 5 7 -6 10 -4 2 4 -13 22 -3 -19 2 1 -15 -8 11 -3 4 -4 -2 -8 -12 8 -24 -25 -7 -13 -5 -2 5 19 8 -15 -14 -8 10 -8 -6 12 -19 -10 6 -1 -15 19 -2 21 -18 3 2 30 10 -3 -4 -23 0 -16 1 5 -1 17 -1 -12 0 7 1 13 2 13 -3 -3 0 0 -11 -1 7 -17 3 -10 16 -33 -15 -5 -3 -3 -11 7 -7 -6 5 -6 17 -1 18 -15 1 13 4 2 0 -17 -14 7 7 3 -1 -6 -2 -24 19 -20 9 13 8 6 13 17 24 -8 -6 -1 -10 5 -9 -11 -16 8 4 -11 -5 -7 -1 4 -10 26 12 14 -6 15 -8 5 4 3 -13 -11 10 18 5 5 -5 -10 16 0 -6 -3 1 6 0 1 15 8 -4 10 -1 8 12 5 -16 0 27 -1 7 2 0 0 -3 4 0 3 2 16 0 0 0 0 0 -19 0 0 0 0 1 0 -9 18 0 0 12 0 0 0 0 9 0 0 0 6 0 0 0 0 6 0 -28 0
9 -51 12 56 11 3 69 30 1 -65 -22 -23 44 33 44 38 66 3 -3 20 -23 70 -7 -42 60 8 10 7 -15 -58 17 12 -53 45 -11 0 -29 34 32 -50 -37 21 -65 66 -25 -11 31 5 -32 70 -47 -15 -2 -2 -3 5 14 -14 -4 -28 -15 -3 15 -3 -2 -12 12 16 -8 13 -7 3 17 -1 8 1 -5 15 15 19 1 -9 -2 11 -1 -8 14 11 -13 1 10 4 2 4 -12 -9 -1 -9 4 10 -18 -1 15 -15 11 9 3 11 -6 6 10 0 31 -5 -40 -2 -1 -11 2 -5 -18 10 -23 0 -11 -1 8 12 -1 -9 -1 -5 -10 -27 -1 24 -13 0 -9 -7 -14 1 28 -10 -6 15 -25 1 -5 6 19 18 9 9 23 3 10 6 -6 10 -15 -9 7 -8 -8 5 5 9 3 11 3 12 4 -7 -26 5 -20 -10 5 6 0 8 -1 -13 -11 -2 2 -19 -16 4 9 -12 16 -30 19 -8 6 -4 4 -27 -21 -18 -7 9 -7 -3 -12 3 11 3 -13 1 -13 -14 8 13 7 -1 -6 -21 4 -7 -6 29 -10 8 0 -18 -4 -22 -5 3 -1 -16 27 -23 -1 -1 0 0 0 -31 0 1 -17 -5 0 0 0 0 -8 -8 0 0 0 16 -4 0 -8 -10 0 0 -2 0 0 0 0 9 0 0 0 -4 0 0 0 0 15 0 -15 0
-11 49 43 -15 14 5 -32 -35 -29 41 64 6 -48 -41 53 -54 -68 -14 40 -49 -10 -4 69 -67 -26 2 33 17 49 6 -20 -34 69 -11 -26 -6 29 -67 32 50 22 57 28 -6 -25 18 24 -42 42 27 -52 -14 -69 14 -13 -7 4 -24 -1 -3 -14 -10 3 -8 1 3 -1 7 1 1 -6 -22 16 23 -1 -20 -14 -8 -9 -6 16 -5 -3 4 -21 11 -10 5 14 3 -14 -3 -5 9 4 -5 -19 7 -4 11 5 10 38 9 15 -6 14 -12 3 2 -37 6 4 30 8 -1 10 -6 -11 -10 6 -9 -3 11 -2 -44 33 1 -4 13 -3 -3 -7 11 8 16 7 -5 23 -5 -18 -17 -22 28 5 -15 1 -16 9 -1 8 -6 2 -15 -7 11 -8 27 11 -1 -9 6 4 17 -30 7 15 -2 17 -26 -3 -7 -5 -7 0 -12 13 -9 3 3 0 -1 20 -23 -4 -17 -3 26 4 16 15 23 -19 -2 3 -11 2 -5 4 -10 31 -17 -15 2 -16 2 10 -8 16 -6 6 -17 9 -17 -2 -3 -23 -1 16 -14 -6 4 8 14 9 2 16 -20 -8 -12 -8 9 21 -3 20 -3 5 -1 0 0 8 -15 0 -2 -21 20 0 0 0 0 3 -26 0 0 0 6 1 0 -1 -2 0 0 1 0 0 0 0 -18 0 0 0 -4 0 0 0 0 4 0 -18 0
-5 7 15 -56 7 3 -18 11 6 -16 -53 15 -31 22 -49 36 45 43 -24 -17 63 19 14 -26 63 0 -3 -4 39 35 -6 54 -12 3 56 24 -16 -19 28 -25 -67 20 -43 44 7 7 -1 67 35 -20 52 -9 14 6 -11 5 7 11 11 -26 21 7 0 8 -5 3 13 -2 6 7 4 27 -6 1 13 6 -9 -3 3 13 -10 0 19 -12 22 -2 10 8 -22 -4 -5 0 11 22 -4 24 -4 -27 14 0 -8 -2 3 -12 0 -1 -7 -12 6 -4 -17 -5 7 26 0 -32 -9 1 -2 -4 -3 -17 -14 11 4 -3 -5 9 3 3 -4 -5 -27 -14 17 1 12 -9 1 -16 3 -2 5 3 -4 22 22 23 -37 15 -25 -14 -1 25 -9 -9 16 -2 13 -7 -2 -4 3 -7 8 27 20 -2 -4 -16 0 6 9 -13 4 -2 -21 -21 -3 -5 -10 23 -20 -15 18 -3 -4 29 4 20 -23 -23 14 1 -4 -29 -6 1 -28 11 0 7 -1 -18 23 -18 11 1 1 37 -14 -2 -5 3 -12 -2 -23 0 -21 18 -7 -5 6 15 -9 4 21 -15 -18 1 -3 -17 -15 6 -13 -17 -9 0 0 0 22 -36 0 2 -3 -23 0 0 0 0 13 40 0 0 0 -1 5 0 -4 1 0 0 -8 0 0 0 0 6 0 0 0 8 0 0 0 0 -6 0 -11 0
37 -15 59 41 -2 13 -12 -7 24 -10 -12 -59 -11 -36 22 23 35 49 -61 -20 54 19 23 -20 -13 4 8 -8 -69 29 16 47 -46 -40 -64 -16 -3 44 -49 19 -19 36 7 -31 -8 -14 57 22 -8 31 67 31 9 -4 -4 -8 -22 -1 5 -6 -3 5 -22 27 -35 -10 -10 12 -10 -5 -7 -17 12 3 5 22 0 -8 -3 9 -12 -4 -3 2 -10 17 -26 4 52 -5 3 20 -9 -25 9 -10 6 6 1 2 -1 12 -15 8 12 -1 22 3 34 -22 6 -17 -3 -28 -4 -17 19 1 8 -1 -6 -15 5 -16 26 9 20 -6 -8 7 -17 -18 -6 -4 26 -40 -6 -7 -5 -23 -6 8 9 30 -15 20 1 0 -9 15 10 -11 -12 1 -8 19 -2 -13 6 -5 18 -9 3 -7 10 11 -20 -9 -2 11 -5 10 13 14 -31 0 -10 -9 -4 2 -1 -1 -13 -7 -2 -20 8 -26 -10 -1 2 4 -5 -3 11 25 24 3 17 -7 -9 -2 -6 -9 2 -9 10 8 4 12 -1 4 3 17 10 -3 12 -1 -24 0 21 -1 -7 -1 3 -1 13 6 11 1 -4 -28 1 9 -16 -14 -12 -3 0 0 -10 14 0 -1 -18 0 0 0 0 0 -5 -4 0 0 0 -7 -16 0 -7 -18 0 0 -7 0 0 0 0 -25 0 0 0 -10 0 0 0 0 -13 0 17 0
-38 -17 -67 -61 0 -19 -20 -11 6 69 34 22 -4 -38 21 35 -19 18 -24 -23 60 40 61 -48 32 -3 -3 3 -6 56 -2 -64 -7 -15 41 25 10 -1 -2 38 41 -68 33 -45 1 23 13 -31 5 12 10 8 40 -3 4 2 27 0 4 -10 22 4 -6 -1 13 14 6 0 -30 7 10 7 -7 2 5 11 -4 10 13 -17 -13 4 -19 6 22 10 14 19 -28 14 4 -1 8 -13 -17 -12 13 -5 32 -19 -8 -14 -31 -18 -8 -12 -1 -14 10 -12 -1 -23 -32 -15 -5 11 -11 7 3 -4 -3 0 1 -16 5 6 9 14 -11 -16 9 3 9 -15 6 -12 14 10 -20 -25 4 11 6 13 -7 -6 21 0 5 -16 -19 14 19 9 -8 -16 -7 -16 24 2 24 19 -14 1 -6 -5 12 -12 16 29 -10 13 -16 -12 24 -1 -23 -12 1 0 12 -6 8 13 10 -2 -6 10 -3 18 -25 -7 4 0 -5 27 -4 -2 -37 7 -15 13 9 -9 8 16 -9 26 -10 12 9 3 -12 4 16 -2 15 2 10 -3 -10 11 -5 14 9 4 -8 1 -11 28 -2 -13 -23 26 -8 20 3 -1 0 0 19 5 0 5 -1 -13 1 0 0 0 -5 9 0 0 0 -10 3 0 6 22 0 0 5 0 0 0 0 10 0 0 0 3 0 0 0 0 -15 0 6 0
-44 -51 -21 48 50 1 -32 -9 -6 -55 59 57 63 62 2 -19 -1 -13 -70 -29 -60 33 -4 18 -12 13 16 3 66 35 11 33 -34 59 33 -16 -3 69 -25 -15 -68 -12 -19 -68 -1 16 -51 -47 32 65 60 -13 41 2 2 19 16 -1 14 -6 -10 8 1 26 21 0 7 -11 -19 8 8 -2 -11 4 -25 -11 -9 -7 -12 -10 7 13 -7 -12 10 -3 -3 11 -2 11 0 7 -9 -12 15 -9 16 13 9 13 7 0 27 11 -12 -30 21 -12 10 -17 9 2 -1 18 9 -6 -11 4 8 5 6 -18 17 0 -20 -10 1 2 16 -13 -7 -4 -4 3 0 11 18 8 17 -7 -4 -4 -6 -1 14 -8 19 -14 6 18 17 1 11 -7 44 -9 -21 -8 0 1 2 3 4 -12 -21 -1 4 5 -13 0 -2 7 -16 0 3 1 -16 21 17 5 30 -1 -18 -5 -21 -18 -10 16 17 -17 -14 -14 -31 -1 7 -2 8 0 7 16 -2 3 -25 14 -20 1 8 -7 -22 -18 23 -15 10 3 5 -12 -6 -3 24 0 -25 -8 -2 -9 -10 4 -14 -3 11 1 -8 0 -13 9 7 8 -3 -2 0 0 3 2 0 5 -30 -18 1 0 0 0 13 -14 0 0 0 -1 13 0 10 -18 0 0 6 0 0 0 0 -7 0 0 0 9 0 0 0 0 19 0 2 0
-5 -29 7 10 -9 -25 -68 -17 4 26 -3 -4 -11 -61 -16 -63 34 -16 10 -39 -65 -21 -5 -39 18 14 -16 0 -21 -58 9 58 -1 59 -53 -22 17 19 -17 31 66 28 -33 -22 1 -10 49 63 44 -34 67 -7 61 13 -5 -13 6 4 8 -7 0 11 -4 2 -17 16 -8 -8 3 -17 9 -26 1 -2 -1 8 8 -23 17 3 14 22 -6 -5 8 8 -28 8 -4 -2 -4 -2 11 -11 -3 0 12 -7 27 10 -16 36 -33 -10 8 24 1 12 2 -9 2 -12 12 3 -3 15 -12 7 29 15 5 -11 -18 0 13 9 14 -16 8 -29 7 -28 11 3 -2 8 14 11 10 5 10 13 -4 2 -14 -1 10 6 -1 9 9 15 8 -10 -4 -1 -50 -25 -3 24 7 15 -15 -7 18 -10 -8 3 2 1 8 -6 -15 2 0 14 -10 -12 20 -4 0 -6 -7 26 -21 -23 13 -24 22 -4 15 2 7 6 -31 16 -35 -10 8 -5 2 -9 9 -9 -18 -10 -23 -2 -6 -34 12 11 2 3 1 32 7 -1 11 -12 4 6 4 -14 -15 -5 -6 -12 3 -12 -16 2 10 2 -16 -6 3 4 0 0 -17 13 0 -6 -20 24 -1 0 0 0 0 3 0 0 0 -1 -27 0 -7 4 0 0 -29 0 0 0 0 1 0 0 0 1 0 0 0 0 -18 0 18 0
0 52 41 -16 -2 -4 -36 1 13 -19 62 -56 -33 48 67 43 -21 53 -45 52 -10 -27 -35 27 -36 7 -2 4 60 5 7 20 6 54 6 12 29 28 -37 -54 -7 60 -23 -22 -27 33 -25 43 9 42 -53 13 30 11 -8 -2 23 5 1 -10 14 -14 -1 -7 4 1 12 13 -5 -1 14 -9 -12 -20 14 -4 5 17 13 -5 13 4 -18 7 -20 -29 6 13 14 7 -3 -3 5 3 19 14 -2 18 0 2 -11 -8 11 12 13 -18 16 -8 -6 -8 13 -10 20 7 -8 -13 19 -4 -7 14 -3 -13 -14 -2 23 16 -9 7 2 -8 0 -24 14 -21 -8 0 -22 -4 11 -19 -7 3 -21 -19 -3 -2 15 8 -20 7 -9 -7 4 24 -1 -9 5 10 -2 1 18 5 2 5 -6 4 14 -10 15 4 19 -5 3 13 -8 -3 -2 -12 8 0 -4 4 7 15 6 11 18 4 11 11 -9 -8 -21 12 -2 -10 -12 -4 -7 -12 -6 7 -1 13 -2 -5 -19 -7 -11 1 25 4 -8 5 7 9 -22 -3 1 12 8 10 8 12 8 -20 7 -30 -25 -3 -18 -4 -5 -3 1 15 -1 -2 0 0 -9 14 0 1 24 -23 -1 0 0 0 12 5 0 0 0 11 -3 0 -2 4 0 0 -19 0 0 0 0 12 0 0 0 3 0 0 0 0 -6 0 -13 0
-7 11 0 13 14 -4 -21 -1 -13 34 -42 -41 18 -21 61 66 -51 -10 54 5 -42 12 61 3 -50 6 15 2 -52 -3 4 40 19 32 45 -15 -8 -56 -64 67 -51 -28 -3 69 2 -8 59 22 27 -9 -44 5 -53 -21 4 8 -6 17 5 -3 -15 1 -10 14 12 -7 -19 -2 -1 5 12 -11 2 -1 1 5 -1 -13 -12 -3 10 -19 0 -12 4 2 -2 -8 5 -3 -6 6 -10 -10 29 4 29 23 9 -7 -2 -26 -6 18 7 -11 -6 -8 6 29 24 -20 -16 19 -6 12 2 2 -14 9 -4 1 2 1 -2 10 9 -5 12 -7 7 25 14 5 -12 7 -1 5 -27 -14 -1 -15 7 3 17 -13 1 -18 1 3 13 -3 -6 -11 8 6 -9 1 6 5 -6 24 -3 -6 -8 -14 -10 -2 1 6 -9 -17 -6 -17 10 9 8 15 -5 -3 31 -17 10 -3 -5 0 -3 7 -12 -14 10 23 -22 -8 15 12 17 -9 -5 -20 -10 4 18 6 -2 14 -3 12 -16 -9 -6 -4 21 -2 7 -12 16 -3 5 -9 -7 13 -14 1 16 -6 -8 -1 9 12 0 -7 -22 7 13 19 13 -6 0 0 14 14 0 3 6 -7 0 0 0 0 12 -11 0 0 0 -8 12 0 -4 -8 0 0 17 0 0 0 0 -5 0 0 0 -3 0 0 0 0 13 0 -26 0
19 -64 11 26 -6 28 -34 -1 15 23 28 -3 55 8 -24 25 55 -17 27 -52 43 52 36 -63 11 -9 5 2 65 -33 18 -46 -66 -70 30 -2 -38 5 12 -52 13 -39 9 46 -11 -3 -67 -28 -68 -33 16 -9 -26 -4 -19 -3 12 15 -11 3 1 6 1 -5 -16 -15 22 -6 24 -14 40 17 14 -7 21 2 -1 -6 1 -17 -12 7 15 -19 18 11 21 19 -31 18 3 12 -8 15 33 -2 -6 13 11 17 -23 -20 18 2 -7 9 -3 -1 -20 9 8 22 -22 -20 3 -6 18 2 -3 -4 4 -12 -13 2 6 12 -15 -15 18 -4 24 8 4 14 -3 16 0 11 -18 -1 10 9 14 2 -28 2 -21 3 28 -9 19 -15 12 2 -6 -8 23 -20 -2 13 -25 4 1 -13 14 -1 -3 0 -12 -1 22 -20 -6 36 -13 27 5 6 -6 11 -16 -7 -9 -10 0 5 -18 -5 -21 -21 9 5 10 2 23 -9 -13 -20 19 -3 -3 -18 -11 -1 -6 14 -3 -21 -1 -31 -10 15 -3 23 -6 12 6 2 18 13 -24 9 3 -32 5 1 -15 -20 -18 4 0 24 -9 1 3 -14 -4 2 0 0 -3 -10 0 -10 21 2 0 0 0 0 11 6 0 0 0 13 -1 0 -1 8 0 0 3 0 0 0 0 26 0 0 0 8 0 0 0 0 -20 0 -2 0
0 2 -51 -25 15 23 -27 -8 -11 -21 -8 18 -26 52 44 -58 -59 52 61 2 -9 -39 57 30 34 19 1 -25 33 2 0 63 56 -46 43 12 -11 14 -47 -68 54 -46 21 -60 8 8 45 -3 -35 30 -15 -13 16 7 21 13 30 12 25 -13 13 0 -3 7 18 -9 6 -5 -26 6 7 7 8 -7 -19 -5 7 -4 16 -10 6 4 -16 -9 -3 -13 24 -9 11 -12 3 9 0 3 8 -6 5 23 2 0 -1 12 13 -3 -12 -16 10 0 6 -27 -8 12 7 2 4 -3 7 -5 -18 14 -1 -4 10 -1 -1 -22 8 7 -10 3 5 -14 16 -10 3 17 -2 -15 22 7 4 16 -19 -3 2 -13 2 -16 -5 -1 -6 16 -9 11 9 -4 4 8 -1 -9 -1 3 12 -3 -31 6 3 -7 -11 2 -7 27 8 -4 -2 -10 -14 -2 22 -9 32 9 -11 -8 -10 0 4 10 7 -11 -29 -28 -16 8 15 -9 0 17 5 1 14 10 -1 12 -10 -12 -12 -9 5 9 17 -9 7 -12 -9 3 -33 -2 2 7 -8 6 5 5 4 1 19 2 6 -14 -11 -13 -7 8 -8 -1 0 -2 0 0 11 3 0 11 9 -24 0 0 0 0 0 20 0 0 0 -3 9 0 7 8 0 0 -17 0 0 0 0 5 0 0 0 10 0 0 0 0 -6 0 9 0
-25 -8 -20 -59 7 -35 -54 22 3 45 44 -16 -48 -53 15 67 -36 -10 -30 -69 61 32 53 58 -3 -5 -11 21 -7 66 8 -4 -44 65 55 -2 6 11 -60 31 38 9 -48 -63 1 -46 -39 -58 -18 -67 40 -8 11 -26 -32 7 13 -16 5 11 0 -5 7 5 13 6 -4 -6 33 5 11 -4 -10 2 -4 26 10 -3 9 27 -14 8 20 8 -4 0 -3 -12 -17 -3 10 -10 8 8 -13 -2 5 -9 12 -11 -19 -22 -6 3 -15 21 -26 -9 -13 15 15 -3 -6 24 10 -21 -19 -1 4 4 9 -2 -1 -1 -13 -9 -14 18 44 -17 -7 20 -18 0 -13 10 -18 -12 -6 9 0 -15 22 -24 3 16 -1 -18 -2 1 12 -27 13 -6 27 -17 -1 -17 9 9 -18 -11 30 5 -14 -29 3 3 -5 20 12 -18 -3 -6 -7 27 2 -6 -34 -11 -1 -3 -13 -25 -13 9 -6 -1 -8 -3 15 -5 20 -16 23 -19 -5 1 -22 2 -13 -2 -4 13 16 11 21 -17 -8 -11 -6 -13 17 12 -14 17 16 0 4 8 -6 -9 -20 -5 -21 4 -18 -18 7 10 9 19 -9 4 -5 5 10 -3 0 0 11 -6 0 1 -19 -18 -1 0 0 0 1 -11 0 0 0 11 8 0 7 -14 0 0 18 0 0 0 0 -7 0 0 0 -9 0 0 0 0 8 0 -16 0
-34 -30 18 36 10 -4 33 -11 -20 -54 -56 19 64 -11 65 -22 -46 22 -36 -29 -7 -14 -19 -65 36 8 -5 -7 -65 32 -7 54 63 9 -18 12 9 67 26 19 -69 -9 -67 48 10 17 12 -39 -61 59 16 -9 -50 20 -8 5 -12 -9 -2 8 -13 3 0 -2 -12 7 9 10 4 -15 -5 -9 18 13 6 -5 5 11 -3 -3 -1 -3 -17 11 18 16 10 -3 -8 22 0 -4 6 -14 -13 -6 6 -11 20 18 -2 -16 -2 -8 4 -10 -5 -1 11 -4 9 -9 -12 -1 -1 15 -8 0 22 3 -6 6 -11 3 -8 -1 11 -16 -20 -13 2 6 -6 7 7 -3 24 15 4 11 6 -11 36 3 -4 5 10 4 34 -13 -10 7 -1 -13 -4 4 -34 -6 -1 5 -13 7 -15 12 1 -13 0 16 4 1 0 16 -15 -17 2 5 -14 2 17 13 6 9 0 4 5 -1 -23 -8 4 14 -10 -8 6 -5 -14 19 3 -11 6 12 2 -5 9 -11 -13 17 18 6 2 -6 14 -6 -4 10 13 -6 -10 -2 27 -13 -13 3 -13 -15 13 10 -6 3 21 -4 1 -3 9 23 -9 -11 6 -6 0 0 -4 -4 0 0 -6 28 2 0 0 0 -15 1 0 0 0 -3 6 0 9 11 0 0 0 0 0 0 0 5 0 0 0 1 0 0 0 0 6 0 1 0
-1 -51 56 -67 1 -19 17 4 -14 70 17 32 -12 2 18 8 -50 -15 -5 -46 -66 -2 10 35 62 27 -20 -8 55 23 -14 62 -68 -26 -37 1 5 45 58 45 -34 -23 26 -3 21 4 52 -27 -68 -37 -58 -2 -19 -5 -4 -15 -4 -2 -7 8 10 -12 6 -9 7 -2 10 -13 14 -16 8 9 -14 20 -13 9 18 -21 -26 -5 -19 13 -12 -4 0 9 -25 -2 -12 5 12 -21 -19 -19 -36 2 10 -22 0 2 15 12 -13 -16 -15 -14 10 32 -24 0 -19 17 -16 -15 16 55 -20 23 -7 -18 12 3 -7 -2 -14 0 9 1 15 31 -13 8 -3 -3 18 -8 22 24 5 -11 -7 15 17 15 -9 -13 3 -11 6 -17 0 -6 20 -19 2 8 -37 -3 -3 -5 -9 -2 -18 -11 -14 -15 -24 5 -19 17 4 -25 -4 -3 12 -5 -4 -11 0 13 7 3 6 14 -3 21 -1 -12 3 -2 -6 -2 34 -23 -18 13 2 -18 -5 1 -2 27 -14 4 10 5 -9 1 -23 -23 -6 0 -2 10 10 13 30 2 6 11 -13 6 -2 6 -19 6 -29 42 -2 -3 17 5 4 -3 9 21 1 3 0 0 -4 -7 0 -4 -28 37 -1 0 0 0 -7 -28 0 0 0 -6 5 0 10 -5 0 0 9 0 0 0 0 10 0 0 0 0 0 0 0 0 -5 0 7 0
-24 44 17 -16 16 -28 -12 4 -7 -35 -54 5 -29 -52 -29 6 -69 40 -60 -17 -34 53 -11 -18 28 -8 12 0 31 36 12 -30 6 1 -15 25 11 -9 12 67 57 36 -4 -1 -23 4 8 -50 42 13 26 21 2 -27 -29 5 -6 -6 10 -21 -5 -18 -5 -6 15 -5 3 1 1 9 6 -8 1 -6 -10 10 -2 8 -18 19 -1 14 -6 12 -5 -4 17 9 13 6 15 -1 26 -6 0 -12 1 10 -5 -6 -12 -25 1 -15 5 11 20 6 -7 -5 13 -3 4 -3 -8 -13 1 -8 -4 28 -16 2 -23 6 3 20 -23 0 -4 -25 3 5 -8 -5 -4 -6 -11 5 2 0 -13 4 6 -11 6 -1 1 0 17 15 2 -9 8 10 23 -3 13 0 -21 9 -12 10 9 -12 -17 7 10 -20 6 3 7 -4 17 18 2 -2 -6 6 -6 14 -16 -2 -23 -9 9 -5 -11 -5 -10 19 8 -5 21 -1 6 8 -8 -10 -15 -8 -27 11 -9 0 10 -3 0 -6 -5 -10 17 6 1 -14 30 17 6 -3 12 1 -7 -16 1 2 -12 -6 1 8 -10 13 -18 -6 -13 10 -3 -11 -22 4 0 0 -2 6 0 -1 -10 -20 1 0 0 0 18 6 0 0 0 11 1 0 8 -20 0 0 -3 0 0 0 0 1 0 0 0 6 0 0 0 0 3 0 0 0
-14 45 21 66 10 19 35 -5 30 32 49 -54 26 34 -1 19 -57 -58 46 39 -47 -58 41 -55 -62 19 19 31 29 -46 23 31 40 37 -39 -2 1 59 54 -2 -34 -50 64 42 10 -29 -33 51 65 56 -13 -10 22 -18 8 33 -4 -16 4 -3 -3 0 -10 1 -8 13 4 -4 2 7 -6 -18 12 13 2 1 6 11 1 10 -25 -19 -9 -3 -10 17 2 2 9 -3 16 -15 -23 15 12 6 -1 -9 11 6 1 13 -7 -2 -9 20 33 -11 -13 -5 -17 -11 11 16 -4 -31 3 -6 11 11 10 -18 5 -6 4 3 -6 9 6 -4 11 -15 -29 -12 7 11 -24 -14 18 11 3 -1 -1 -16 -18 13 -26 3 -5 11 -5 -4 2 13 6 20 -2 -16 -13 -3 -14 -7 9 -19 10 -9 -9 -24 -10 -15 30 -11 -5 11 -6 8 0 -11 8 0 -2 18 -9 -15 -13 4 6 -10 -11 1 0 -4 3 -6 10 -24 -2 -1 -23 29 -15 -12 -21 -7 21 -4 10 -7 15 -48 18 -11 -15 -9 -21 17 5 1 -13 8 5 -11 17 -6 -23 0 -11 -7 -7 -13 -4 -3 19 -10 -7 -16 -6 4 0 0 -19 -6 0 -3 -29 7 0 0 0 0 2 22 0 0 0 -7 -5 0 -4 -12 0 0 -11 0 0 0 0 -18 0 0 0 6 0 0 0 0 3 0 -23 0
-4 -65 -7 64 -10 32 -64 11 -13 16 -56 -28 69 -39 -23 51 -14 -53 1 -8 -38 -55 41 -18 33 22 4 33 10 -48 17 -29 0 -53 25 -20 12 -33 -20 22 2 -18 58 49 6 -27 -21 -3 -41 70 -14 -18 42 -9 1 31 7 -3 -2 2 12 -22 7 13 32 -2 -2 -7 7 6 -14 2 21 -25 -6 -10 15 31 7 11 -8 -18 7 14 -7 2 -1 16 -22 -13 -7 -20 -19 16 6 2 -1 -15 -24 21 10 -9 15 -10 -32 -2 -6 11 -21 3 -19 22 24 -14 14 6 -1 -3 -2 -18 7 0 9 -9 -8 1 -15 5 17 19 22 -7 -10 -13 -6 0 -15 -12 13 12 2 5 3 5 -4 -3 -26 -3 -4 -8 -10 -3 0 3 15 1 2 -7 12 -7 -16 -22 26 -9 -8 -21 -6 -11 -9 -4 -8 -5 6 10 0 0 13 13 -19 -10 4 2 11 -23 -21 8 -5 -4 -23 -12 15 3 8 -7 7 -27 -1 4 0 6 4 -7 -33 5 -11 3 11 14 5 -22 -1 12 27 -22 -11 21 19 1 -6 -7 -6 11 -14 -5 -11 11 -21 -9 -8 -19 17 15 6 -10 6 -7 -4 6 0 0 -16 -1 0 -6 -10 -2 0 0 0 0 -5 -3 0 0 0 -1 6 0 2 -11 0 0 14 0 0 0 0 1 0 0 0 4 0 0 0 0 18 0 3 0
-14 61 48 53 -2 -8 2 9 -2 -55 -51 65 -12 -11 -44 14 14 -8 68 -28 -35 -66 51 -41 38 22 21 15 37 57 9 -15 29 11 -8 9 4 15 62 57 -5 -37 -64 18 -27 6 -7 12 64 -48 9 -8 -48 6 -8 -4 11 -9 -2 -5 -22 -12 -5 -7 -6 -16 -2 6 -6 22 -2 -21 8 10 -19 3 17 -11 7 0 -1 1 -5 -17 6 6 10 -1 6 21 6 -11 -5 -13 7 -28 9 14 -4 11 2 -20 2 -5 -8 -15 15 -5 -19 11 4 -19 4 3 -14 13 23 -3 -15 -16 -14 9 -23 9 7 -18 2 7 -4 -10 32 -8 26 -29 -8 -14 9 -2 0 -19 -8 7 -3 13 0 -32 -11 -18 -8 3 18 19 -2 6 -20 23 -14 18 13 13 -5 -8 0 7 -11 15 -2 15 8 12 -4 10 -14 -12 8 1 5 6 -6 -9 9 -31 -11 2 -8 4 19 6 -14 -10 16 13 -8 14 5 21 -5 5 13 -12 16 -7 19 -4 2 4 -10 -14 14 -15 17 12 -9 -17 11 7 2 -4 7 -16 7 17 -15 17 -3 3 8 6 27 -8 0 0 -9 0 -5 20 17 4 0 0 9 4 0 -2 6 3 0 0 0 0 -4 -19 0 0 0 22 -7 0 -20 1 0 0 -8 0 0 0 0 6 0 0 0 -8 0 0 0 0 -26 0 -15 0
-24 57 2 -66 19 -27 -16 3 -20 -13 -50 -14 57 -52 15 44 49 62 40 69 -20 65 28 -67 56 9 5 -7 -19 -64 2 -61 46 62 65 16 -41 5 36 21 49 8 -55 -53 26 3 52 11 -5 -39 22 -8 -21 5 -1 -24 -10 6 17 31 -14 -19 7 -15 -6 -11 2 10 -1 2 4 -2 -3 -6 -3 -12 -15 15 2 -5 11 13 -9 12 -1 -26 9 -18 6 -17 13 -12 13 -12 -17 -1 14 10 -24 6 11 -28 7 -9 -19 -15 -6 25 -8 5 18 19 -16 -2 5 19 -21 -3 -9 16 7 5 -4 18 -15 18 -11 -5 -14 -16 -1 5 19 -2 -22 5 28 17 9 19 -2 -5 5 -25 15 -40 -16 5 24 -14 3 15 -8 -29 5 -17 4 6 -14 -9 7 14 -10 -1 1 -12 5 22 10 -3 4 4 12 -9 18 5 4 14 -8 24 4 1 8 19 2 -18 1 -1 7 -3 -8 0 5 7 -3 14 -12 7 2 14 -5 11 1 9 -5 15 5 -10 -20 3 2 -1 5 -4 -2 2 6 3 12 -7 -15 1 8 -12 27 16 -14 -1 19 7 22 1 -1 20 -15 35 5 -4 0 0 -2 3 0 3 9 10 1 0 0 0 -4 13 0 0 0 -5 6 0 19 22 0 0 7 0 0 0 0 10 0 0 0 -6 0 0 0 0 1 0 18 0
-31 -56 -60 5 -16 -9 46 9 11 18 -24 5 28 4 -40 -25 -53 -64 -38 32 -49 -2 -61 55 -2 2 -6 9 -38 -44 -6 14 18 24 -54 11 8 -68 -30 -25 -9 34 61 -32 6 18 9 -9 20 -60 32 7 59 -13 -4 20 -4 14 2 -3 10 -17 -5 -14 36 19 19 -14 -16 15 -1 18 -14 -27 26 -8 -29 8 3 -9 -24 0 -22 23 9 -13 15 23 -10 14 0 -11 -1 20 10 17 -10 -2 16 0 0 3 -12 -13 -14 -13 4 0 -6 4 6 2 -18 -14 8 -2 -10 14 -8 -17 -2 16 15 -9 -16 3 -2 24 -7 -6 9 21 -3 -2 7 11 -21 2 15 -10 15 -3 -15 1 4 -1 -1 3 7 -13 -15 -13 11 21 0 -22 5 -16 18 0 6 -6 0 -18 9 9 17 -19 20 -4 -15 -9 -14 -8 33 13 0 22 -14 3 -20 -9 14 4 8 4 -7 3 -3 34 10 -9 -30 -10 -3 4 -9 6 -22 2 5 13 -25 -23 11 14 8 25 -17 -12 -7 14 -1 -16 3 -12 10 -4 17 -7 -9 9 1 20 -7 22 -18 -15 -32 15 5 -4 -6 -5 6 27 -3 0 0 0 2 9 0 -1 11 -18 1 0 0 0 14 11 0 0 0 3 0 0 16 -10 0 0 4 0 0 0 0 8 0 0 0 -11 0 0 0 0 11 0 4 0
44 27 -57 28 -17 -5 -68 2 11 14 -8 -13 -36 -8 44 -5 30 -36 -7 44 21 -51 -58 -58 9 -13 -12 15 -19 29 2 39 38 -14 -68 -29 20 54 -66 -31 67 -44 69 63 10 -19 -19 -28 -4 5 22 -5 -48 -15 -1 14 15 -4 5 11 0 -7 14 -5 10 1 -2 -9 9 -7 -11 7 -12 8 -16 17 9 1 -7 2 4 15 -12 6 4 0 -1 -12 2 8 -23 -1 -1 -9 -13 5 -26 1 17 -12 8 30 -11 13 17 10 0 3 1 7 -1 3 5 -12 6 -7 19 7 -29 31 -4 5 -10 -18 5 21 -10 -8 -4 5 -15 11 -16 9 0 -38 -43 -5 -6 13 -10 14 -14 23 3 0 7 -17 4 -20 -24 -19 -7 -9 1 26 -3 5 5 6 14 16 -13 8 5 -14 -19 -23 6 3 1 -13 2 9 7 -2 -3 -14 -13 -20 2 -12 -2 -9 -21 7 6 17 1 -3 6 5 6 -9 -3 -18 8 1 12 -1 7 -11 1 0 -16 -13 21 -5 -5 -4 6 7 8 -16 13 -3 3 -4 -15 0 1 4 -2 -11 -11 -7 -4 6 -14 7 1 14 -3 -15 -12 -4 -8 -5 0 0 -4 11 0 0 12 18 0 0 0 0 -8 3 0 0 0 -6 -9 0 3 -21 0 0 -15 0 0 0 0 -18 0 0 0 -2 0 0 0 0 2 0 26 0
0 -15 21 -26 20 23 -46 15 -20 -66 20 -1 -62 5 49 22 -62 -24 34 -33 20 -8 18 -17 -25 7 24 -14 -37 -68 32 19 65 36 21 -17 -22 -37 -12 -64 -19 -49 -63 12 11 14 37 34 -29 10 -69 -15 41 1 -7 -1 -14 -2 12 4 -11 -14 -15 5 -11 2 7 9 15 6 4 -13 -2 15 -16 -8 -3 -24 -3 -4 16 0 6 -26 2 6 7 10 -12 -3 -15 -22 -14 -4 3 -7 2 -25 -10 7 -6 -1 7 4 -6 -1 2 -11 1 4 3 13 -9 -19 -6 -3 12 -28 -6 5 -9 -13 -9 13 -2 -15 18 -8 -3 -10 7 -14 14 8 -4 -4 13 -19 2 2 -12 -14 9 27 14 -31 5 4 -28 0 10 10 -16 -2 8 0 -11 5 4 13 17 12 6 -7 -17 21 19 -11 -1 -6 7 -5 2 -11 7 -14 17 5 4 -4 12 -14 -14 -23 -18 -11 10 8 -24 -11 -4 -6 -5 8 -11 -5 16 6 7 17 18 11 -22 23 2 7 -10 -15 18 -6 -2 -12 2 -10 12 -1 -22 5 -7 -7 -10 11 11 10 -3 19 6 -28 14 -11 8 -9 -3 0 8 -3 6 2 0 0 -1 -6 0 -4 11 6 1 0 0 0 15 -20 0 0 0 -5 -7 0 3 4 0 0 4 0 0 0 0 -1 0 0 0 2 0 0 0 0 -8 0 -16 0
10 47 -25 18 16 2 49 -16 -2 -25 -41 36 47 45 30 48 42 -6 -65 54 -31 40 -33 -49 -65 -1 -4 5 -55 9 -17 -21 -27 -28 -17 -31 28 -14 5 15 -19 3 54 -16 16 -12 48 -5 32 -69 6 1 -47 8 18 -6 5 10 13 1 14 -7 1 21 23 25 -22 -44 7 -2 7 -14 -24 36 -28 -14 -1 -29 -15 -9 16 17 -12 -13 -7 -14 -37 -8 8 -23 11 28 -16 -11 4 1 24 10 13 -25 4 31 -18 10 9 7 1 10 27 0 -10 10 -10 32 -3 21 -9 2 2 4 -5 -20 30 -15 -9 -1 30 -4 24 -24 -12 -8 8 1 4 -14 -4 14 4 -14 -2 6 -11 1 8 -34 7 -18 -8 13 16 -9 -7 -23 12 -18 -34 -28 12 2 22 26 -12 -7 -8 -9 4 -6 -15 -4 14 -2 -22 3 20 -8 -5 -5 -10 3 43 1 19 16 -18 -23 -1 -13 13 -5 -14 -11 -15 -3 18 -7 8 8 6 17 8 8 16 -13 -10 0 -9 -3 -18 -9 6 -2 21 11 -20 -17 -4 2 12 -13 -8 -21 6 1 -27 -1 -7 2 8 11 -9 -27 -13 16 9 13 6 -4 0 0 -10 12 0 -2 -51 4 0 0 0 0 5 -22 0 0 0 -6 -7 0 0 -16 0 0 8 0 0 0 0 2 0 0 0 6 0 0 0 0 9 0 14 0
-1 5 10 44 -7 14 -33 -10 19 16 53 -63 -6 -3 -1 -37 -67 42 -37 15 -53 36 8 -18 -40 0 30 18 14 -46 17 -13 0 22 11 15 37 9 -50 -54 -37 61 33 56 11 -16 1 70 41 18 44 -17 -7 -8 -4 25 16 8 10 -1 12 10 -9 -10 3 18 -2 5 -2 13 17 8 5 10 1 -6 15 22 -4 8 1 -3 -3 -6 -6 -8 17 -6 -13 -11 1 3 9 9 24 18 -7 11 11 9 -6 13 1 13 5 14 22 -32 -16 -4 -8 1 -6 20 -2 -32 19 -9 -3 19 -1 -3 2 -6 22 14 -8 -8 2 13 24 28 -1 5 -4 33 -36 -28 13 11 19 -12 -8 -17 -7 12 -2 -1 12 7 -21 -25 -11 9 7 28 8 7 1 21 -20 10 -2 -4 10 -9 13 -21 7 -29 17 -14 -1 12 -14 2 11 -17 5 18 10 15 -10 -20 -17 7 7 17 5 11 -19 9 0 6 5 -26 -17 8 4 7 -7 -12 11 12 3 -11 18 -17 17 -31 19 -5 16 -16 -22 17 -4 0 -3 13 -10 -1 4 -13 6 -6 5 -21 -10 -16 3 6 21 0 -4 -5 1 3 0 0 -9 7 0 6 19 -13 1 0 0 0 10 8 0 0 0 -2 -2 0 -14 -10 0 0 -3 0 0 0 0 -5 0 0 0 5 0 0 0 0 -4 0 0 0
1 -52 26 2 -3 -27 -6 2 -5 -28 2 -57 60 23 5 25 44 -4 -44 55 -6 60 -67 55 17 25 -8 -26 -39 -22 -3 -36 -12 32 16 18 14 9 38 -63 -36 15 55 -50 0 -5 56 -10 41 62 45 6 -35 6 -18 -9 2 13 5 1 15 26 -6 -14 3 -21 -14 -17 8 -8 23 -3 -9 7 -6 8 -8 -2 8 14 5 2 5 -17 -2 -16 -1 -7 -13 -18 -1 2 11 2 -3 -17 19 22 -12 1 -3 -10 1 2 -24 -21 -19 -6 -16 -8 5 -3 1 25 20 3 -17 -6 11 -5 29 1 -3 6 11 8 -30 -11 12 3 15 5 -2 -8 -22 -4 13 11 -3 1 17 -14 -3 -10 3 -7 11 -1 11 10 9 6 -13 1 -1 -6 -1 8 4 -1 -4 16 2 0 -3 -12 -10 10 -4 -3 -30 7 21 -6 -3 11 -8 4 -6 -3 0 12 -20 15 -2 -14 3 10 15 -16 -17 -9 13 12 6 15 -10 -17 0 0 -7 15 18 -3 -2 -16 -16 0 -13 -11 -9 1 3 13 -3 13 -1 4 21 4 -8 -13 -12 -7 7 -1 1 25 12 17 -9 3 -26 7 -5 13 1 -5 0 0 -1 -1 0 2 -7 -8 0 0 0 0 20 22 0 0 0 -1 7 0 5 21 0 0 7 0 0 0 0 22 0 0 0 2 0 0 0 0 -12 0 6 0
29 18 -57 49 -19 16 52 -9 1 -34 -8 32 68 -70 56 -13 -13 -25 -32 -32 11 25 -64 0 -26 -15 6 15 -3 -7 2 -34 -38 61 34 -20 -2 -41 53 -1 -24 66 -44 -41 7 5 -57 7 43 45 -19 -13 11 -2 12 -1 18 14 -3 -5 9 2 -7 15 -23 -3 0 19 -20 -29 -11 12 -16 6 0 -10 34 2 -2 -18 10 -2 -5 -10 -14 24 7 -23 -6 -4 -27 17 5 -10 12 19 25 -9 3 22 8 -8 -12 14 -21 2 14 -16 14 -26 9 -6 5 -13 -19 -8 13 -8 15 -1 -7 4 -1 -26 10 19 7 -7 7 17 -10 -2 9 -25 -17 -6 -9 -1 6 -14 5 7 9 7 -7 16 -6 -15 -24 5 -42 2 -5 8 -20 1 -4 4 17 1 9 9 -13 4 13 -16 -8 7 -4 -1 7 -8 -9 11 -25 -15 17 -6 33 -3 42 10 14 6 7 15 16 -7 26 -37 -13 -14 7 10 15 14 2 2 -13 -3 -5 1 -12 22 -26 -11 -1 3 -18 -3 -7 -15 23 -12 10 -4 -8 0 11 33 4 11 9 -11 21 -15 4 -16 0 -5 12 -21 1 -9 3 15 -3 -5 0 0 -4 3 0 14 5 -3 1 0 0 0 -19 8 0 0 0 -14 -9 0 -17 9 0 0 -9 0 0 0 0 -11 0 0 0 10 0 0 0 0 -2 0 5 0
14 -66 8 -12 5 12 60 -16 -19 47 32 -51 37 43 47 36 -19 13 -54 42 55 -32 -39 41 51 -17 13 -22 -41 11 -18 35 -41 25 -20 15 16 -6 -37 20 -32 -40 7 66 7 6 -38 -11 12 23 -29 -1 -60 3 -3 -5 7 -7 -4 5 27 -1 -11 -22 21 0 -17 -7 17 21 11 -14 -15 23 -9 -26 7 -31 -29 -7 10 -6 6 -28 4 2 -2 11 -14 -7 -2 -7 1 12 -5 2 5 21 -7 -23 0 13 3 18 10 9 -5 -11 1 25 -14 20 -4 31 -15 -6 15 -22 -6 -11 12 4 21 1 -3 -46 2 -7 2 21 1 10 6 -3 -1 14 23 -4 -3 -1 2 -3 -29 11 14 -26 -3 3 -14 9 2 14 -32 -18 -1 10 6 30 26 -6 -6 25 -10 25 -17 -3 6 -6 -11 -24 6 -28 -1 2 17 -18 12 3 -15 -1 12 12 10 -11 -11 21 1 7 9 -14 -1 14 -17 10 -1 -1 4 3 17 -1 27 19 19 11 -3 -2 -34 -14 23 -5 -25 12 16 4 -10 -22 -8 -2 3 -14 8 -7 4 14 -10 2 2 19 -7 -2 -11 1 17 -21 21 -9 7 6 0 0 6 2 0 -8 8 4 0 0 0 0 19 -20 0 0 0 4 9 0 -15 -2 0 0 12 0 0 0 0 2 0 0 0 -7 0 0 0 0 6 0 -2 0
13 24 -10 43 8 6 -48 7 -14 -60 14 47 16 55 57 6 -61 67 17 -27 36 47 -34 5 0 -10 6 7 9 36 9 -28 -55 -10 -19 -15 -3 40 -34 15 -42 41 16 -50 14 -18 0 19 -62 -48 47 14 -41 -18 14 15 -19 13 9 0 -3 -37 -9 12 5 3 -11 13 -2 6 -2 -10 -8 9 -17 25 21 -17 -20 -4 0 -4 -24 -10 -5 23 -9 -11 21 -4 -1 -10 -13 -30 -3 -6 -10 -10 3 -7 31 -15 -24 -10 5 -1 15 -3 -2 1 10 -5 -4 -10 -32 10 13 -1 -34 24 -22 5 -24 -16 -6 2 13 0 -15 -4 -10 11 2 -15 10 -25 -17 16 -7 9 -13 13 16 20 6 -5 1 -17 -10 -5 -18 5 -14 -7 -3 6 -4 11 3 -11 -4 12 -1 2 -7 1 -17 -11 -3 -8 -5 -19 9 11 13 -6 10 -7 6 -7 17 -12 9 -18 5 28 -2 1 -11 -18 1 6 13 -1 11 -3 18 3 -4 2 10 8 -2 12 7 4 9 9 -1 2 20 13 18 -6 -2 -8 10 -1 10 1 1 15 -6 -15 19 -7 5 22 15 2 15 2 -24 1 -9 13 3 -2 0 0 0 18 0 0 6 16 0 0 0 0 -22 -3 0 0 0 -11 2 0 -11 -5 0 0 -2 0 0 0 0 -17 0 0 0 1 0 0 0 0 -6 0 10 0
-11 -50 33 -15 1 -15 -22 -11 -16 21 -61 -3 -61 18 7 51 3 67 -43 -28 66 34 -6 -28 -60 -10 -2 15 3 -3 -19 48 39 -44 -22 3 -14 43 31 -69 46 5 28 -32 -11 7 25 17 -50 -58 44 -7 15 16 -19 -22 23 -7 -7 11 -2 1 24 5 -25 13 -9 15 10 -7 -24 -28 22 -18 -9 1 4 -15 9 25 -1 19 -2 -14 5 21 5 -7 -24 -4 -3 8 -3 8 -20 4 8 1 37 1 -16 -12 -14 -12 28 8 -13 17 14 -18 5 -4 3 15 -17 13 -9 2 0 7 -4 -11 -27 8 -8 -13 23 10 13 -36 -19 19 -17 7 11 4 20 6 -2 -19 1 1 33 16 0 -4 17 -24 11 3 13 21 21 -18 -1 -28 -15 -30 -13 7 -16 -2 3 1 -15 2 -13 9 22 -14 5 -1 -3 6 -6 4 -31 -9 3 3 -5 -18 10 -5 -5 -9 -13 -8 14 8 3 1 8 -5 22 -4 -11 2 8 -6 18 -35 14 -18 0 4 20 -1 -2 29 15 2 8 -1 -22 7 -9 -2 19 3 -4 -4 4 -15 8 10 3 -8 25 -3 3 2 -14 7 -7 -6 4 1 0 0 24 -13 0 1 -30 25 0 0 0 0 -20 -9 0 0 0 4 -12 0 -2 -4 0 0 -26 0 0 0 0 -4 0 0 0 -10 0 0 0 0 -21 0 -3 0
1 45 34 60 -15 13 -69 12 5 -59 3 47 10 69 -27 -33 21 7 -48 -65 -13 58 -3 -38 -68 -5 18 20 -54 70 -6 -63 -20 -48 44 26 23 63 -41 30 56 -60 -59 26 -5 8 20 62 -46 42 -56 12 -13 -3 -2 3 11 -13 6 -7 -3 -6 12 -2 10 -15 -2 -6 -8 10 13 9 9 -13 -24 7 -13 27 15 -6 -14 -16 -5 -3 -3 9 11 24 -7 3 16 -16 6 0 -7 -25 -6 -1 -4 4 19 7 14 -16 3 -8 9 -8 -6 -9 -36 -12 1 -7 12 -16 -6 -7 4 6 -13 17 -1 4 16 -7 -12 15 -23 10 12 9 -21 -11 17 -20 -14 -1 -1 -16 -7 -2 -11 20 1 -3 -9 -1 26 -17 -2 11 13 23 -6 21 31 3 -12 4 11 -10 -10 -8 -13 15 13 -22 13 -1 -22 9 19 -18 -4 2 2 -2 -4 5 -14 3 11 -27 4 -5 -9 0 -15 18 -15 16 5 -10 -2 6 10 -14 -17 14 1 3 -6 -20 31 2 2 15 2 5 -8 -8 -21 -12 -6 6 7 0 0 -6 2 -3 -8 22 -8 12 12 1 -8 -15 -1 -4 0 19 -3 -1 1 8 0 0 12 -16 0 0 -11 -5 0 0 0 0 11 -1 0 0 0 -3 -2 0 11 5 0 0 18 0 0 0 0 -1 0 0 0 0 0 0 0 0 -3 0 9 0
2 29 38 -24 -7 8 -24 -10 33 5 20 2 44 -37 10 -38 7 32 -39 -46 -59 15 -43 34 -40 -12 8 -3 13 51 22 -4 31 -40 -13 6 -21 63 -53 32 9 49 -5 -23 -2 10 -10 -51 -53 30 -32 14 21 14 18 -2 -13 11 11 5 -10 14 -15 -15 7 -5 0 0 -9 13 -8 5 -4 0 18 -24 -27 7 -18 8 -3 0 11 4 1 -18 -3 2 11 -5 -22 11 6 -2 17 1 -7 26 -18 11 -4 -10 6 16 2 14 13 7 0 6 6 18 -11 -13 6 1 4 -12 4 -12 -1 8 37 -16 5 7 -7 -3 -9 9 15 0 5 17 -11 10 3 -15 0 -4 -3 -4 -16 -1 19 10 -3 4 8 3 11 2 -15 5 3 0 11 19 26 -3 11 12 -1 -13 1 32 23 -2 6 9 -21 23 -3 -10 7 0 14 37 16 15 -6 -4 -15 18 9 -1 -29 -5 2 7 12 3 -27 -3 15 7 5 21 10 0 -2 6 -5 -13 -5 -14 9 -4 -9 11 0 21 1 -15 12 -16 13 -3 -5 -9 -9 -7 -12 5 17 20 2 1 -10 12 9 -3 13 -12 -9 3 -8 -3 0 0 -2 3 0 6 11 -24 0 0 0 0 6 0 0 0 0 7 -7 0 9 -5 0 0 4 0 0 0 0 -4 0 0 0 -5 0 0 0 0 13 0 7 0
18 -19 7 25 -8 -23 62 37 2 36 -42 -31 -1 56 -51 15 -51 50 -52 -16 -32 -19 -68 62 65 11 -13 -30 -26 -68 7 4 59 -1 -29 10 -38 14 25 42 14 -23 3 13 -9 8 13 -63 -19 -36 -26 24 -26 21 -4 5 -6 11 -8 -15 14 3 -3 -32 -18 -4 10 3 6 5 21 -6 -1 -7 9 -15 4 -16 4 -2 0 -12 -20 -11 2 -1 -4 16 2 -7 -5 -12 -1 0 -10 -5 -10 7 -4 3 -1 3 1 -11 -14 -14 9 -1 -14 -3 17 -1 15 -15 4 -3 17 -20 0 0 -23 3 -20 4 14 -19 -11 -26 -15 -8 13 9 -4 -26 6 26 3 20 17 0 15 -3 12 18 -12 4 9 10 -6 -2 5 7 -19 9 -8 -3 12 12 3 0 -3 4 -12 8 11 -7 -3 1 9 -6 -9 1 22 -17 11 0 -14 -5 5 2 -18 18 -5 2 18 4 -1 5 3 -5 -2 -3 13 -18 -3 1 -8 -14 7 20 3 26 1 2 16 8 -28 1 6 -4 -2 -3 -13 14 -17 -5 15 3 16 -18 2 -2 -7 16 8 -3 8 16 -20 8 2 -13 -30 4 17 -21 14 -1 0 1 -9 3 0 -9 14 20 0 0 0 0 3 9 0 0 0 15 6 0 -24 -3 0 0 -4 0 0 0 0 25 0 0 0 -2 0 0 0 0 -27 0 2 0
35 56 66 48 -1 -42 66 -6 5 -16 -22 -43 7 67 27 -63 69 -42 2 58 -30 50 -47 -38 25 -10 -11 -28 -47 16 -15 51 45 -70 -4 40 2 -68 11 21 -11 40 -53 24 -20 1 -19 23 -20 32 28 24 -54 -30 -2 -2 7 5 -9 -13 7 5 3 -31 9 -2 7 1 -10 1 -5 -3 -6 -14 -1 12 11 0 -2 7 1 12 8 1 -18 -11 -3 -6 14 -19 29 8 19 -2 -11 -23 2 26 -2 -27 -15 -18 -8 -14 -1 -8 14 14 6 -15 3 -15 3 14 -30 -2 4 -4 3 -3 -5 23 -21 4 12 -6 -22 15 -3 -5 -3 14 11 -22 -8 -1 0 12 5 -16 -14 11 -15 -34 8 7 7 3 9 17 4 2 20 8 -13 -11 14 6 -22 4 -4 -12 0 7 -11 -6 -7 3 6 20 8 35 8 -4 -6 14 -13 -9 -11 18 -13 -11 0 18 23 14 2 3 0 25 -17 -1 8 2 24 23 0 19 -10 -13 -20 8 20 1 28 -8 -9 -5 -7 1 -9 1 7 -5 -9 16 2 1 0 19 12 -20 3 31 2 -12 27 13 -10 10 -9 -16 -5 1 9 17 12 -6 0 1 5 5 0 -1 -18 -22 3 0 0 0 -1 0 0 0 0 4 -12 0 -16 8 0 0 -6 0 0 0 0 0 0 0 0 -7 0 0 0 0 -10 0 -4 0
-27 -42 -37 3 28 21 38 4 1 -69 58 -22 -22 -26 -55 18 13 56 61 33 26 -6 21 50 46 -1 35 23 44 9 18 57 53 24 65 26 17 -1 -30 -42 58 5 12 13 -5 15 58 -15 25 45 -37 -17 32 -14 -26 16 21 -13 6 -6 2 -12 8 16 21 10 27 12 -10 13 -3 20 -8 -3 13 13 -30 35 -4 5 -21 -6 -1 -2 -4 13 27 11 -26 11 9 -21 -8 9 -12 12 -3 -19 17 4 3 -33 -6 0 -13 -8 24 -17 1 9 2 -10 -30 13 -15 -19 30 5 -9 -5 10 -14 7 16 -7 22 -4 -4 3 2 -3 17 -27 14 22 -11 -11 -11 -25 0 -5 -8 27 -3 -8 -4 -1 -1 15 -15 -12 1 2 17 13 6 14 -7 4 0 -13 -14 -1 -2 3 -13 10 -18 23 -15 19 4 -3 9 3 1 -7 -9 10 11 -13 10 8 -39 -13 0 4 14 -14 14 -31 -1 1 7 19 -2 11 -7 -35 -8 -26 4 -30 16 16 11 29 1 7 -6 9 10 -2 -2 5 -20 -19 0 -22 11 -1 -4 -3 -14 15 8 -10 -8 -4 13 17 -7 3 10 11 -22 -26 -1 0 0 10 -27 0 6 1 -17 1 0 0 0 7 -12 0 0 0 -7 12 0 -1 8 0 0 13 0 0 0 0 2 0 0 0 0 0 0 0 0 1 0 -17 0
26 -33 -31 34 0 -23 20 -2 -4 -70 39 18 -1 -44 -6 -19 -56 -9 -33 25 -65 22 -25 10 33 -5 0 -5 -11 -47 11 -31 -64 29 60 -12 7 -63 14 36 4 -15 -17 -20 7 26 -16 63 34 69 53 -23 -20 -21 -11 -1 18 10 14 7 -18 5 9 -12 12 -4 12 -16 4 15 -9 10 -13 -25 -3 -7 -20 7 -2 8 -10 19 12 16 5 -11 -2 8 -12 12 -9 4 0 0 -7 17 -25 1 25 10 -2 -4 -1 10 -29 -7 -9 19 2 11 -4 7 -10 -6 21 -7 1 18 0 8 15 1 8 31 1 9 -24 -8 12 -13 -12 -2 1 43 14 -16 -22 -4 6 -6 -19 21 -37 14 7 -1 3 -5 13 -21 5 -27 19 5 16 13 -8 -12 0 15 8 19 -14 0 13 -9 3 -12 10 -7 9 13 -9 10 31 11 4 2 -21 7 -15 -11 17 0 -12 -24 4 6 3 23 21 6 -9 -17 -11 -10 12 7 -2 -15 -4 4 -29 -13 -4 -11 13 -7 -31 -12 9 11 20 -14 4 -13 4 1 -12 -17 -11 7 -3 -4 -10 15 -34 -21 -27 7 5 -6 3 -4 10 5 -11 1 0 0 13 -12 0 6 3 -6 -1 0 0 0 7 -21 0 0 0 5 0 0 20 -32 0 0 4 0 0 0 0 7 0 0 0 -7 0 0 0 0 13 0 21 0
-19 -43 40 32 -9 -1 -11 5 1 -10 -16 -17 -64 -32 10 -68 -16 53 -35 -57 -53 -46 -35 -28 -39 24 -3 9 48 -50 2 -45 12 44 52 2 -10 0 12 -40 41 -68 -6 -53 -16 -3 45 32 -19 27 -33 15 -29 -6 -6 -6 1 11 10 -12 0 2 -8 -3 12 -7 -12 -10 3 24 2 -3 26 -9 21 16 -14 -21 15 10 -11 -2 1 11 -1 -3 -19 32 13 -14 13 -14 -3 17 10 0 0 -2 -10 0 -3 13 -21 -3 -13 -12 -1 5 1 6 -12 -2 0 0 29 -1 -2 5 -4 -7 2 -9 11 12 5 -19 0 2 11 -6 -2 -5 -7 5 21 19 0 -10 -1 -5 -3 10 -1 10 -13 32 -7 -7 -5 2 24 -15 0 7 -2 -10 4 -8 8 8 9 -22 18 5 -5 10 2 -17 13 -3 -2 -8 4 3 11 6 6 -1 -30 -10 -25 -4 2 -8 5 -1 3 -23 -31 18 19 2 -7 5 0 -4 -10 -6 4 -16 9 12 -16 -9 8 9 -16 0 5 0 -3 16 3 7 -11 -3 2 0 -9 -16 18 6 -3 3 -7 9 1 -3 -14 7 -10 -3 0 4 -1 -11 -7 -4 0 0 -1 -14 0 -2 6 -23 0 0 0 0 22 -15 0 0 0 7 0 0 2 -17 0 0 13 0 0 0 0 19 0 0 0 -24 0 0 0 0 -3 0 -12 0
9 36 48 -54 2 -3 11 -8 -3 30 43 51 -39 -6 23 41 46 -25 -15 -51 26 -4 -18 -64 43 -22 -9 2 66 -65 -5 -69 -64 -64 -10 2 21 12 -35 -21 8 -58 -63 10 -13 6 -53 44 -58 64 48 -12 64 -11 29 6 -18 3 -27 -3 -20 0 -5 2 20 -1 -5 -12 -17 -12 -3 -3 2 -11 -5 -13 -4 20 18 -22 6 -18 -9 19 -7 -10 3 21 1 14 22 -7 3 -3 26 -3 3 -8 -12 -10 8 1 6 -6 -6 -23 -10 9 -14 22 -11 -5 -16 1 -5 11 4 18 2 -10 -8 -1 -1 12 1 8 -31 0 -22 -12 13 20 5 -3 4 -4 -13 16 -8 5 -2 -6 -13 -26 14 11 -2 12 11 2 19 12 29 4 -9 8 30 2 -24 -3 -6 6 13 7 9 -5 -11 -13 0 20 5 0 -2 -7 -12 -8 1 27 6 3 -8 -11 -5 -20 13 -1 -8 -3 -27 -8 11 10 -2 -21 7 19 -6 18 4 14 -3 7 -1 34 1 14 9 13 15 3 6 -18 -4 -7 -1 -8 2 0 3 -8 11 9 14 -6 15 -11 20 15 2 6 1 15 -13 -15 14 14 -11 -2 0 0 -12 8 0 -5 14 -3 1 0 0 0 3 12 0 0 0 2 2 0 9 -4 0 0 23 0 0 0 0 5 0 0 0 15 0 0 0 0 11 0 -10 0
-3 46 57 9 -19 24 63 8 4 18 38 -11 11 -39 -53 -46 -39 -40 -1 -7 25 67 57 16 23 -9 25 4 -65 -20 31 -59 35 -15 -34 -7 -15 -55 -34 -62 -70 -48 7 -4 -10 0 -62 70 -39 1 58 0 -44 -5 -5 -16 -2 -2 9 0 -8 4 -23 4 -29 -4 -12 2 -11 0 8 4 12 13 19 -5 -11 -2 0 -1 0 4 19 -13 2 1 -6 -11 -7 -7 -12 -7 9 -12 13 7 9 11 -8 7 -5 -4 5 8 -11 8 26 -8 12 -15 16 14 -9 -29 8 -2 11 -8 -16 9 4 1 4 -19 15 14 -5 -15 8 1 -1 -11 1 10 -2 -7 -2 -13 1 0 6 6 5 17 3 0 -19 13 -16 -2 -10 -11 -15 -8 3 9 -6 -1 18 0 9 10 -11 -24 -3 18 2 -10 -7 5 -10 2 14 4 -23 1 22 25 -1 -1 -2 -8 -15 -1 -14 -30 -4 -13 -8 -5 17 9 8 19 -6 6 -2 -6 7 12 -7 -14 -9 17 -15 5 8 -5 -11 1 -11 9 15 -16 30 6 17 -5 -17 8 -17 5 -2 -9 23 4 -13 -4 14 16 0 -2 26 -18 -19 7 -16 7 0 0 -5 21 0 7 15 -15 0 0 0 0 20 2 0 0 0 -5 0 0 9 -15 0 0 -7 0 0 0 0 -8 0 0 0 -6 0 0 0 0 0 0 -3 0
-4 61 -58 -9 -19 13 9 9 2 -55 22 41 50 -56 27 -53 -8 5 -56 32 55 52 -5 63 -28 7 23 -15 1 -44 7 -3 50 62 39 -10 -6 22 -11 -15 9 46 -40 25 -8 -25 22 32 36 -22 -4 22 -18 12 10 17 -11 1 -13 -3 16 11 3 20 -7 -11 -8 9 -27 -3 2 19 8 -4 31 13 -14 32 2 0 -13 -40 -14 16 -27 27 27 7 15 -3 6 -4 -13 -14 -3 -28 -13 -4 -21 0 15 -2 8 5 -6 -7 -6 -16 -1 -17 21 -14 1 -17 18 -15 -3 -14 5 -21 0 4 2 -14 -5 -4 -2 -8 -28 8 7 -9 -13 -21 21 15 14 12 -11 14 7 -15 20 14 -25 13 6 11 4 -9 2 20 -31 8 0 4 6 2 -20 -16 -3 -12 3 3 -4 14 -3 -4 10 -10 -22 8 35 11 -5 -1 -7 -1 9 -10 -5 15 -11 -12 21 9 8 -7 -10 -11 -13 -1 -9 3 29 14 9 8 -3 -7 -4 26 -17 4 2 10 -5 34 20 9 -17 -15 -7 -13 0 -6 2 -1 -13 -9 19 -8 -7 5 9 -8 17 -1 -3 13 21 4 -6 24 17 -4 -12 -3 0 0 -9 -15 0 2 6 5 -1 0 0 0 -9 38 0 0 0 -10 7 0 -5 18 0 0 8 0 0 0 0 -9 0 0 0 3 0 0 0 0 -6 0 18 0
-14 -53 60 19 4 -28 -69 -18 -17 -13 -42 57 -54 23 60 -52 -66 -17 -18 -58 49 65 -63 -32 6 -24 -13 1 -50 16 -25 -62 14 -56 29 -33 44 -38 48 -30 8 -62 36 4 10 -26 -67 -42 36 -56 -57 6 -49 -8 13 -7 -21 -14 6 -14 -21 4 -5 11 -10 14 -26 -10 -10 -1 -33 9 5 28 -6 9 16 -7 21 3 16 -6 3 11 -3 39 -28 3 23 2 -3 9 3 -12 -1 -12 -17 -11 11 8 27 8 -8 -4 -5 2 13 1 3 -17 -16 1 -19 -2 -2 -2 -23 -7 12 16 -14 10 5 -12 -22 0 13 -16 6 1 -9 -6 -2 -1 12 -19 13 23 9 23 21 7 11 28 12 15 17 -14 -7 4 -23 -6 4 -12 -10 -8 -38 0 -7 1 -9 3 -10 6 6 4 -6 -1 -16 4 3 -15 -12 5 -27 -7 -2 12 5 10 11 8 15 -4 -2 -7 -7 -13 -2 -17 27 1 19 -15 -12 4 -17 -1 -15 22 6 -8 2 8 -14 16 22 12 -16 15 -1 -36 13 14 28 4 12 -1 5 -4 -2 -7 17 -18 4 -24 -6 0 15 -9 10 -8 18 2 -8 0 -12 -6 0 0 1 -5 0 3 -21 28 0 0 0 0 -18 -11 0 0 0 -25 -11 0 1 -2 0 0 -7 0 0 0 0 -13 0 0 0 -6 0 0 0 0 9 0 27 0
1 -13 42 70 6 -26 68 3 -23 -7 -64 50 -6 21 -50 52 39 11 45 62 13 -12 -3 68 -46 -10 -5 -20 -52 -41 11 -20 -21 -40 -59 -8 -3 30 -65 -3 -22 -33 20 8 3 -13 56 45 40 -34 11 -24 33 0 5 2 -4 7 4 13 -6 3 13 -5 26 13 10 -4 11 4 8 -9 1 -7 -11 -13 5 4 3 10 28 7 18 15 16 -11 -2 12 -8 -1 3 9 6 9 15 -5 -12 2 -11 14 -20 -5 20 12 -13 5 -22 22 -3 20 6 21 12 18 1 3 -2 -3 17 5 -2 7 -8 27 -13 -9 -13 -7 -1 -23 6 7 18 11 -20 30 20 5 5 17 1 -10 -5 -26 3 -4 13 14 -1 12 18 8 6 -6 23 2 -3 3 -9 16 -29 0 20 12 15 -10 1 21 -6 0 10 8 -9 -3 6 6 4 7 7 4 -3 -7 -18 7 -11 2 15 8 -2 -9 27 11 -7 -3 -4 0 -6 26 23 -17 4 -10 3 10 -25 0 12 -2 15 -9 -2 -8 30 -7 -15 4 -10 1 9 -20 -7 -3 -8 5 -8 0 8 -18 1 -17 15 17 11 2 13 -4 6 2 0 0 -11 3 0 -6 12 0 1 0 0 0 1 -8 0 0 0 15 1 0 -1 -3 0 0 15 0 0 0 0 -4 0 0 0 -2 0 0 0 0 8 0 0 0
-9 -43 17 21 22 -3 8 -16 8 -65 -38 34 14 -36 45 -16 -32 -17 -70 42 61 3 38 63 -16 14 -25 -3 -3 19 12 43 -24 -36 -56 2 -41 -25 31 59 -61 -69 -35 -68 9 4 -39 49 28 -47 -41 -10 -65 5 10 -15 13 2 18 11 -11 5 -6 -19 1 2 19 7 26 -10 -12 -5 -8 -10 -15 2 11 -10 5 -3 9 17 1 -8 20 17 2 22 2 12 3 10 9 8 -14 -13 19 3 21 -9 -18 2 2 -2 0 21 16 29 9 8 21 -15 -6 11 0 15 7 4 24 3 3 -8 -7 6 9 11 4 -16 7 -15 -4 -8 -9 -2 -4 -14 31 8 4 1 6 27 20 -6 3 -4 -1 4 1 20 2 14 14 1 -17 -4 3 -22 11 2 -3 -6 -3 8 7 -21 -27 6 -20 20 17 6 -30 24 -3 -3 -29 -16 32 10 13 9 -15 23 -1 13 6 -2 17 -10 2 -9 9 1 11 27 -15 -9 5 5 -4 6 12 -3 -14 -4 -20 -35 -1 -7 15 4 -7 30 -3 -1 4 -2 10 20 2 10 -1 -7 -18 -21 -15 28 5 -5 -18 -7 -13 4 -18 -12 -9 -4 0 0 6 -11 0 1 1 8 1 0 0 0 1 -12 0 0 0 -2 -2 0 -23 10 0 0 -22 0 0 0 0 3 0 0 0 -6 0 0 0 0 -17 0 3 0
29 14 -36 -54 -18 10 -4 4 -10 -9 -13 69 63 64 -6 60 11 35 -7 50 15 3 -17 -15 63 -1 -7 10 -5 57 22 -5 4 -50 -44 -16 -10 -12 -6 -1 31 51 14 -25 8 2 32 -19 55 20 -2 -34 -59 -15 12 4 2 1 -13 13 -22 11 -1 10 2 9 11 -3 19 -9 -4 -2 -29 -26 6 -12 -13 11 13 7 -5 -1 1 0 -8 -6 1 -3 0 33 -6 -1 -5 24 -7 26 -28 -15 9 -12 -5 10 22 14 17 8 -14 5 11 16 2 -2 -7 6 -4 -6 0 16 -1 12 1 -22 19 -4 -4 5 0 -14 3 -8 -16 6 -19 8 2 -12 -23 -21 -5 8 -27 -1 -7 5 33 6 -8 17 -3 -10 -12 -27 -4 -20 7 17 -17 -12 -12 2 11 6 14 -3 11 -17 13 -1 -6 -7 22 -14 -11 19 -18 -21 -10 1 2 -7 7 5 -16 -21 -14 -15 13 3 -10 -1 27 -7 -13 -33 8 -19 9 -1 18 5 7 -5 8 19 -11 0 10 -5 7 5 -3 -16 5 -13 3 -9 -19 2 -12 10 8 -9 14 -9 -4 -4 -18 -30 -11 14 -4 -11 11 -22 9 9 -15 0 0 1 -18 -24 0 5 4 -6 1 0 0 0 -8 -4 0 0 0 -6 -2 0 17 -7 0 0 -10 0 0 0 0 -18 0 0 0 17 0 0 0 0 9 0 -7 0
20 -24 -68 19 8 7 23 4 13 -39 -32 52 23 29 -69 -70 29 63 -66 -27 16 34 -5 -38 -41 -3 18 -32 -38 -31 -16 30 42 -18 -39 15 -2 53 35 -55 23 55 -52 62 -14 -21 -20 9 -63 -5 61 18 6 -18 -24 9 -8 -9 -2 -15 23 -23 8 3 4 -19 -4 18 5 24 17 -5 1 -9 -3 22 1 -12 -3 0 1 -14 -9 -3 -16 2 34 16 14 6 20 0 9 5 10 -24 -4 19 -12 -3 10 0 -3 -1 24 -4 -5 -7 -6 -13 12 18 15 17 -20 -34 9 -15 -4 21 -6 10 -10 -3 -9 -10 13 13 -14 -7 -8 7 -9 3 7 16 -15 -2 -18 -3 7 -1 -14 0 0 2 -1 -20 8 0 2 12 -15 3 4 -7 20 10 -25 1 -1 -5 11 10 -23 3 12 -21 14 -17 4 -30 24 33 -3 -9 9 -13 -5 -12 -5 9 -6 -20 5 37 16 -14 4 2 -13 -2 -8 3 27 -4 7 6 -6 -15 25 15 8 6 3 -2 -18 0 8 -1 -8 3 -6 -4 9 0 -21 -2 11 3 27 4 3 -3 7 -2 13 -12 -5 -20 -13 10 1 24 13 -7 -1 -3 0 0 1 -2 0 1 5 -9 -2 0 0 0 6 0 0 0 0 1 0 0 -4 16 0 0 -8 0 0 0 0 -9 0 0 0 -4 0 0 0 0 -15 0 6 0
-4 -46 -40 66 2 -13 25 -8 -19 7 41 -40 -42 -62 55 -63 61 -6 -6 1 9 -34 -46 -15 62 24 8 19 19 -48 12 5 -56 -66 -3 3 5 24 -61 61 3 55 -7 22 1 22 -6 -44 -55 -54 -19 -1 49 -5 -6 3 14 5 21 8 -2 2 -16 2 0 -9 -5 12 -6 2 -24 -25 25 -20 -15 14 19 5 1 22 0 -14 -8 -6 -4 12 -13 1 8 -5 -22 -21 -10 -9 5 3 14 11 15 -1 9 -11 -8 -3 -21 -28 8 -2 7 -4 -8 -24 12 9 22 0 11 1 -1 9 9 -24 -2 17 23 -11 -11 -9 -5 3 -12 -4 -15 -3 1 -18 1 -12 6 -20 -14 8 -3 18 11 5 7 -20 -22 4 -6 -7 -1 4 -5 30 2 11 12 -17 -1 4 3 1 -15 -26 -38 -6 15 -1 4 7 8 -14 9 -12 -1 -10 15 -18 13 5 1 -3 -3 2 9 17 5 -7 -5 21 -13 -3 8 -2 -2 -1 -22 9 -3 8 -2 -3 7 -10 -1 7 -7 10 28 -1 17 -6 -13 -9 -3 -1 -15 18 10 21 -11 -3 19 3 0 18 -1 5 -2 -17 -4 -4 -9 2 6 -2 0 -1 18 -8 0 5 -5 4 -1 0 0 0 0 -1 0 0 0 4 7 0 -11 2 0 0 -4 0 0 0 0 -24 0 0 0 -7 0 0 0 0 -18 0 -15 0
25 13 -47 50 -20 43 69 0 -12 -1 6 -15 -9 -48 -8 -68 -45 43 -13 -70 70 -24 -10 27 49 3 -4 9 -12 52 -20 -60 -64 42 58 -44 -40 -30 62 -44 21 -69 -55 25 10 14 -59 -10 -22 -52 -7 -21 -33 -20 5 -7 -2 2 -4 1 4 -7 18 4 -6 -20 18 -6 9 -19 -4 2 9 17 25 -7 -11 2 13 -31 -1 -7 0 13 -4 -4 15 -5 -5 1 17 -5 -22 20 22 29 15 -9 -18 2 -3 11 -10 1 -6 6 -17 13 3 18 2 18 -9 1 -4 -5 -14 13 5 -11 15 -14 10 -14 -9 3 5 8 7 -18 -7 4 -2 12 -3 -11 -24 3 -15 -6 -6 3 -26 -12 4 -1 -26 -4 -6 -19 -3 -9 13 1 -31 -13 22 -5 11 -7 12 10 -7 -7 5 6 -11 -5 11 5 9 -18 -1 -12 -2 2 27 3 -12 -16 7 9 19 9 18 7 1 -21 -12 10 -1 7 -7 -22 11 -2 -7 17 -11 4 7 -2 -2 1 0 7 4 3 -17 9 -14 -1 -4 -5 17 -12 12 1 -14 10 7 15 17 13 5 3 6 -16 -15 4 -6 7 11 -8 12 34 3 1 0 -1 3 -4 0 0 -1 5 0 0 0 0 7 12 0 0 0 -6 -4 0 12 6 0 0 14 0 0 0 0 5 0 0 0 7 0 0 0 0 11 0 -24 0
-20 -9 -42 -9 -13 8 5 13 -5 -38 -69 -18 16 -47 23 -31 59 -58 42 24 -47 -37 -13 -1 47 28 -18 21 -25 49 -6 -62 -56 37 -48 -9 -21 27 -34 46 -45 8 -14 60 14 -16 66 9 -27 33 -59 6 -37 0 6 17 -6 -3 14 18 -2 -27 10 -9 13 -10 6 -3 12 12 -2 -18 24 2 -26 -14 14 6 0 3 -13 -3 -14 14 6 7 2 16 -3 5 5 -11 -5 -4 -10 -16 -10 -14 10 5 16 -1 2 -8 -2 -1 -15 35 0 -7 -13 14 -9 -11 29 17 -9 7 -2 2 -20 7 0 -4 -9 -4 18 3 -11 -17 4 18 -13 -2 16 -9 5 -3 8 -18 -4 9 10 27 11 -16 -14 -28 25 -11 -7 -10 2 -7 12 -9 -1 -17 16 -4 -6 -1 7 -1 -19 -7 -2 -16 2 20 -27 -3 2 -3 24 -11 1 6 2 -1 13 2 4 -7 -2 11 -10 3 -19 12 -5 6 12 -30 14 -2 -4 -7 1 29 28 -2 -1 -31 5 17 20 -13 -10 -2 23 4 0 2 -5 -4 25 4 17 -19 -6 19 -24 7 -13 27 -10 9 1 0 8 -5 -14 43 -9 0 -6 0 0 0 8 -5 0 0 -22 12 -1 0 0 0 -11 -25 0 0 0 7 4 0 8 -10 0 0 7 0 0 0 0 1 0 0 0 1 0 0 0 0 10 0 1 0
21 -27 -49 54 -5 5 48 9 4 -39 12 8 -23 42 51 32 64 -42 55 0 -14 49 -66 26 -69 0 -11 -25 56 31 1 -48 7 66 15 -8 19 -54 56 9 19 15 -56 -50 -7 -9 57 -1 1 24 12 20 17 18 10 0 -11 -19 -1 22 -8 9 -5 -15 17 2 -7 -25 24 10 -16 -18 3 -13 -18 -18 -10 14 12 2 4 9 22 -14 -8 -28 -16 5 9 -3 -2 4 5 22 1 -24 -25 22 -22 -9 4 27 15 8 13 -5 1 18 2 11 -25 23 2 -3 19 -12 20 -25 1 4 -7 15 34 23 2 -15 -20 -9 -4 1 6 -1 11 24 -4 -16 18 -6 15 -6 -6 -20 -26 16 14 -16 6 1 3 11 24 -7 -16 -7 13 -3 19 4 -12 4 16 -16 18 8 -13 9 3 -3 -8 5 5 9 13 -13 -1 5 10 18 -20 -1 -12 -5 -7 -1 -14 1 12 17 5 0 -2 10 -18 2 5 -3 10 13 28 10 11 -1 0 -3 12 -1 15 -16 16 -21 -1 2 1 1 -23 -1 -9 -3 -10 -14 -3 -22 -6 21 0 2 9 10 3 -18 5 2 19 4 1 -8 13 -3 0 1 -5 21 0 -2 -3 -2 0 0 0 0 7 -38 0 0 0 7 -6 0 1 -12 0 0 16 0 0 0 0 1 0 0 0 -13 0 0 0 0 11 0 8 0
14 -64 -33 1 -8 14 51 -2 -16 -69 50 26 -19 -18 -9 -58 53 -45 -23 8 -68 -65 14 22 54 -9 -15 12 -7 58 5 -35 -20 -6 -41 -11 -11 61 -58 -32 59 20 22 -27 20 -11 -5 -62 46 -8 -70 -8 -65 13 -5 -26 2 -10 5 27 -3 6 -4 16 -12 8 -7 -1 18 -14 -6 -20 0 -19 -10 5 -8 6 4 -8 -10 1 -6 8 -5 2 -10 -8 0 -20 3 6 -7 7 1 8 -7 -7 -1 7 -9 16 -3 -11 -10 15 -18 23 6 -10 -9 13 19 -16 13 2 -22 8 18 -19 13 -5 24 -2 -1 -5 -17 -17 -5 4 0 -12 -4 14 0 -25 21 -1 11 8 11 6 13 27 2 -3 0 6 0 -18 10 11 -4 -21 -21 -6 3 -17 -4 -11 -4 6 -4 -5 1 -12 -28 2 -12 8 -4 7 10 -15 -6 9 2 4 3 -21 -2 -17 15 5 -2 -31 -13 -32 31 -13 -14 14 1 -6 -5 3 -14 4 8 14 -2 0 -3 -18 9 11 15 5 -10 3 -7 -4 1 14 -6 3 9 2 7 3 10 3 -7 -9 -7 25 6 5 11 -14 6 8 18 3 -11 -1 8 0 0 1 2 0 0 -3 -25 23 0 0 0 0 -12 8 0 0 0 -10 -15 0 16 21 0 0 -11 0 0 0 0 -9 0 0 0 -3 0 0 0 0 0 0 22 0
21 -5 1 -22 -7 1 -45 -5 -2 26 -22 -44 -56 48 -46 -62 -16 23 44 31 60 23 53 -52 63 -10 26 -15 -14 -4 -5 -9 -15 26 -30 2 10 24 30 -51 55 43 -47 23 -25 9 -1 21 -66 8 -16 8 -29 -20 -15 -9 12 -6 0 -26 13 5 -3 11 4 -12 -6 1 -6 -7 2 -3 -4 15 5 3 4 4 -7 -16 10 -8 34 -2 -17 11 24 -14 7 -9 3 29 3 -25 11 -28 28 -5 -10 7 -3 -29 -3 28 -23 0 -10 -3 31 -22 14 -5 0 1 -4 -8 12 -9 1 -28 12 21 -3 -1 -2 -19 3 13 1 -2 -3 -10 9 -10 2 -29 -1 4 -4 -9 -15 0 -2 -14 -18 7 22 -1 -3 3 -16 10 -4 23 -16 -12 -11 -3 3 -13 2 11 16 3 -29 25 5 20 14 9 -35 34 1 -15 -4 -5 8 -4 -36 -16 -17 -5 17 -8 15 14 -10 -5 -24 11 -15 -22 8 24 30 2 31 11 0 -20 0 19 -19 -9 -2 -7 15 13 -6 23 -16 3 11 -14 11 -3 -15 1 7 -9 -1 -25 -4 29 -8 -7 23 -2 -1 21 9 -13 -8 13 10 2 -11 -7 0 0 16 8 0 5 -7 -26 0 0 0 0 -7 -1 0 0 0 2 -8 0 1 1 0 0 26 0 0 0 0 13 0 0 0 -17 0 0 0 0 6 0 -10 0
-38 -69 -53 -11 25 4 -69 -31 19 18 -44 0 -19 -17 -56 57 21 -45 30 61 -20 53 11 -67 -10 9 6 11 25 -34 -3 69 32 -46 68 0 40 31 -36 -32 -63 53 16 39 -11 7 -46 -45 51 3 31 -10 28 1 -16 1 17 -15 2 10 0 -4 9 0 0 27 30 18 -7 -21 -5 -11 -18 10 -10 -15 2 10 -4 16 5 -3 -3 11 -13 -1 -21 19 -13 9 15 -3 -8 14 11 5 6 -17 9 11 1 -15 13 3 1 1 36 10 -6 -5 -8 -12 -15 20 5 2 1 2 6 -13 22 -25 -6 3 12 34 9 11 19 6 -6 13 2 -16 20 3 3 -8 10 -24 2 -8 2 -14 -19 -12 -4 -1 18 13 11 -14 29 21 0 6 13 -24 12 11 -22 -8 -1 -4 21 -22 13 -3 6 -6 47 -15 -28 36 -14 -13 -13 -28 19 17 11 -5 1 2 2 8 9 2 10 0 0 17 5 4 -5 7 -7 2 -7 -11 -21 -1 -28 22 1 -1 7 -19 -5 -21 30 -16 7 19 -13 -7 -16 -2 2 14 0 2 20 -17 -4 -21 -5 2 -2 -3 -10 -2 -5 8 5 3 -30 3 0 0 0 -15 0 6 -26 -17 0 0 0 0 9 -29 0 0 0 1 -4 0 -11 -1 0 0 -6 0 0 0 0 2 0 0 0 0 0 0 0 0 -5 0 -9 0
5 -37 69 29 7 17 3 -11 -11 15 54 -19 -43 -59 -62 32 -7 -16 -16 53 9 -1 34 -28 33 12 4 -10 -64 -54 10 44 14 26 54 2 -21 68 -44 -2 -55 59 41 3 -8 28 -29 9 25 55 -35 4 41 0 -23 26 16 3 3 3 -9 3 -3 -12 21 -7 9 -14 10 -11 -1 -18 -13 -15 -7 -2 -21 -17 4 0 -12 9 6 -29 -6 -8 2 22 -2 23 -9 0 0 23 -8 5 -16 11 19 5 5 10 13 -10 7 0 15 13 28 4 -4 0 -8 13 17 -34 19 -4 7 9 9 -4 6 19 -9 -18 12 6 20 -16 -15 -8 -17 7 12 -25 9 -20 21 -28 -21 -3 -33 23 4 1 2 8 -3 15 20 -10 14 17 5 10 8 -21 3 8 14 -1 -4 1 -10 -7 -3 -11 2 -20 12 -2 2 6 8 -11 -8 3 -13 -10 -10 -1 -12 -11 -16 12 24 19 13 8 2 -3 -30 -11 2 12 15 -12 13 -15 8 0 -4 -17 30 -16 -22 -16 8 -11 5 23 -6 -4 -7 -12 -19 -3 10 -10 -2 -13 0 9 -10 -2 -4 -8 -18 -3 -39 -9 4 -7 7 -13 11 0 0 1 13 -12 0 -1 -23 -14 -1 0 0 0 15 -39 0 0 0 5 -6 0 -8 -28 0 0 0 0 0 0 0 -4 0 1 0 -15 0 0 0 0 12 0 -18 0
-3 57 -31 -13 23 30 30 10 -5 11 11 36 -63 -58 42 -12 3 -57 7 -46 56 48 -64 -20 33 7 12 -17 66 -35 0 -22 -56 -43 -43 11 -10 33 -41 -17 51 12 66 30 -11 0 53 33 12 58 -4 14 -38 13 14 7 5 20 14 -22 12 1 -14 16 14 0 -2 2 -15 3 24 -8 -4 -10 8 4 -23 -4 7 -27 7 -28 -14 -8 -14 -2 35 0 6 -23 18 -1 -13 2 42 1 12 16 1 2 -3 10 -5 18 -7 -8 0 -14 11 -13 16 -7 8 26 -22 -25 10 -4 13 -3 -10 4 1 -15 -8 -29 2 1 -23 -25 15 11 11 -3 -7 12 -5 -9 -10 2 28 -16 5 -13 -1 8 3 9 -7 11 6 26 1 5 -14 -14 21 2 2 -2 -10 -4 -2 0 -2 16 -7 -10 3 -25 0 5 29 -7 -17 4 3 7 6 -6 9 -6 -11 -29 19 1 -3 4 10 -21 -21 0 -40 18 26 -3 -1 25 -9 2 19 15 -12 9 11 9 -9 12 5 8 -10 -2 -6 -13 -22 0 -23 6 20 0 8 10 -3 6 10 5 30 -17 12 3 3 18 -14 1 16 -2 17 -4 0 0 1 14 0 -4 9 -2 0 0 0 0 20 32 0 0 0 1 3 0 -14 5 0 0 5 0 0 0 0 2 0 1 0 3 0 0 0 0 -3 0 1 0
-19 -17 58 -51 -6 28 -46 21 6 25 19 28 -59 -56 51 32 19 -31 -41 -10 -25 -69 -61 -4 0 45 7 22 20 25 21 -55 -30 -42 -61 -25 0 63 -64 54 2 -12 -19 9 2 8 -14 -40 -64 -27 -26 -3 31 7 16 -8 24 8 -4 3 20 9 -3 17 12 6 14 -4 -4 -1 5 -15 -22 -12 7 -12 -13 -5 -7 -13 -13 -3 -6 -7 3 -7 -11 -7 -7 1 0 -11 -35 8 19 34 10 -5 -11 -6 -11 8 -13 14 -3 -3 13 -5 1 -8 -9 1 11 6 -4 -10 8 10 7 -19 11 -45 30 -23 18 -1 -4 -8 13 -4 9 -17 15 -7 -17 5 -16 -35 -3 -17 -11 -16 2 3 -10 -9 9 13 -16 9 -14 -7 -5 9 11 9 -6 -24 17 -23 6 2 13 -1 16 -5 13 -14 9 -19 14 6 4 -15 6 -13 -11 2 -17 -25 10 11 -3 -4 -2 -11 -1 -12 7 -6 6 5 -25 9 -17 -15 16 -5 -4 4 -16 0 -36 -11 -5 -16 -23 16 -10 0 1 26 -1 -7 1 -3 -2 2 -19 -26 10 -3 0 1 -16 13 -10 -14 -13 1 1 -9 -9 -31 3 -2 -5 5 0 -1 -18 9 0 4 -9 -7 0 0 0 0 5 13 0 0 0 9 -7 0 3 -19 0 0 -7 0 0 0 0 7 0 0 0 12 0 0 0 0 9 0 -24 0
3 -51 -26 -57 9 19 22 -4 -25 -33 -2 55 64 28 -34 -62 -42 46 37 5 -60 14 -25 -57 -50 18 12 16 50 7 8 -57 -30 16 18 11 4 32 42 54 42 -14 -21 -9 -16 48 43 57 -68 20 56 -26 -24 24 3 -21 9 -2 -8 6 -7 -17 -17 -3 1 14 -5 6 9 -2 -34 -8 3 -21 6 -13 -1 -1 9 -7 21 -2 -19 -6 6 -4 3 -8 -29 -2 -30 -5 -11 21 -4 25 8 -19 16 12 -13 0 -6 3 4 -15 -6 4 0 -5 -12 3 17 -7 -12 44 13 1 1 -14 5 -6 2 17 -3 2 8 -21 0 14 -2 -7 14 16 -12 2 9 0 -3 -6 1 12 24 13 13 6 -2 -5 -15 -6 -15 11 6 -11 -14 3 -37 13 8 13 5 5 -2 5 -2 -14 1 9 12 -22 16 4 -26 16 12 -18 -5 -11 12 -2 1 -8 29 17 -3 -3 8 -14 6 4 9 -14 -11 14 -6 -11 9 -22 3 -12 8 0 -16 12 -32 11 -21 8 9 -9 10 9 2 -15 -4 5 -34 1 4 3 13 14 8 -13 13 3 -14 -14 9 -4 6 -3 14 -18 16 -13 3 -10 0 1 -10 -12 0 3 24 15 -1 0 0 0 -5 -7 0 0 0 3 3 0 6 8 0 0 -7 0 0 0 0 20 0 0 0 5 0 0 0 0 -2 0 -12 0
-20 -35 29 28 15 14 -61 -9 -3 -10 -54 12 -4 -29 58 -18 -47 50 -27 -31 -58 57 -37 52 47 4 7 -4 -66 -47 2 -54 -49 -40 -40 -7 4 -50 51 -1 -60 -33 -56 -12 -17 -10 9 42 22 -59 28 16 -2 14 18 15 -1 -5 6 7 -3 -5 -25 -2 -3 24 -7 -15 -15 -7 0 -37 6 6 -18 -21 -2 3 -16 6 -8 -26 -16 -3 -21 -4 -15 3 25 -17 -12 10 -1 -19 21 -7 -22 0 8 -15 2 3 14 4 -3 -3 27 -3 7 9 -22 -5 -1 -22 9 -5 22 1 -10 -3 -12 -17 22 -17 14 5 29 -10 -29 -4 -1 -12 1 -16 16 18 5 -9 23 4 -4 -22 -5 26 -10 -13 -16 -27 -5 2 10 2 -18 0 4 4 6 4 14 -19 0 23 10 -7 -10 2 -4 -17 4 7 -7 16 1 -22 12 -19 -5 14 26 -3 25 -3 4 -19 -10 -16 -18 13 -4 -12 -12 14 -23 -21 16 -10 7 12 -2 15 -5 -3 -13 3 -11 5 12 3 5 -4 27 -4 8 -8 -23 -16 -5 -1 19 -20 -9 10 -4 -4 10 0 4 -4 -5 5 -15 1 -5 5 -4 -16 -2 -2 0 -1 4 22 0 0 -19 -19 -1 0 0 0 -1 -5 0 0 0 5 -6 0 -2 -6 0 0 -7 0 0 0 0 -10 0 0 0 3 0 0 0 0 7 0 -6 0
14 23 24 -38 -23 -29 -50 12 -9 13 -68 -6 -28 -34 -58 5 48 -43 33 -7 47 58 -61 13 -51 -12 -10 2 -39 -28 0 -2 -60 -16 53 0 -8 15 -60 -34 31 -1 32 -7 31 34 1 60 39 13 2 -16 15 -2 -4 -3 2 9 -4 22 -32 7 -10 -18 -6 -11 -5 -4 6 25 -11 -2 0 -5 -7 -16 13 -19 17 6 4 20 -14 1 8 -10 5 -15 -5 34 -22 2 2 25 -1 18 0 9 -7 25 5 -9 6 9 -8 -13 -27 -9 -9 16 25 0 -22 5 24 8 -9 -7 -11 24 2 7 12 26 -14 2 -23 -3 10 -19 2 11 15 33 -16 -12 -12 4 2 -6 0 5 -26 0 34 -15 -3 -13 -2 -11 -20 -11 -7 -11 3 0 -13 4 -12 4 10 17 -7 -8 0 -13 16 12 4 9 2 -6 -23 -7 37 2 25 26 -1 1 5 -12 20 27 -7 -1 2 7 -2 11 9 -15 9 -10 -15 -7 11 -23 -5 3 17 -8 27 -17 -10 14 7 -21 -26 -1 4 -7 10 10 13 -26 -6 -3 13 2 -8 -16 4 -13 5 10 -19 -13 14 2 7 -16 4 10 -1 15 1 0 0 -1 7 -18 0 12 23 16 -2 0 0 0 -20 -10 0 0 0 5 5 0 9 6 0 0 -9 0 0 0 0 11 0 0 0 4 0 0 0 0 8 0 -14 0
-28 -13 22 -52 -10 -5 39 13 -11 53 1 -68 -51 21 60 11 0 21 -10 -38 -11 54 8 29 -16 0 5 -16 2 -7 34 -62 36 64 -38 12 -14 -32 -37 58 -64 24 -19 -38 21 5 -43 -17 63 60 -15 30 -25 28 -4 1 -11 13 17 12 -8 9 -19 -6 -10 -3 -17 -10 14 24 38 -18 3 -13 -27 5 9 -14 -7 2 -4 -6 4 -20 14 4 -13 12 -5 -10 -16 -5 9 -2 -9 -4 5 -7 3 15 -8 0 2 -3 -14 12 -12 -10 9 1 -1 -12 -3 -21 47 2 1 -14 -4 0 -2 12 13 31 -4 -27 -5 -7 17 5 16 -12 10 5 15 1 45 -8 16 2 12 -6 -11 26 -10 5 1 -6 -1 5 9 5 -10 -9 4 -6 6 -16 4 11 3 -10 13 3 -8 -2 -3 1 -21 9 -29 8 2 -14 23 11 1 19 -3 8 1 -3 -4 2 -19 -6 -3 -4 -11 -5 -4 -15 -1 7 -6 -2 10 -17 11 7 3 18 11 -25 27 3 -20 -10 13 -4 13 16 -11 30 -51 13 20 4 18 -5 -14 -14 -15 -11 -1 23 -2 17 5 -4 3 -4 -6 17 -7 -23 24 3 0 0 10 12 0 -4 16 -4 1 0 0 0 -1 -16 0 0 0 1 6 0 -10 5 0 0 -1 0 0 0 0 12 0 0 0 -9 0 0 0 0 -7 0 16 0
-9 44 -69 -27 9 18 -62 -3 -1 36 -68 70 1 21 -66 -51 -14 -34 35 38 -8 -66 -17 26 -22 36 1 17 -69 59 21 14 22 -17 -4 -7 -55 -64 -37 6 -43 -55 -23 22 -12 1 5 -47 -58 -7 52 -10 38 -2 3 17 -2 5 26 0 -3 -18 8 19 16 -5 14 -8 9 -8 -2 2 11 1 -10 -18 1 14 -15 -5 -17 3 -3 -12 4 -12 6 -8 -10 -6 -3 -2 -10 2 -1 -15 3 10 15 29 3 -36 9 -18 -11 -32 12 2 -16 -19 -11 15 1 -20 13 17 6 2 -18 -4 -9 -23 -7 8 -1 2 10 -8 14 -1 12 -21 -23 -5 -1 -8 -5 4 5 -23 -16 3 22 17 -6 -24 -8 -6 11 -3 -6 -16 4 11 33 6 -15 -11 0 -7 -7 0 17 -21 -23 -8 -4 -16 -17 6 -10 14 5 8 30 3 -6 7 5 -15 28 6 -16 0 -5 -15 -10 17 -10 -4 -24 -13 -3 -10 20 -26 14 -11 -4 14 -7 6 -23 -13 0 -7 -5 -9 1 -18 45 2 -1 -19 -4 22 10 -5 -4 3 -34 9 -24 -7 -5 14 -23 -5 -5 8 -6 1 -32 20 -8 0 -3 7 0 1 -5 1 0 1 -8 6 0 0 0 0 17 22 0 0 0 9 11 0 9 -17 0 0 -6 0 0 0 0 17 0 -1 0 21 0 0 0 0 14 0 -17 0
-14 48 -26 43 -8 8 54 -13 -14 -31 -58 13 8 -22 -1 -41 22 50 59 -6 -41 -54 -61 -40 -10 11 -33 16 -32 67 -2 48 29 -1 24 -13 -25 26 -15 64 -4 -14 -63 -50 9 8 9 67 -27 48 -57 -1 15 17 19 -3 17 11 -12 31 -1 -3 20 -6 7 0 -2 -7 15 -30 14 -14 -3 -8 5 -21 -7 -5 5 -33 9 7 -14 -19 17 -1 -23 -9 6 -7 8 5 -18 10 -3 5 20 23 -5 7 4 -11 19 -20 -11 -7 -3 14 -7 9 3 9 1 5 6 15 -22 -4 0 -2 7 -11 7 -6 0 -1 -10 -7 26 -4 3 -2 4 -13 -31 9 18 23 20 17 3 18 -6 3 1 -21 8 14 15 -7 16 8 -5 -15 -5 -21 9 -13 8 -9 9 0 -4 6 15 -34 -7 14 -15 -3 26 -33 -13 12 3 4 -15 -2 15 -2 -2 14 29 21 6 2 4 -19 3 -33 10 1 2 -2 1 11 -14 -19 33 13 -7 -10 12 7 0 15 -22 -7 -9 1 -9 -13 5 34 -12 -4 6 -5 16 2 -15 -3 5 -10 -5 -16 -13 5 -12 8 -2 -1 2 -6 -11 39 11 -2 0 -1 -17 5 0 0 2 22 1 0 0 0 -4 10 0 0 0 2 10 0 13 18 0 0 3 0 0 0 0 20 0 -1 0 2 0 0 0 0 -8 0 -9 0
-31 -62 18 -10 20 -41 37 11 -13 61 -7 -18 21 -60 55 60 -56 -59 -62 -23 5 -67 67 -66 24 30 -3 5 38 67 -7 15 57 2 11 6 22 -9 65 32 -31 48 -64 -38 -1 -6 69 58 57 4 40 18 -36 -19 -6 -21 -12 16 21 -4 23 -12 -20 6 10 4 -23 -5 -2 20 -8 -11 4 -1 -13 15 9 -9 -14 21 20 -14 -14 0 -3 -16 -22 -11 9 -27 -12 -10 4 -6 17 20 18 9 -6 -8 13 2 -9 6 -13 -38 6 -5 -11 -2 -4 -4 13 10 13 5 2 -7 -17 -4 -12 -20 -1 4 -3 -3 -8 0 5 -9 -5 29 9 6 -10 -4 -4 -5 8 -3 18 -21 6 17 17 3 33 -29 -19 20 -13 -6 -5 -19 -10 -1 -14 13 7 -6 0 -7 12 6 -15 -11 -23 -9 14 -5 -8 -13 13 -22 5 -6 3 4 -31 -4 21 0 -7 -1 9 -1 -5 -2 -1 2 2 8 -11 -10 -1 -7 -19 26 -21 20 -1 16 11 5 -4 3 23 17 -18 31 11 -11 27 -10 1 22 23 1 -3 18 -3 2 5 0 5 9 13 11 9 0 16 5 -17 -5 1 24 -5 -8 0 0 1 26 0 0 -17 4 -1 0 0 0 2 11 0 0 0 8 2 0 -5 -11 0 0 -2 0 0 0 0 5 0 0 0 -7 0 0 0 0 6 0 -9 0
9 -68 39 -23 28 -20 56 15 -23 -43 33 -47 45 -1 59 23 -62 -19 50 -38 -48 19 -19 18 -12 14 -12 -4 37 31 -12 -55 -47 37 -12 -19 -9 -16 44 25 -53 41 -54 17 -6 -1 -50 -56 66 59 47 -9 49 -19 -12 21 -12 -11 7 -27 -5 -27 16 4 26 -7 -6 -21 13 18 -21 -9 13 -14 -23 18 7 -21 9 19 3 3 -10 9 10 7 -23 31 22 0 8 -16 1 10 -11 -10 17 1 -1 15 16 6 -11 -22 -10 -8 -8 27 -4 23 2 -4 9 16 10 20 -6 12 -2 3 -5 8 0 25 -21 14 9 3 8 -8 -3 18 -9 9 21 -5 -4 29 -2 -11 -3 17 -1 17 9 -9 -12 -44 -14 -3 23 7 8 7 7 -1 -17 -5 5 20 -3 -8 3 -17 -5 -15 -20 -10 11 5 -8 -23 4 -3 41 4 -9 1 -12 -7 -10 9 29 0 -10 4 26 -6 -12 8 5 -2 10 -37 21 -9 4 -11 -10 -15 9 33 -2 -26 -9 15 1 -3 -11 -26 18 9 5 11 0 -14 6 -3 -12 -18 13 22 -10 11 -4 2 -19 20 4 -19 2 -9 -21 38 7 1 13 -8 0 1 12 -9 0 -1 -17 2 0 0 0 0 -5 -28 0 0 0 3 2 0 -7 -8 0 0 6 0 0 0 0 14 0 0 0 -2 0 0 0 0 -9 0 12 0
15 -49 27 -37 32 -9 0 -4 -29 55 48 -31 -33 -66 26 63 -1 66 16 -15 -9 52 -5 0 -55 -22 13 -26 7 17 -13 -25 36 29 -21 -2 -9 -49 -41 -37 56 13 -7 -47 11 8 67 -46 51 -15 -59 2 -8 -1 7 -9 -17 -1 3 -2 -14 -22 4 -1 -17 7 -5 -3 -14 0 6 -10 -9 33 -32 -19 -5 -17 -8 -15 7 -8 -14 -13 2 -5 -15 -5 6 -2 2 1 7 -11 -22 -11 -16 2 0 10 35 12 21 -22 -4 4 0 0 8 -7 -15 7 -4 12 -7 -16 -6 -4 -19 27 -14 12 -8 9 -18 3 17 -6 -20 0 -5 -5 -1 -1 9 -12 13 25 4 3 -4 0 -18 33 -3 -32 -10 -2 -4 -5 2 7 -16 -8 -11 2 2 11 0 2 1 26 -28 -2 10 10 7 1 -5 -25 0 0 15 -6 17 -14 -6 -4 17 11 11 -2 7 -13 -4 -25 8 17 24 -29 -12 13 9 -23 -8 0 21 11 0 19 20 14 3 -5 9 1 8 -3 -7 4 5 -16 2 1 -2 -16 2 0 14 -11 -20 -3 13 5 8 6 9 14 6 -1 1 -7 -3 28 -8 8 13 0 0 -1 4 15 0 -1 -24 27 0 0 0 0 4 6 0 0 0 -8 12 0 3 1 0 0 0 0 0 0 0 -6 0 0 0 15 0 0 0 0 -12 0 15 0
12 46 33 23 -32 -22 50 20 12 -64 -70 48 -63 -23 64 67 -30 30 -63 67 8 31 54 2 -60 11 -20 20 8 -2 8 -50 69 -59 -62 -23 -6 -28 -17 -29 54 -30 20 -44 26 -22 -51 47 -3 31 13 12 -4 6 -3 7 11 23 23 28 15 11 -3 0 -1 -10 -3 1 14 -11 15 -3 -9 -13 6 -1 16 0 6 -2 -9 -3 3 1 2 -7 -15 -10 -6 7 -20 -18 -10 7 9 6 -7 1 6 11 15 -8 5 9 -12 -25 -16 -11 -21 -5 5 8 0 -1 32 -14 -5 2 -3 0 -7 -16 6 -5 14 -10 -12 -16 8 1 8 17 -15 -16 -9 -5 -6 -14 14 -11 11 -16 -2 20 11 13 18 -4 -4 0 -23 -31 -19 -4 0 -1 5 -4 18 -21 1 -2 5 6 5 -28 2 -6 -13 12 -24 -21 6 -11 3 16 7 12 -19 -15 18 12 -13 3 7 6 -1 16 6 -12 -5 -2 5 -16 -8 -18 -18 -7 2 39 12 3 21 -2 9 1 14 -4 -12 20 6 -17 17 26 -17 4 25 2 4 14 0 5 -28 -5 -4 1 -3 -11 -7 -2 10 2 -24 -1 -10 20 2 2 0 0 2 1 0 -3 8 7 -3 0 0 0 -2 21 0 0 0 -3 7 0 -3 8 0 0 -2 0 0 0 0 -1 0 1 0 0 0 0 0 0 8 0 4 0
-7 37 50 54 8 -25 -44 8 -1 4 6 59 -50 -55 -45 -16 -65 62 0 45 19 -52 -38 -7 -51 3 5 -2 -1 59 11 -48 33 20 19 10 9 -28 -23 18 -19 -11 -34 -28 6 -23 -18 6 23 -13 35 12 61 -17 2 5 -6 0 3 16 -2 -2 -2 -2 -3 -4 -4 -2 8 6 18 -18 -10 -6 -27 7 13 -9 -13 3 -9 3 5 -13 -4 10 3 -4 14 11 10 -3 10 -10 5 -10 -10 2 3 -17 -4 -5 -1 7 17 -2 -8 -7 -5 9 -9 -19 -6 14 -4 -22 -6 -5 -1 19 -20 -14 -12 11 -3 -31 -9 10 -7 -16 2 3 -5 -17 -6 6 11 -9 3 -6 -19 -17 1 -1 11 2 22 -2 -2 11 13 -2 -4 0 4 5 3 -3 -19 -4 -4 8 23 21 -17 -2 14 1 -2 15 2 -8 3 -26 -3 11 -9 -1 -9 2 6 0 -28 -20 -12 21 -10 10 -14 0 -5 7 -7 -7 11 -12 -1 0 4 9 10 -1 19 8 19 -6 1 -1 13 -1 -1 -5 5 4 -24 12 3 2 11 3 3 -6 -2 6 -18 15 14 0 -1 -6 -1 -11 -18 -4 -9 -3 12 -2 0 0 1 3 0 -3 -8 2 0 0 0 0 -6 5 0 0 0 8 -4 0 1 -5 0 0 -13 0 0 0 0 -15 0 -1 0 8 0 0 0 0 -1 0 -9 0
-6 45 -20 51 4 -3 -12 11 -22 -41 48 41 -42 -10 -26 -65 10 -49 67 61 -65 13 -14 -37 -1 -10 -1 -16 23 -14 -4 -12 -22 59 -18 -16 -13 -25 -54 -68 3 48 52 -64 -7 -23 51 -41 37 55 0 5 -22 9 -2 16 -23 0 22 -18 -5 -22 5 -6 3 -13 -1 21 11 13 -27 -22 5 -4 -26 -5 11 -8 -17 16 12 -6 3 14 -3 -10 -1 6 27 -14 -3 -6 9 -9 -12 -2 -10 -18 -7 11 3 1 -15 -10 -9 13 -11 22 16 0 -9 7 33 -12 -6 -15 9 -16 27 -4 -21 9 -8 3 -22 -17 17 -10 -3 -10 -3 -3 6 -11 6 -5 10 -27 27 4 -10 -14 1 17 1 9 1 -12 -4 13 -5 8 -6 -2 2 -2 7 -3 16 -15 -1 -20 19 23 -1 4 1 -12 0 -12 -27 13 15 -11 3 -4 11 0 -21 -4 1 11 5 -31 2 -2 12 -1 -5 11 15 -1 -2 -14 5 1 -5 16 0 -1 21 14 -8 -15 -2 -10 5 -2 5 25 14 14 3 -17 -2 9 8 5 -2 -15 -4 13 -7 11 -11 23 12 -12 -17 -20 9 1 -5 8 0 -15 10 -4 0 1 7 14 0 -7 -19 3 -1 0 0 0 -6 -20 0 0 0 1 -5 0 -9 -10 0 0 5 0 0 0 0 -16 0 0 0 -14 0 0 0 0 15 0 14 0
-26 -1 16 23 14 -18 62 -11 -13 61 51 -7 15 61 23 -46 55 54 69 29 70 -9 -37 -20 17 -11 25 -10 4 43 10 63 9 -63 -37 -10 3 -68 25 -44 22 36 -57 -54 -16 2 -57 45 63 -22 -8 -3 68 -5 -9 0 11 0 11 -34 -4 12 1 10 -12 6 4 23 -17 -3 16 13 -9 -1 -8 -6 -13 1 -19 -5 3 9 11 9 10 5 13 -7 -17 0 -5 22 12 -24 4 -1 -11 -2 21 5 -10 -28 27 -5 -15 -3 17 -13 5 -23 15 0 12 17 -14 -17 -6 -4 -9 0 -18 -6 -9 -1 -14 -4 1 -4 11 -23 -6 -25 -9 -9 5 2 30 6 6 -3 -2 -5 24 8 -11 -4 25 9 0 5 -25 0 -4 -4 14 -11 1 -4 7 -17 -18 7 -1 -9 -8 14 3 13 -20 3 -5 24 2 -4 -13 2 -23 3 20 1 12 -3 -5 -9 -1 -27 -15 26 13 -11 -13 -2 -12 -12 -2 -13 -1 0 -13 3 -12 -8 -19 -10 -6 -2 3 3 -18 25 -3 -13 6 -5 19 -1 -2 -1 8 -1 -40 -15 3 6 2 -6 2 -22 -21 14 0 1 0 7 14 -13 -2 0 0 1 16 -7 0 10 -22 0 1 0 0 0 0 4 0 0 0 -2 14 0 -2 1 0 0 -13 0 0 0 0 -12 0 2 0 7 0 0 0 0 7 0 -10 0
13 13 -55 -67 -9 -7 19 4 -5 -36 -4 16 6 21 54 -13 -28 -69 -4 -33 -7 35 18 0 30 -16 -14 -33 14 -14 -9 -35 -43 34 50 10 42 56 20 -55 63 -12 -51 15 -9 -8 38 58 -22 40 -68 3 -56 7 -3 2 -14 4 -14 -11 6 7 2 -25 -5 14 -1 7 -7 1 0 24 -22 11 -7 -10 -9 3 14 11 -2 17 -14 11 -5 1 7 -2 -9 -5 0 -1 10 12 0 -3 -33 0 -13 -8 2 21 10 9 3 18 -2 9 -27 1 7 21 -15 -4 -20 -13 7 -14 -13 17 -3 15 7 2 -11 12 -6 9 2 0 7 1 5 2 -4 1 -4 6 1 26 15 -4 -19 -6 1 -14 -4 -1 -1 -3 -1 -3 -10 0 6 -14 12 10 -19 17 -4 -6 -2 4 21 21 -4 -9 1 0 15 3 3 24 -1 -2 -3 21 29 4 -14 -24 -27 2 -7 0 17 14 13 -16 11 -10 4 -1 7 -4 -10 18 -6 -1 10 -7 10 16 2 -13 -2 -12 5 -4 -19 -5 -1 -10 12 4 -22 -4 -9 12 -1 -10 8 -7 4 -14 7 -7 8 -8 4 3 6 -11 5 -3 -8 2 0 0 -9 1 0 2 19 1 1 0 0 0 7 8 0 0 0 -8 -8 0 -7 -1 0 0 -19 0 0 0 0 -3 0 0 0 8 0 0 0 0 -19 0 22 0
6 59 37 -45 6 1 -20 -12 -3 50 -53 -39 -27 46 -14 -27 -24 67 -43 -23 -56 42 -39 24 54 -22 2 -13 31 26 -8 -34 41 12 -2 20 -8 44 -22 -40 -35 -12 -2 41 11 15 -18 62 -25 -26 2 12 47 11 -3 -12 3 -4 3 7 4 2 -1 -19 -5 -18 -14 -2 3 6 2 6 -2 13 -14 -13 -9 -14 -10 0 10 -7 3 -6 3 -1 4 11 -22 -8 -14 -5 11 3 -13 -6 0 -6 4 -19 7 16 4 -6 16 1 -10 -4 -2 18 -21 -1 -11 9 25 16 -5 -13 1 7 4 5 10 33 6 -16 17 7 -7 21 -17 3 -7 9 20 12 42 17 -12 -22 -6 3 -17 5 2 1 -6 -6 6 0 16 20 -6 -10 -5 12 18 22 -2 4 8 25 -19 19 -17 -6 6 -2 1 0 -3 -11 -2 4 19 -11 4 -10 7 22 11 15 15 -11 -3 7 -2 5 -4 -10 -13 5 -1 -7 -7 21 18 -13 -1 3 5 22 8 22 4 -6 -36 -5 11 6 -19 4 -3 4 -12 -12 3 3 0 -4 11 5 9 5 10 8 -4 22 -16 -5 -16 -1 -1 5 18 -21 -4 2 0 0 24 -31 0 2 6 9 0 0 0 0 18 -12 0 0 0 -10 5 0 -1 -1 0 0 20 0 0 0 0 1 0 0 0 -3 0 0 0 0 13 0 3 0
26 37 20 27 -3 -15 12 -1 21 18 50 9 64 51 67 -53 1 -35 -63 -16 -3 -69 -42 -35 66 -18 -20 15 -28 -38 -1 6 -21 26 38 -26 -23 -42 -50 55 58 29 -67 -55 26 -15 24 -65 41 63 -43 -3 -11 -15 8 9 0 -8 0 14 -4 -14 18 20 0 18 11 5 9 -12 -15 6 -22 -11 -4 18 22 4 11 -9 -6 8 1 24 -5 11 -4 3 1 14 -6 7 10 -11 -20 0 17 -34 16 8 -2 5 -24 2 -2 20 -15 7 23 -14 18 -7 -4 -10 -12 2 -8 15 31 -1 -10 21 -8 -32 -15 27 18 9 6 -11 -14 4 -13 0 7 -29 -32 4 2 1 6 12 25 -7 7 14 -5 -14 -9 -7 -33 -4 27 12 1 -17 -20 -35 5 20 15 -10 1 -6 3 -17 11 -3 3 23 0 4 -23 -7 -20 0 0 -4 -6 4 8 13 17 0 -3 20 8 -21 10 12 -8 -26 9 -10 -1 -3 -9 17 -8 9 7 -2 -3 -13 0 8 19 1 -9 3 8 -15 -5 12 -10 3 12 4 8 -1 14 1 5 9 -17 2 -6 -18 6 -4 22 -10 -3 9 3 8 7 2 0 1 -8 7 0 2 -4 1 0 0 0 0 -26 -13 0 0 0 -8 -11 0 4 8 0 0 1 0 0 0 0 -8 0 -1 0 1 0 0 0 0 9 0 28 0
14 0 -57 -12 15 24 -25 3 -17 -10 51 -27 -47 54 38 14 -48 29 18 -47 39 -24 -26 26 -46 2 5 -10 8 -6 -19 64 -6 -20 -20 9 -20 59 -24 -27 69 -34 62 -61 -33 25 -54 0 -64 33 4 4 25 2 -10 17 6 9 3 -19 -5 -12 32 -3 -8 -10 17 16 -15 -17 -14 10 4 3 -1 6 -9 -4 -1 -8 11 -4 -8 -8 -1 -6 4 -6 -8 1 -13 -5 -2 -6 -9 -1 -9 2 28 -5 19 0 13 0 6 -19 7 12 31 -8 1 7 17 2 -23 0 30 0 -11 -2 -17 -1 -18 -3 -5 8 24 2 -9 -4 -23 10 -17 -1 0 -7 -3 -4 1 -3 -12 1 18 17 -2 -13 0 -3 -1 -1 -6 13 3 1 -1 4 -3 3 10 -6 -7 -21 -26 -1 -1 -5 -14 1 18 -23 9 17 17 17 -17 -16 -10 -23 3 -1 -3 -1 22 -21 10 -14 14 19 9 -10 -9 4 -11 -8 17 -6 20 1 3 -10 11 -12 -18 12 -14 11 2 -2 -8 17 -10 3 6 -20 -3 -18 -26 -1 -19 6 -2 13 5 10 10 -3 11 -14 -9 13 1 -8 -16 4 24 -5 0 0 0 -1 18 -18 0 -1 -15 3 1 0 0 0 -2 -16 0 0 0 2 9 0 -8 -12 0 0 4 0 0 0 0 1 0 1 0 0 0 0 0 0 5 0 -10 0
20 -12 -42 30 6 10 16 -9 15 44 -19 -30 52 -46 43 13 -57 39 -67 60 6 35 70 2 8 19 -2 8 36 -10 -3 16 -10 -25 3 21 -36 -36 -33 -35 -25 17 13 14 5 -6 46 41 -25 -41 -37 -25 -64 12 23 -9 13 1 3 14 -1 3 -7 14 -3 5 -6 -2 17 -15 8 -14 -3 -8 -3 12 -1 0 -4 -10 -7 -15 17 3 3 -7 10 -12 -5 11 22 9 -9 6 10 1 19 -10 2 -4 -2 -20 -14 12 7 -20 -37 12 1 26 12 -27 -7 23 -9 31 -6 31 15 -26 14 -3 0 -3 13 11 -1 -4 -25 -9 5 14 -11 14 3 11 8 10 -38 -6 5 0 15 -21 -15 23 1 -3 13 -11 5 24 8 6 -41 9 4 -13 -6 -1 4 7 -1 3 0 -24 -8 25 -10 -1 -17 10 5 -25 12 19 2 -19 3 -18 10 -9 6 4 13 20 -9 -9 3 1 -21 10 6 3 9 -2 11 -5 4 -21 16 7 21 -15 -2 11 -8 18 1 7 0 11 -16 9 -39 -30 -20 1 14 -2 14 14 -21 -7 21 -3 -2 7 13 5 16 19 -24 23 -13 -4 24 -8 0 -1 7 -2 0 -6 25 1 0 0 0 0 -24 18 0 0 0 -2 9 0 1 36 0 0 12 0 0 0 0 15 0 1 0 -1 0 0 0 0 -7 0 -27 0
-11 -65 5 -49 -23 -4 28 -6 -5 -24 59 -31 -6 -37 -41 69 -23 7 65 -61 8 63 -46 27 18 9 0 20 -55 -15 0 12 -63 41 -6 -12 -8 37 -69 19 44 34 -41 34 0 -26 38 58 -4 30 18 -12 62 -1 1 2 15 -15 -2 -6 2 13 11 28 13 -20 -9 -9 10 -13 5 2 -12 -3 -7 -8 -6 7 -6 -9 13 4 13 -21 13 0 3 -15 1 -7 -8 20 -9 -16 0 -13 5 7 7 2 1 -25 -12 12 7 2 -20 -4 7 -3 -7 2 8 17 -4 12 -3 12 -8 -14 -4 -7 5 -8 -1 -15 16 4 17 9 8 3 0 -20 -8 -13 4 2 -22 -11 -17 -8 7 2 17 -22 14 -12 10 3 0 5 -10 -10 22 -8 -12 -1 16 -18 10 10 23 6 -29 3 -3 16 -3 3 -39 9 -6 -25 5 5 -2 7 -14 -26 14 2 9 -5 -11 -13 -7 6 6 -15 8 -7 -1 0 17 4 5 -4 5 -3 4 -15 8 -8 0 -14 12 8 -3 15 -3 13 3 -16 14 1 18 -4 3 -10 -13 8 -33 10 3 7 -10 -8 12 10 7 -1 -29 -2 -8 16 4 1 0 1 12 7 0 5 -13 -19 -1 0 0 0 -9 8 0 0 0 12 0 0 5 -2 0 0 29 0 0 0 0 -15 0 1 0 -9 0 0 0 0 8 0 4 0
-14 9 41 11 4 31 -51 -27 -6 -16 -18 -30 1 -36 25 -28 -5 69 -21 35 -8 -56 11 60 45 -32 -4 13 -59 -8 -11 3 16 9 3 -14 2 -48 10 -6 3 -55 65 52 0 24 38 6 64 -33 -47 -4 -31 18 -9 12 29 -5 3 -14 -10 13 2 19 -10 22 14 -7 -10 -23 30 -2 1 0 19 -1 -1 15 -7 -20 0 -6 -2 -4 -2 6 4 10 -3 7 -8 15 -6 0 1 18 16 -4 26 -3 -25 2 8 -2 5 11 5 0 49 2 5 -11 -7 -14 24 -1 -4 7 -4 2 13 -10 6 -23 1 4 27 6 5 7 -14 -8 -5 -1 25 -4 4 12 16 0 -4 4 -2 15 -20 15 1 3 -8 -16 5 -19 29 -3 -11 -23 -2 -39 11 -3 7 14 -18 -22 -1 -11 -2 -5 5 10 -13 10 -23 -8 -10 4 -2 -20 2 -5 -3 -6 28 4 4 -18 -23 5 10 23 -19 2 3 -1 8 -4 2 -14 -4 -7 -26 -8 -1 -13 7 26 18 9 -22 8 13 -9 3 25 -12 -22 3 -2 21 14 -27 10 5 -6 1 -4 -1 -14 -18 23 -20 -1 -2 18 -9 -7 8 -1 0 -1 22 8 0 -3 -10 -26 -1 0 0 0 -10 -20 0 0 0 -8 1 0 7 4 0 0 1 0 0 0 0 0 0 1 0 -5 0 0 0 0 3 0 12 0
-1 -41 9 32 0 28 -70 -22 -15 -44 -14 -45 -25 -49 6 47 -46 62 -47 47 -31 -36 -18 -49 61 5 -16 16 2 -40 -6 59 20 50 64 -1 -44 -17 -30 -63 63 21 5 -45 14 19 -52 -51 25 -23 34 -21 -45 -1 19 7 4 12 -9 8 1 4 -3 -3 -11 -2 18 14 -9 -4 -8 11 14 12 4 -26 1 2 -4 -2 5 -6 3 -10 4 7 -7 1 -7 -12 -17 12 -14 28 12 13 -7 -2 -10 15 6 -12 20 -16 -22 -14 6 7 5 0 -30 10 -4 3 7 2 -10 -6 -16 -10 -1 -14 17 -12 -4 -7 20 8 10 26 -1 6 5 -20 -8 19 10 11 2 -17 -3 6 2 26 -6 -2 -14 -16 -23 -4 -2 -27 9 -5 -13 -14 15 14 18 -7 -7 -1 5 -6 -6 -16 6 7 -13 -12 11 -14 -17 9 -5 -3 15 -9 9 -1 22 8 13 10 11 15 0 18 9 -25 -12 2 -5 -4 24 -18 -3 2 -8 -4 3 -12 -13 16 -18 7 11 -4 -8 -7 -6 -7 20 14 -19 -21 -6 2 15 35 -26 20 14 2 29 10 -15 -8 -16 -8 -2 -8 -5 -5 -1 19 -2 2 0 2 5 -19 0 1 -6 -11 1 0 0 0 -14 -7 0 0 0 -2 6 0 -8 9 0 0 6 0 0 0 0 -3 0 0 0 1 0 0 0 0 -5 0 -10 0
-5 41 62 21 -32 -29 -26 -18 22 -47 0 -55 -21 -59 29 60 3 -35 -24 61 -35 67 -12 19 -62 -9 -19 -15 -23 48 -3 -65 -47 -15 23 -17 1 -31 -38 29 -15 51 25 -44 -3 0 7 61 -11 7 6 -7 -19 20 2 9 -7 0 -8 -5 3 23 6 6 9 22 22 7 -9 -14 -8 -12 -14 -14 22 -4 -2 1 15 5 16 15 -1 31 20 4 -10 16 10 40 3 16 5 3 3 10 -11 -19 21 19 -13 4 -20 7 13 12 -19 12 22 -8 22 3 -12 3 -3 -1 -3 12 34 -8 -5 -15 -2 -17 -6 20 7 -17 -2 -51 -2 -1 0 7 12 5 3 -5 1 0 13 -18 0 -10 -4 17 36 18 20 1 -19 4 7 11 6 -17 -17 -44 -3 1 -5 -1 1 -1 34 -11 19 9 7 -5 0 5 -14 -4 2 -2 -29 9 14 -12 -22 2 -7 14 -3 -6 0 -10 18 15 22 -21 -9 -14 -18 8 -22 -5 10 -7 14 -9 8 -34 -20 -4 6 12 -6 13 13 9 -14 18 9 -14 -16 0 10 -24 10 -23 2 -16 -6 -13 7 -29 -23 8 3 -3 5 9 0 -20 -11 0 0 -1 -16 -6 0 -2 -5 2 2 0 0 0 -26 -8 0 0 0 9 -16 0 -7 9 0 0 -11 0 0 0 0 -1 0 0 0 -2 0 0 0 0 1 0 6 0
0 47 56 -57 12 -14 -3 -18 -12 35 27 20 -56 -9 -11 24 21 67 57 64 68 -24 9 -2 -70 -9 8 -26 -1 68 24 -8 7 37 -48 21 -22 14 -26 2 -7 -56 26 -7 10 24 41 -11 -23 46 54 11 16 2 -3 -7 -9 9 0 20 1 -9 -18 -3 19 -3 -12 -17 -5 12 14 -22 -17 -16 -14 6 -21 6 -8 6 -1 -4 3 -9 -3 -21 -7 2 5 -7 3 5 21 -2 -2 -12 5 -1 -25 -10 -1 -23 5 -1 -26 -8 8 -11 10 10 2 -5 -23 15 6 -5 6 5 -6 13 16 5 10 22 16 11 -19 -7 -10 -19 5 -12 15 7 -4 -13 -4 -2 -1 18 -19 -11 -49 -15 6 -17 -2 28 1 -11 4 -10 -16 3 -10 -5 12 4 9 3 15 20 4 -6 6 0 16 0 18 -12 -16 5 -3 -10 34 0 -1 15 4 -7 -21 -11 -11 7 2 8 -3 28 -6 25 -4 -2 -10 17 -4 11 15 1 1 -3 -10 22 16 -9 5 -9 0 -6 -7 -7 19 8 7 9 -18 -19 -36 0 23 -17 12 -18 -10 -5 23 -15 3 -3 4 23 -16 -10 10 11 -15 5 3 0 0 0 1 3 0 8 23 -28 -1 0 0 0 22 -6 0 0 0 -6 10 0 6 11 0 0 7 0 0 0 0 11 0 1 0 0 0 0 0 0 -14 0 -12 0
27 49 -49 -61 -4 -28 48 -13 14 8 57 11 68 -68 28 1 13 -3 42 -66 10 68 -6 36 -45 -15 -8 -4 -45 -37 11 -19 20 40 -45 8 34 -33 39 39 6 -39 -25 -52 -9 -1 -2 27 -46 56 -55 9 43 -10 0 -9 -1 -14 -14 -10 9 10 -1 -26 -6 23 6 11 -18 7 -6 11 -3 -3 12 3 -2 6 -8 9 5 0 3 10 2 7 -8 15 -2 5 8 -8 -7 11 1 -3 -9 27 -2 -12 -9 -3 -3 -10 19 11 24 -3 -19 4 2 -13 -1 13 -32 8 15 4 -7 -4 3 12 -17 -5 7 10 -14 4 2 10 17 11 10 3 -7 4 -9 8 -22 -7 18 7 -18 -11 0 -8 -16 5 9 0 12 13 9 3 -18 1 21 -1 -14 22 -12 -15 -23 2 36 -4 -12 0 14 -6 30 -13 5 7 -6 5 -8 0 9 30 -21 -15 12 8 -1 -4 7 1 6 -8 16 19 7 1 2 3 -20 15 -4 -13 -4 0 11 -4 11 -9 -16 6 0 -25 -7 9 -15 3 4 12 11 1 -5 1 15 8 8 13 13 -13 1 20 -7 -8 7 5 4 -24 22 -7 18 2 0 -1 -4 10 0 0 12 20 -1 0 0 0 6 -14 0 0 0 -2 -9 0 -24 20 0 0 -26 0 0 0 0 -2 0 0 0 -2 0 0 0 0 -30 0 16 0
0 -45 -13 -39 4 51 -66 -14 -34 -45 27 10 69 45 38 -37 60 51 -31 57 51 -17 44 -6 53 5 7 -10 47 -6 -26 -34 56 46 -17 -19 -7 -36 4 -49 -3 -14 48 42 -2 24 24 -23 17 60 33 -6 -19 11 27 -4 7 27 -1 -18 9 11 -13 15 -7 -12 -11 -4 -1 -8 25 -13 24 -7 16 9 -12 6 -11 -36 -12 -1 15 -10 1 5 1 -3 0 -25 13 9 -16 -19 5 11 3 -9 -13 -19 -1 17 9 -8 -9 -14 -1 -3 13 2 -36 3 10 7 -1 -12 -15 24 4 -4 11 -18 16 2 17 -14 22 -2 -15 8 -20 -26 5 0 19 13 27 12 15 15 -13 8 -11 10 -17 30 7 5 -12 3 2 -11 -1 -10 -17 -6 -5 10 -1 -34 7 6 -9 6 8 20 -13 4 -29 -23 -13 15 1 2 7 2 -4 -22 -1 -27 -7 3 13 8 18 -8 11 10 3 18 -40 14 -25 15 -20 -14 1 -25 16 -9 -3 -20 3 -13 -9 -9 -15 17 -6 15 -14 13 0 12 -9 -13 -16 5 2 -5 -1 11 5 -4 8 2 10 -4 -12 -12 -22 9 27 12 -12 2 -2 -3 0 1 0 -5 0 -8 -1 -10 1 0 0 0 5 14 0 0 0 -12 4 0 13 14 0 0 7 0 0 0 0 2 0 1 0 7 0 0 0 0 5 0 -4 0
17 43 -13 -19 7 -8 31 -1 -6 -65 -20 33 60 -34 -28 -7 -1 0 -3 -52 53 48 29 18 69 -16 -4 16 -41 55 12 -8 -30 54 -47 -31 3 1 -27 -7 -22 6 -23 15 5 -12 -47 19 10 66 8 -12 -10 -3 5 17 20 -1 12 1 1 -5 3 13 7 31 12 -5 15 -8 -2 1 -21 1 2 4 6 -6 -4 -12 -6 10 8 -4 0 1 -13 -7 8 17 -12 13 0 5 -5 8 -10 -21 25 4 -2 4 9 9 14 14 11 5 31 11 -2 -2 3 11 -9 -20 13 5 -9 2 -3 -10 -2 -17 -6 -12 16 0 6 -9 -11 -3 -13 -6 9 -21 -26 -11 18 2 -22 -5 -4 16 -2 9 13 7 -22 -11 -27 -27 7 8 0 -3 -25 -27 9 -2 -3 1 12 8 5 -5 9 -8 5 0 -1 2 -18 -12 6 -7 -18 -15 -26 -26 0 -1 4 -30 0 5 -3 25 -3 22 9 -18 6 -15 15 -34 21 2 5 -1 9 -7 -2 -20 -7 -5 31 -12 0 15 17 -6 13 5 -19 -4 -14 -9 -8 -10 -12 -7 -12 12 -21 -15 0 -22 -16 -9 6 -13 -14 0 -5 -5 2 -5 0 -1 3 1 0 8 -15 -2 0 0 0 0 -15 -5 0 0 0 -4 -9 0 -6 -20 0 0 -18 0 0 0 0 2 0 1 0 -2 0 0 0 0 10 0 7 0
-10 17 -37 -49 8 -5 7 14 -8 -23 14 44 -43 21 16 -1 7 -29 17 61 -69 4 -67 20 -10 -3 10 -22 -28 37 -13 49 -28 -28 65 10 18 11 1 31 7 -68 -3 -17 -5 27 -26 2 -33 -55 43 2 6 -1 -6 27 -36 1 -21 -19 -12 -17 8 -9 0 -14 4 -15 -27 2 10 18 2 -4 6 -8 -25 13 -4 -6 -5 -7 -1 13 11 -15 8 13 -10 6 19 -17 -1 -5 -3 7 -13 -17 -26 9 27 -21 -1 -18 -8 -32 -1 7 -21 9 -13 22 -12 -6 -10 10 -15 14 -1 6 -8 6 -6 16 -12 34 -2 13 -21 -1 0 8 5 4 8 11 1 22 -11 -4 2 -16 -12 -22 7 -4 -11 5 21 -10 10 8 18 5 27 -2 17 15 -20 6 -1 2 -9 -13 22 21 24 5 4 -22 6 0 20 -3 8 -6 0 26 -6 31 -33 15 2 -6 5 -15 9 2 -11 -2 -4 -6 -12 -7 -19 0 5 -4 -1 1 -5 2 -16 -3 6 6 -5 24 -6 -10 -3 19 -17 -4 17 -27 -6 4 -6 -32 -4 10 8 -4 24 15 -18 8 -3 -7 7 5 -4 1 9 2 3 7 0 0 -4 0 0 -4 9 -5 0 0 0 0 5 -3 0 0 0 4 13 0 18 -10 0 0 30 0 0 0 0 17 0 0 0 9 0 0 0 0 13 0 6 0
-4 -16 22 57 -9 -5 53 -8 -17 -57 20 29 15 44 0 26 -47 62 15 65 -1 5 -7 15 48 -7 13 -23 -70 8 23 3 13 10 9 4 -15 -46 -39 -60 -13 45 -25 -30 -17 1 -49 -61 -48 65 25 15 2 20 12 -8 5 0 2 -13 11 19 -20 -5 -25 -6 -13 11 -35 -5 13 -15 25 -12 11 -10 -3 31 -5 10 -8 -12 13 8 -2 4 18 6 2 -19 -2 2 7 -6 -1 -11 -3 23 -25 -2 -10 -17 11 -6 -19 -6 18 -5 -5 -12 10 -12 16 -5 5 -10 2 -8 2 7 -4 -8 -10 2 19 0 -26 -16 -24 -9 15 -34 7 -16 2 29 43 19 7 16 1 -7 -1 3 -31 9 -8 23 -7 10 15 22 -20 5 0 4 12 -1 -18 -14 -8 2 0 -8 9 4 -10 8 -7 -9 -20 37 33 -4 1 11 -18 15 15 6 -12 9 -23 10 9 -14 -1 11 6 -13 -2 5 1 16 3 4 -6 -4 4 -5 -19 2 1 -8 -10 -7 -11 17 8 -3 -1 5 8 -1 -10 3 -5 3 7 -10 -6 -1 -6 5 33 -4 15 5 6 8 -4 8 0 4 -2 -29 2 0 0 1 -6 16 0 -1 16 1 1 0 0 0 10 36 0 0 0 -1 15 0 -17 10 0 0 -13 0 0 0 0 -2 0 0 0 6 0 0 0 0 -19 0 9 0
-9 53 63 48 42 -36 -68 -25 -12 -10 38 43 53 28 44 -27 30 6 -38 -24 50 14 18 -26 -40 -23 11 -6 -2 -29 -6 -15 -56 -1 25 7 56 67 -13 -64 -60 10 -1 47 -19 -4 -1 0 -8 -41 60 -4 68 -3 -4 6 1 -16 -7 -2 -34 -17 -17 -16 2 22 -9 1 -13 17 -9 -31 -13 13 -38 -3 8 -24 -3 4 -1 -8 -12 2 -3 25 5 5 20 22 7 -7 -2 -5 10 -30 4 2 9 -6 8 -7 -11 8 0 6 0 -5 -6 21 2 -27 -22 12 -27 5 14 2 -7 0 -7 25 -17 22 -21 -7 1 13 -16 -7 25 -1 17 -3 2 -10 13 0 0 0 10 6 -26 -2 -1 -13 -11 -28 13 12 26 33 6 0 -17 -4 12 -5 -2 32 -4 1 11 20 1 6 -12 0 2 9 28 -5 -20 0 17 -3 -5 12 10 18 7 -34 -10 -25 -20 -10 4 19 -8 -29 22 3 -2 1 24 17 6 31 3 -9 28 11 10 7 7 8 2 -13 17 -20 12 -7 -8 -8 -4 -12 -16 -1 19 -15 8 14 0 7 -17 8 9 19 25 -6 -1 5 -20 -2 -8 7 20 1 0 -1 22 13 0 -1 -2 11 -1 0 0 0 -12 -19 0 0 0 10 -8 0 -10 9 0 0 -7 0 0 0 0 -13 0 0 0 -2 0 0 0 0 -21 0 11 0
-7 54 1 63 12 -36 -15 2 7 50 -29 -67 51 51 -40 -19 -2 -34 -55 -21 -70 47 -59 61 18 17 -2 -23 13 -24 -13 4 25 65 44 19 6 -39 2 -24 20 -38 33 -56 5 -17 -48 25 -20 7 32 10 -49 11 6 18 -10 -14 -4 2 26 -14 -6 4 38 -14 -16 -18 -7 19 12 -8 12 5 -24 2 13 20 -8 0 11 -13 6 14 12 -38 -14 14 19 -15 2 4 25 -8 6 -9 -8 -3 -20 7 12 25 9 -11 -21 -32 5 -4 -10 15 -28 3 19 9 34 -14 -1 -5 12 -5 -9 14 0 14 -3 -19 -19 7 -16 5 0 3 1 3 17 22 12 9 17 -7 -6 2 -36 -6 -5 6 23 -2 6 16 3 5 6 -3 31 28 9 20 1 -2 10 -5 15 21 -18 -18 -4 6 -5 0 -19 -4 11 -36 8 1 20 -4 -13 -6 -7 32 -1 -4 -7 30 15 25 6 12 1 12 -16 -7 -25 4 5 15 -1 0 9 26 1 7 3 -1 8 8 5 -20 2 1 9 -2 -17 16 -6 -2 5 -13 -5 -2 -23 23 11 4 15 -2 -23 -24 11 17 10 28 10 -2 23 -1 0 1 -6 20 0 -1 -2 4 0 0 0 0 3 -4 0 0 0 16 14 0 3 -15 0 0 21 0 0 0 0 -1 0 -1 0 1 0 0 0 0 24 0 -11 0
-22 -61 -54 12 -10 -14 -49 13 1 -4 -41 59 59 -12 6 -66 31 62 -64 56 53 -49 -62 52 14 36 -5 25 -13 40 15 -59 8 -22 -22 -16 22 27 41 -56 14 -37 -63 -59 24 -13 -38 -21 55 -29 -18 -10 60 -17 13 -16 1 -22 0 15 24 -5 4 4 22 5 -17 -13 -5 17 -30 22 14 12 -1 -8 12 29 13 12 -2 -4 11 34 10 1 -25 11 -7 -18 0 -22 1 -1 3 16 17 -4 -19 -11 6 -3 -12 -1 -28 -9 15 -3 -22 17 -18 -6 -4 10 27 26 -1 4 -2 -7 10 -12 11 -3 21 2 -19 1 18 15 1 -4 -1 -2 -3 0 -15 -8 -3 -3 -4 16 15 -16 11 -17 -6 0 -18 -6 -28 -14 -11 8 18 20 -13 2 32 -11 5 -8 9 15 -8 -31 -4 -12 14 21 -1 1 -3 -28 11 -16 1 -4 -23 0 12 32 17 -2 -8 6 3 3 -31 10 21 6 16 1 -19 -8 -8 12 -27 24 -12 20 -17 23 -11 1 14 6 0 0 1 -8 29 -9 14 18 26 0 -35 -22 7 14 -8 14 12 -14 -25 12 0 6 27 -6 16 -4 16 5 -7 -2 0 0 -9 2 0 11 10 14 1 0 0 0 7 3 0 0 0 -1 10 0 3 -20 0 0 11 0 0 0 0 4 0 0 0 -7 0 0 0 0 13 0 -22 0
26 -18 8 -7 -5 -2 -58 -13 -17 -29 -22 -21 12 2 42 -60 11 52 4 22 33 -40 0 -58 -24 -13 -32 -25 -28 3 -3 -54 -15 -70 -38 31 -30 68 -12 -19 -37 -13 -3 57 8 14 -68 23 42 -38 -6 -24 42 13 -3 -19 6 0 -17 3 16 8 7 -2 -11 -9 7 7 4 -13 11 5 -9 20 1 -21 -10 1 10 -9 11 18 13 0 22 -9 14 -13 -14 1 5 26 15 19 -25 4 0 -3 -4 2 -9 -16 19 -2 -4 7 -40 1 7 -10 2 9 -6 26 -21 -2 -14 10 5 -14 9 5 -7 -2 5 -15 22 14 -5 -2 -3 -4 4 -4 -6 3 16 19 -14 -4 -10 13 -2 -19 6 -17 10 20 0 -3 -8 7 -3 -4 -13 -20 -9 16 12 1 -5 23 -4 16 7 -1 18 34 -13 4 -24 23 -1 -2 0 2 -12 -18 26 -8 -5 -7 -6 21 7 -16 -6 14 15 -5 -18 -24 22 -1 2 14 4 -10 10 -14 21 -10 29 -3 -18 -7 -7 -8 -4 22 -21 -11 0 16 11 -16 -32 3 18 1 -8 -2 -7 12 23 0 19 -15 10 4 5 -12 2 20 -9 -5 -8 -6 0 0 3 -4 0 5 12 6 0 0 0 0 -2 11 0 0 0 -4 11 0 -1 20 0 0 1 0 0 0 0 13 0 1 0 10 0 0 0 0 -7 0 -8 0
-17 41 -27 -48 -10 -38 -58 -3 -9 43 66 34 -30 35 16 -17 -57 57 50 36 30 64 43 64 42 8 25 -6 2 -25 1 -36 1 34 4 -10 11 33 53 23 49 36 -10 52 7 -9 9 60 -60 -40 -49 2 -26 1 -27 -13 -22 -11 -10 -7 0 -4 -9 10 -12 3 -19 3 -11 28 -1 8 3 6 9 11 2 17 -27 13 -9 -31 -13 29 -6 -5 4 0 -3 -14 -9 2 4 -22 -1 4 11 -16 -10 0 4 1 -24 -10 -14 -12 1 -26 -3 16 3 -13 15 -3 8 8 -7 -3 3 -24 -1 11 0 -6 -17 0 6 -6 3 13 -8 -7 -14 -4 19 7 0 2 -10 4 7 -10 4 -1 -5 9 -8 -11 6 -14 -18 -10 -14 -22 0 -3 -20 1 15 -9 -3 -12 5 8 -10 -9 -10 10 9 1 -23 -3 -5 -29 -13 2 5 0 -7 8 11 15 14 -10 -8 -16 -5 -7 5 15 2 -4 -9 -14 0 2 0 17 -28 -4 -10 16 -9 2 1 -1 19 28 -16 -1 -14 -9 10 -8 11 3 34 0 7 -8 -9 1 -11 13 13 6 -24 -6 -10 8 22 4 13 -1 36 14 16 -2 0 0 4 2 0 5 -18 15 0 0 0 0 -7 -8 0 0 0 2 10 0 5 5 0 0 10 0 0 0 0 -14 0 0 0 -13 0 0 0 0 3 0 -8 0
-6 58 -17 -8 10 -3 49 -4 3 52 4 6 -3 -55 22 -28 44 -38 -68 -51 -64 0 -16 22 37 -4 6 0 -7 -8 -2 -43 1 -39 69 -5 -8 -28 -50 -13 62 52 -18 10 5 1 -17 -66 62 21 -7 -9 -36 -10 5 -10 -11 -6 -2 -21 -3 -9 8 8 -3 -8 8 16 -11 -11 11 21 -2 5 1 -2 -21 5 6 -6 6 3 -6 13 4 10 -9 18 6 1 26 10 5 -9 -5 -3 -1 -10 -17 14 18 5 2 -5 -7 8 29 13 3 -18 1 -7 7 16 -17 -8 -16 4 5 19 -7 -7 -11 -16 11 26 10 4 -3 -8 -12 -10 -13 -8 1 -3 -26 23 -15 2 -7 10 14 -3 -8 -1 -2 18 4 -6 -17 -2 11 11 1 5 8 10 6 -10 -1 0 -13 -9 14 6 5 2 -5 -14 -14 0 3 20 -22 -1 -6 -14 14 -10 -11 10 1 7 15 -2 -1 -4 14 -4 0 13 6 2 -20 21 -2 -19 -19 6 -13 -4 -20 -4 -15 -2 2 9 -16 6 -5 -13 -5 14 31 -10 2 -1 -1 4 -8 2 10 0 8 -20 -5 -6 -5 -3 -2 -10 7 14 -5 1 -33 3 0 1 -20 -1 0 1 -7 -3 0 0 0 0 8 -3 0 0 0 2 7 0 3 -8 0 0 13 0 0 0 0 -5 0 0 0 5 0 0 0 0 -7 0 -5 0
18 -9 17 61 -15 0 9 27 -11 14 -27 -19 38 -14 -36 -8 -7 -50 -45 -15 -16 -52 -57 55 -34 13 18 4 -27 -62 -7 -62 -17 0 -25 -24 26 53 -10 11 -4 -22 69 45 -19 5 51 -39 18 70 -17 11 -21 0 24 15 -2 14 5 0 3 16 -7 -35 -6 -10 0 -7 -7 7 -2 12 33 5 -17 -15 16 4 9 4 -8 -6 4 -7 -10 27 -18 21 -5 -1 3 -26 -6 -29 1 -22 -6 6 4 3 24 3 10 8 -19 -31 10 12 -10 -1 -23 13 0 -13 33 5 18 -2 -1 4 3 -3 16 34 15 -19 -21 -14 -7 17 -3 5 -2 2 7 4 7 2 10 -15 0 -10 -9 15 -7 16 -15 -29 2 -15 -6 -6 -8 12 4 27 13 27 -4 -14 -11 -9 8 13 5 -1 -25 -3 2 13 -12 18 5 -23 26 -2 -8 16 3 -7 3 6 2 -16 0 5 -1 13 -31 -7 -13 19 0 -20 15 -11 22 -20 -1 12 3 18 -22 -13 -20 -14 2 -2 -2 -8 10 8 4 7 -15 -5 30 -3 -26 -11 -8 3 -15 -3 -12 3 -11 47 -8 -20 3 -2 1 13 -1 -20 7 -3 0 1 4 0 0 2 -5 5 1 0 0 0 -4 -19 0 0 0 1 5 0 -10 -8 0 0 12 0 0 0 0 7 0 1 0 -7 0 0 0 0 -4 0 10 0
10 -35 24 42 18 5 -40 -1 -7 -44 -64 -37 -25 -68 15 -40 -46 -70 -69 -43 66 -32 31 -4 -53 -3 24 1 53 -62 -2 -11 4 -34 -61 -3 33 -25 60 57 0 -24 47 3 8 -17 9 40 38 -50 -7 -17 -10 -18 -25 7 19 -23 -7 -5 11 -14 9 1 -4 -9 -1 24 20 -10 -9 -1 -20 0 -24 21 13 7 -23 8 10 -10 0 -2 -24 18 27 -11 -8 -3 3 -2 -4 -19 -19 0 5 -22 -10 0 -2 -20 10 7 13 11 16 -14 -13 -11 -1 -12 27 27 -26 -22 5 -5 -2 16 9 -1 -43 -11 7 22 -1 -4 14 15 -10 -6 -18 -16 7 -26 -28 -7 -4 11 -2 -5 -1 -5 10 -1 3 -11 -7 2 -30 -3 1 4 -18 21 5 11 -4 -4 -8 11 -6 10 -7 1 7 -4 -6 -27 3 -13 10 14 -22 -4 -5 -35 2 -14 6 11 7 -19 -3 25 7 12 5 8 -18 -8 29 9 1 -9 11 -11 -12 -16 -4 -3 -8 10 -6 -24 6 -8 -2 -1 1 -7 -3 -12 19 10 -18 0 2 16 2 -1 3 -8 -11 -28 7 -20 6 -30 -2 9 7 5 -1 -5 -10 -1 0 1 0 -19 0 7 3 -4 -1 0 0 0 -3 -7 0 0 0 -14 2 0 -1 9 0 0 -19 0 0 0 0 -14 0 0 0 3 0 0 0 0 2 0 -2 0
2 40 -56 34 -8 -20 -65 10 7 -17 -31 -57 -9 -19 -58 64 -22 3 1 63 55 -51 -54 -34 50 2 -8 5 -26 60 -19 -34 -12 -34 -29 -7 41 70 35 -50 -2 -41 -60 59 11 2 54 -16 -17 -62 8 -9 -52 6 -3 8 -7 -7 -15 -11 -1 4 21 -12 8 3 0 -3 11 -1 -4 12 -21 4 9 19 6 -16 30 1 -5 7 -12 -1 -4 15 -3 6 -7 29 7 -16 -12 7 -16 2 11 7 10 0 16 22 -12 -3 18 11 -2 -1 -4 -5 12 -11 -1 38 -21 3 -15 3 9 6 6 13 -7 3 -14 7 -8 0 22 -4 12 13 -1 -10 -10 0 -25 16 4 6 21 -12 -1 -16 13 4 17 -6 1 3 -6 3 3 16 -10 -6 -21 -3 -13 17 -4 -7 -10 6 4 -2 8 9 14 -12 2 -21 -10 -3 -3 10 -19 2 -6 -1 -13 9 11 14 8 19 3 -14 12 13 6 -16 8 -7 -5 2 -9 -26 -7 3 10 7 11 -12 7 0 -16 7 0 -19 5 1 -23 17 0 1 -8 0 10 -10 19 -16 14 0 -12 -15 4 8 11 -16 -3 -18 -16 -4 9 9 9 -5 0 0 -9 -14 0 -1 -5 4 0 0 0 0 -15 -13 0 0 0 0 -9 0 -5 9 0 0 -2 0 0 0 0 4 0 0 0 3 0 0 0 0 -13 0 10 0
-4 -64 -59 -28 -14 10 18 -1 -24 25 5 60 -37 14 12 61 -28 59 23 -19 -53 -54 -53 -8 -10 23 1 11 27 63 -26 -52 62 -3 16 -22 16 20 56 69 -62 -18 33 18 -28 -7 -24 60 30 62 -60 7 -53 -13 4 7 -8 6 -8 -5 -12 -7 1 -8 15 -6 -16 -15 18 2 2 -9 4 -17 -26 -6 -5 -17 0 -16 -18 -1 -1 -27 0 3 -7 3 -10 11 -11 -1 -13 3 5 -25 -21 10 12 -23 16 0 17 -11 8 -18 -11 14 -4 4 -42 16 1 -1 12 -4 5 1 -31 5 -12 -4 27 27 -9 -24 7 -1 14 12 -5 -8 -18 -7 -1 -8 16 4 17 -8 -14 -4 -23 30 9 -2 -1 -19 15 7 7 -10 -23 -3 7 -17 11 -2 -16 -12 7 -12 30 18 -23 17 -7 -15 -6 14 -1 -24 -10 11 22 -14 -3 14 -3 -7 -1 -6 0 -19 -2 -6 2 14 -25 -4 8 1 -8 -24 25 -13 18 -16 15 17 12 0 -13 4 18 -5 -10 -5 14 1 -5 -3 0 -11 -8 0 -1 -2 11 -1 -11 -3 -7 9 -21 -1 0 17 -22 7 -19 -8 -14 1 1 12 -4 -3 0 1 8 -5 0 -1 -24 -10 2 0 0 0 4 -24 0 0 0 5 2 0 19 -10 0 0 14 0 0 0 0 -4 0 1 0 3 0 0 0 0 8 0 -14 0
-3 29 30 37 13 29 -65 -8 -8 -29 9 -17 44 -42 16 15 67 -59 50 -7 -46 6 -28 -50 64 17 6 -11 -15 -35 7 39 47 65 47 4 -30 9 2 52 18 -10 -35 67 -6 15 54 69 -26 -13 -31 -13 56 10 -1 4 30 10 3 -6 21 1 0 -1 5 -1 7 7 9 4 9 -18 5 -17 21 -5 -23 -1 -10 6 -1 -17 18 -12 -6 -10 6 16 -11 -21 2 10 -12 23 10 17 10 -6 4 -6 -17 18 15 10 2 9 7 3 17 11 -14 4 19 34 -4 -31 -5 -10 11 -10 14 -18 17 3 2 -12 13 9 13 -4 -16 -1 -9 8 6 47 10 -14 13 0 -6 -12 -20 2 -23 28 17 21 -20 10 4 -2 2 8 -10 -9 15 -1 10 -7 5 2 14 -2 -8 -4 22 -4 2 -19 7 -5 -4 -3 -17 5 -11 -26 6 -11 -8 15 4 -14 5 15 -10 1 2 21 -11 -7 -10 -9 12 -11 13 -7 -3 -14 -9 -4 -19 5 6 -6 -3 10 -1 21 -24 -18 7 15 -34 -16 -23 -1 3 7 -6 -15 15 21 -6 -10 2 -33 -29 -16 -14 1 18 -10 11 -8 -15 -6 0 0 8 -26 0 4 -16 -30 -1 0 0 0 15 -6 0 0 0 -6 10 0 6 1 0 0 12 0 0 0 0 -4 0 -1 0 -8 0 0 0 0 3 0 -35 0
3 -67 -55 7 0 9 -19 17 30 -70 42 -37 -70 69 64 -4 23 2 60 -52 58 -1 15 -15 52 10 -5 26 25 -35 4 -41 -7 -38 42 -24 43 11 -17 26 16 -56 -47 62 15 -16 65 58 -20 43 -14 13 -67 -18 -19 -3 -1 -14 2 24 10 -22 16 5 10 9 -4 -13 22 12 -19 1 -3 -22 -14 17 0 5 4 -4 -4 13 4 -2 -2 6 2 6 7 -2 5 -3 -11 5 4 0 -4 8 2 7 6 23 -6 -15 27 9 5 8 -15 -20 -2 7 8 -5 2 -10 -8 3 -11 13 -11 7 -6 -2 -12 22 -11 5 13 0 9 2 -4 20 -2 -42 -17 -13 0 -12 31 19 2 11 13 -12 13 -16 1 5 -7 -7 6 -2 -1 -1 -2 -24 -14 14 5 -15 11 -9 -7 15 -2 -25 7 2 20 -26 4 21 0 7 1 -5 -14 7 -9 -4 9 9 -14 6 11 -21 -13 11 -13 -8 7 8 5 -11 -12 20 5 17 9 -9 -5 -25 19 1 26 -2 -3 -18 14 4 -1 2 9 31 26 2 -18 7 5 3 9 -2 -30 11 -2 3 15 -26 14 9 14 5 -9 17 -4 1 0 0 -14 14 0 1 -11 17 -1 0 0 0 -9 -3 0 0 0 -3 -22 0 10 3 0 0 -33 0 0 0 0 -6 0 0 0 0 0 0 0 0 -6 0 18 0
-10 56 -51 -15 -6 13 -63 -12 -5 -31 -45 43 -36 43 26 57 -4 -23 7 69 -41 -21 66 38 -50 15 -3 12 42 -9 -7 -28 1 -68 5 -12 -4 21 34 -42 -41 35 -4 -1 -4 13 68 -1 -50 18 -21 -13 52 1 -3 -3 -10 -10 -15 5 -24 -9 4 7 -7 -5 -12 -3 3 -4 -15 -6 3 -30 -8 23 -28 25 20 0 2 2 -17 5 0 -21 3 -2 2 3 -9 -3 -1 6 -24 18 -10 -8 8 -8 12 26 1 -30 20 2 -13 3 1 8 -10 -17 9 -5 3 9 -19 11 -14 2 -14 9 -7 -2 -12 35 -4 -2 -11 -14 0 9 -3 28 10 -25 -15 2 -2 12 17 3 -8 13 5 2 -13 -8 29 -3 13 10 18 -7 -10 1 12 -16 -24 26 19 -8 -7 -16 -2 -1 -5 2 -1 -12 2 -4 9 -2 -9 9 -5 -5 -4 3 -13 -11 19 1 -11 -29 10 -19 9 17 8 -2 -8 -18 -18 5 -6 -9 11 -14 -3 -16 -10 -14 10 14 9 13 -1 -10 8 1 -26 -13 1 -2 5 -1 6 -1 -6 9 15 -5 10 3 -5 -8 11 -6 -6 17 -1 7 -5 8 8 1 0 0 -6 10 0 -3 -8 12 1 0 0 0 -14 -17 0 0 0 0 0 0 14 4 0 0 6 0 0 0 0 -10 0 2 0 1 0 0 0 0 7 0 11 0
-33 43 -4 -10 27 -12 30 1 -20 -31 12 31 8 -62 -50 14 -45 13 -8 47 -35 25 29 -8 -14 -17 22 10 -13 -35 -9 58 55 18 -4 -6 42 -59 49 -26 19 63 61 21 -4 -8 60 30 23 20 -8 5 -69 5 -14 -8 8 -13 20 0 -23 -8 -10 -9 -7 -1 -10 7 15 7 5 -24 3 2 -15 -16 7 -14 -17 11 10 -18 5 -3 -6 13 8 -12 0 3 -20 -12 8 -1 -7 4 0 11 11 11 -1 -3 22 21 4 22 -4 11 -4 7 2 10 13 2 13 -3 -6 -11 -5 17 1 8 12 17 -17 -4 -11 -19 -7 10 3 -6 8 6 -12 3 34 -5 13 12 11 -20 -4 16 -4 -4 -5 3 3 9 1 19 -9 -27 9 20 5 20 -8 -5 -14 24 -3 6 -11 14 0 -7 -9 -1 10 -10 10 -1 6 -1 4 20 -7 16 17 1 8 -16 -10 -14 -18 -10 6 -20 19 19 -6 -5 -10 0 5 -10 3 11 -4 7 -10 -12 -17 0 -1 -9 0 10 2 -9 3 -12 7 0 17 -1 2 -15 -13 -5 14 -9 -28 13 -5 20 3 -7 -2 24 11 -11 -14 -15 -12 3 0 1 12 7 0 -4 -10 14 -1 0 0 0 4 10 0 0 0 0 7 0 10 -1 0 0 1 0 0 0 0 -13 0 -1 0 -6 0 0 0 0 19 0 16 0
-27 25 -34 -45 17 -6 9 -13 -3 -66 -42 9 -67 -20 -44 -20 -44 46 8 65 -63 -28 57 -12 -10 -8 -15 0 68 -51 10 -19 -25 51 68 -27 -26 -23 56 -9 -68 51 18 22 7 -11 25 60 -31 10 -26 9 54 27 13 10 -6 4 -1 24 -15 9 7 7 3 1 2 5 12 -20 -11 -15 -10 -27 -9 5 11 8 -31 9 -6 12 -1 -7 5 -7 -8 9 -1 11 -16 -12 -15 -8 -8 2 -7 2 -7 -5 2 -10 1 -9 11 3 5 10 -12 13 6 12 17 -12 11 16 -1 5 12 3 7 -10 -5 2 -17 6 -8 -3 10 -1 -3 -12 1 12 7 14 24 -3 30 26 -10 -9 -4 1 -6 2 5 11 6 4 13 4 1 -6 14 -10 -3 -22 -12 -15 -10 -14 8 -4 19 -3 -12 1 -21 -13 1 -12 1 11 7 3 -4 11 7 -6 -4 -13 -16 11 9 13 2 7 24 -7 24 4 -5 2 -20 0 -9 0 24 -5 -8 0 -9 -10 7 -3 -5 -2 -1 0 31 0 -14 3 -11 3 9 3 10 -4 -11 1 -1 -27 -5 -8 -11 1 0 -2 10 23 -11 -7 -7 -4 6 0 0 0 0 -3 0 -3 3 -1 1 0 0 0 -11 -10 0 0 0 -2 6 0 0 -4 0 0 -10 0 0 0 0 -9 0 0 0 -3 0 0 0 0 14 0 18 0
18 42 -37 23 -38 -17 -33 7 11 70 -12 -28 15 0 22 13 67 19 18 -36 19 25 -56 -61 -37 7 -2 -12 -45 -46 8 68 64 -56 2 10 -25 36 26 22 -61 38 -41 -1 -18 6 -9 -38 9 -35 -60 7 32 16 4 -1 4 14 -8 -15 -4 24 13 -7 -15 -14 5 10 -11 2 16 0 7 -13 24 -11 4 13 23 1 10 -14 -1 -4 -2 5 13 14 4 12 -11 18 13 4 -4 -14 -2 8 12 25 -12 4 1 11 19 1 -11 -2 18 -18 13 -20 1 -8 -10 -2 6 -13 16 -5 -26 13 -4 4 4 -4 8 -7 -4 -8 12 -1 2 -22 -9 15 8 -3 -14 -11 6 -12 -2 9 -2 10 14 11 5 12 -6 17 2 4 2 3 -9 4 -14 16 6 1 7 -2 -5 7 15 11 5 9 -24 14 4 -6 -22 3 -14 12 19 12 2 23 -3 20 5 0 8 -7 -6 -4 -4 -19 -5 -14 14 19 4 -4 8 -11 1 -7 24 -13 -9 0 -11 15 10 10 -15 -7 -17 7 -6 10 7 1 -1 0 6 -16 -3 20 5 1 12 -24 -10 0 0 -20 -20 5 12 0 -3 2 0 0 -9 -8 0 -1 12 -8 -1 0 0 0 -19 12 0 0 0 11 -10 0 -14 6 0 0 -6 0 0 0 0 3 0 0 0 9 0 0 0 0 -5 0 -4 0
3 -48 -9 -59 26 9 -2 4 -13 40 -22 52 14 48 -59 14 27 38 54 4 4 -26 -27 64 -50 27 12 -9 -29 58 -4 59 48 21 -51 2 37 -28 -30 -25 31 29 -21 67 -3 -12 62 -63 60 19 -22 5 -49 -1 -12 9 23 0 -2 -10 19 -9 -17 -14 11 -15 -17 -13 21 9 8 -17 2 -24 -20 6 -1 15 -10 12 -18 -1 -4 -12 -20 -16 20 4 2 -24 2 10 -12 -6 0 6 -2 7 -11 -19 3 35 19 5 -12 -3 13 7 -22 -3 -7 11 26 12 13 -21 2 6 -9 12 16 9 3 16 -6 6 -23 5 8 9 -6 -17 -8 10 18 6 6 3 33 11 14 9 -25 5 -18 8 6 -14 5 21 5 6 -4 -15 21 15 22 7 -31 -5 5 15 13 -3 -27 1 -29 -8 -16 -19 12 -13 25 21 -8 1 -2 -8 -9 2 -6 15 -10 -14 -22 4 7 10 17 -5 -15 -13 0 0 3 -8 8 -10 7 -11 -10 1 -18 0 11 -15 -18 -2 2 -29 5 9 -1 -8 -5 21 -4 2 16 -5 -13 -19 8 -8 -15 -9 -7 24 2 -32 -20 26 6 -9 5 -16 -9 -1 0 0 -2 6 0 5 -13 2 1 0 0 0 10 6 0 0 0 -5 11 0 12 -25 0 0 -4 0 0 0 0 -2 0 0 0 0 0 0 0 0 9 0 10 0
13 -25 -5 14 -17 -22 -3 -30 2 -52 -51 42 -11 -38 -54 38 47 18 -60 65 4 30 -58 8 10 -16 19 -22 4 48 -6 62 57 -58 52 2 -14 -59 -42 45 -49 67 -9 12 -1 4 -31 26 -20 -67 27 -14 -63 19 14 -25 -1 14 -12 -3 7 29 -8 1 -15 -2 -8 24 15 -20 14 1 -1 2 13 -8 -15 12 -7 -10 17 -5 13 2 11 6 1 21 -16 -9 0 26 7 -33 -2 6 10 -5 -4 -1 -19 -8 -5 18 -6 -7 -15 -1 -2 6 -7 -10 4 23 1 -3 -6 6 27 -16 7 -15 -12 1 20 -14 -10 -12 -5 -3 -9 -17 -3 9 5 1 7 18 -11 16 3 -15 -16 1 -10 13 27 34 4 -2 -13 12 1 -11 -19 10 12 -4 -11 -19 8 27 -6 18 23 4 -4 30 -2 -25 -18 4 5 -17 -2 9 -6 -8 15 -20 -16 -3 1 9 11 -10 -15 15 15 11 10 20 -2 3 -22 21 -1 -7 1 -15 1 -3 9 0 -18 -17 -8 38 -2 25 -26 0 -7 8 -15 -4 1 -4 13 -6 -11 -10 -1 -15 7 -12 9 -18 -11 4 10 8 -3 8 -5 -4 0 -2 0 -1 -2 -1 0 -3 22 16 0 0 0 0 5 14 0 0 0 1 1 0 3 15 0 0 1 0 0 0 0 -11 0 0 0 -3 0 0 0 0 -10 0 4 0
-19 -57 -48 -30 -5 -17 23 4 -18 56 -65 -37 45 17 -62 -50 46 49 47 -32 50 30 -57 -7 -59 9 1 -27 -49 65 -33 62 -62 21 39 1 6 -11 56 2 46 -15 -6 -28 -10 19 -33 58 32 -69 -54 29 -17 -13 -6 -1 -5 15 8 -17 -13 6 2 -16 13 -13 -1 -5 -24 11 15 2 12 2 2 1 -2 -14 3 10 10 12 1 -5 -13 -14 -9 -10 17 -13 8 -5 4 -13 0 -13 15 31 -20 -8 12 4 5 -10 -11 -20 9 10 -3 -12 11 13 -13 -8 15 10 -21 -9 -25 31 0 10 1 13 -14 8 4 0 5 -3 -11 -1 13 -3 -2 20 19 15 11 -6 0 3 3 -13 -5 -13 6 -17 10 12 29 -8 6 -2 40 -17 1 6 -28 -10 -3 0 -10 -26 -25 19 -4 3 1 0 9 -8 17 11 2 -1 7 2 -11 15 -10 8 9 25 -3 -10 11 0 -6 -5 -18 7 -6 9 -6 6 1 -9 0 -17 -16 10 -4 7 13 5 -27 -2 -25 -8 0 -2 8 -2 14 -4 14 2 -6 -1 -18 -15 22 12 -8 -4 -8 21 -10 19 -16 -1 2 7 8 32 -4 8 0 0 3 4 0 -2 -9 -12 -2 0 0 0 13 -12 0 0 0 3 3 0 11 -2 0 0 17 0 0 0 0 7 0 0 0 -8 0 0 0 0 4 0 -9 0
13 56 -8 -61 -3 13 -18 -2 7 36 67 -17 23 -30 55 42 -53 -29 -19 -48 51 -44 29 -18 -58 2 -6 -11 33 59 -2 -12 -46 46 36 8 9 -65 -33 -29 -13 -39 -35 -32 -3 -14 -18 43 -10 25 -13 -6 37 -10 -4 20 12 -13 -27 -15 25 3 19 8 13 -6 -2 -16 6 -9 -11 15 -17 -22 -8 24 -8 28 -1 2 -18 -7 -3 -10 -4 -9 23 13 -12 -6 17 11 -4 6 -16 -2 -16 -17 4 -31 -2 24 -18 -21 27 8 2 5 -8 0 -17 -20 32 -7 -20 -14 -8 10 10 -18 -2 -3 -14 -6 6 15 -14 9 -3 24 -3 -3 -9 -19 26 -1 -20 -9 -8 10 -7 22 -11 -15 -2 19 -7 7 20 9 15 8 10 14 11 8 8 -22 -31 14 -2 -10 7 5 -5 -4 -1 -3 -5 -14 5 -2 15 20 -22 -2 -37 -24 -9 -2 -9 12 -13 -36 -2 4 4 -14 -6 12 -2 -18 0 -11 5 5 5 0 16 -22 -15 12 -18 24 18 -14 -16 16 21 -21 -4 15 -17 -13 1 28 -15 -3 -4 1 20 2 2 6 -16 -11 8 1 -11 -13 -17 -1 -22 -4 20 -23 -15 -4 0 1 -15 -12 0 0 -8 -18 1 0 0 0 6 7 0 0 0 -5 -8 0 13 -16 0 0 4 0 0 0 0 -1 0 -1 0 12 0 0 0 0 11 0 12 0
17 -65 -2 35 -11 -21 -35 -15 -5 31 -18 -42 57 60 -54 -64 27 -7 -32 -10 18 -58 -35 9 -66 -17 7 -6 13 16 -19 -33 28 33 -9 -1 33 -41 2 -27 9 45 39 70 -29 -8 -64 10 -18 -32 57 1 -59 -31 13 3 -38 -7 -30 -15 -8 -11 -7 -7 4 8 -19 6 -18 8 -13 -18 17 -4 4 -1 -3 13 0 0 -5 -9 -10 32 -10 2 2 6 16 -6 29 17 12 -15 16 -22 -15 15 -7 -11 2 -22 -4 -19 -6 1 -9 15 -14 -11 -7 6 16 3 -42 -17 -11 -2 8 -3 -5 3 -7 -10 4 11 -25 6 -10 -24 3 -16 11 -13 -13 -6 -30 26 10 24 0 -5 -25 -32 5 0 0 10 22 7 -2 5 7 8 -4 -16 6 3 -29 -9 -18 7 15 4 21 12 -3 0 8 -6 6 22 -1 6 0 5 -14 19 1 -8 -30 -23 5 4 12 -14 -16 -20 -14 14 23 12 -12 -13 12 1 -8 8 -1 -1 -3 -12 -7 -11 -6 -8 -4 30 -2 0 -5 -2 2 -15 13 5 -1 2 17 -28 2 -19 11 -5 0 -8 16 -3 -9 13 0 1 15 1 1 3 -13 -6 0 0 -24 21 0 -8 -25 -1 0 0 0 0 0 23 0 0 0 11 -12 0 14 -2 0 0 0 0 0 0 0 -14 0 0 0 8 0 0 0 0 4 0 -3 0
4 -54 -20 -57 3 -7 -50 1 17 25 -13 58 -34 -67 -20 62 17 68 -67 -22 65 -28 -47 -38 57 9 -4 -15 65 -65 -11 7 44 1 -33 43 -13 -51 -49 50 0 37 12 30 22 13 -62 -27 70 -27 35 -10 -9 19 7 -14 0 7 19 16 7 -8 -8 -13 -7 -7 -8 18 19 7 -9 -4 -8 -19 -18 8 -18 -10 -6 11 4 13 8 -2 22 -31 -3 -14 -5 -1 -7 9 13 3 -31 20 -16 -22 28 1 -3 3 -4 -1 21 -8 -31 14 5 6 -15 2 7 22 4 4 -7 17 2 5 1 -2 6 26 10 18 2 -2 -14 -5 -15 6 -2 33 7 -11 11 -17 -9 5 10 -11 -8 2 0 17 23 9 15 -2 -21 11 -8 0 -9 10 13 7 -3 -5 17 7 0 15 14 -2 17 2 -10 -25 -22 12 11 -3 25 6 -16 -13 9 -8 -16 3 2 3 -2 4 7 -5 27 29 -11 -14 2 -2 -31 -5 17 -25 10 -11 26 -1 16 -31 -1 -14 -11 1 -8 31 6 26 -18 17 -23 -25 -35 -3 -6 -5 9 3 -12 -18 9 23 3 4 -1 -19 -2 1 -4 10 -40 -31 -5 -9 0 1 14 -6 0 4 19 -9 0 0 0 0 -7 7 0 0 0 -7 11 0 18 9 0 0 -7 0 0 0 0 3 0 1 0 -5 0 0 0 0 12 0 -1 0
0 -25 16 16 24 -33 -33 3 9 30 -16 25 69 13 -17 28 -13 62 23 -1 51 -16 19 -62 47 -12 7 -6 66 -10 -9 -34 65 -63 31 2 15 42 56 -3 55 8 48 -23 -5 -8 -10 -21 -11 48 48 19 -52 3 0 -12 -16 -5 13 4 -9 1 -4 -15 -7 13 -2 5 7 28 -8 -10 -5 11 -9 -12 2 -8 -2 21 -8 7 2 10 -10 -8 -11 9 21 5 2 -7 15 -11 10 -4 -11 15 5 -5 14 6 28 18 13 1 25 1 1 15 1 16 -3 29 -12 -21 14 1 0 21 -6 0 21 13 -8 -6 7 4 3 -15 -17 1 -14 6 3 3 13 -4 15 0 0 -17 -18 8 22 -12 -3 -19 -31 11 -5 -11 -12 -8 11 8 5 23 -5 -1 8 -6 11 5 -16 20 3 -9 -2 0 7 -7 2 -10 -1 -7 -4 31 10 13 3 -5 -6 3 2 2 2 22 16 9 6 6 -14 -17 3 -18 -10 21 -27 32 13 -10 33 -19 12 -15 17 -22 -1 29 10 -15 -10 17 -11 -9 14 2 -21 -3 13 -11 11 6 -2 -4 -12 4 6 -11 5 -6 15 -7 9 1 11 -1 0 -1 11 6 0 2 -9 -7 1 0 0 0 4 -10 0 0 0 10 0 0 -11 -12 0 0 -9 0 0 0 0 -22 0 1 0 -2 0 0 0 0 -14 0 15 0
-17 -14 -59 -31 4 -5 49 33 0 35 -47 16 -18 34 10 -60 -46 56 -4 -27 19 62 9 53 65 35 -8 1 38 48 -24 -4 17 -44 -22 -8 34 0 -30 -52 -36 48 -67 6 -7 -22 43 -59 37 -31 -42 9 14 16 11 -3 -3 -2 -6 -11 15 -7 3 12 8 12 -2 -13 15 1 -25 7 -23 -3 5 -3 0 4 5 -5 -20 0 -8 -13 3 -7 -27 -3 -16 -4 2 -5 -14 4 -4 -13 -4 -27 7 -7 16 19 -11 5 16 6 1 4 -3 -2 -15 2 21 10 -34 1 -3 -3 22 -11 -4 11 19 -4 0 2 7 0 0 17 6 17 5 -16 -15 5 -7 1 -1 3 -3 -25 21 2 -6 1 1 -3 1 25 -8 3 -9 8 31 -10 -32 -5 -11 2 6 -22 9 15 6 15 18 3 10 -21 -1 6 -8 -1 0 -1 -16 -4 -23 -1 -1 8 3 -16 9 5 12 -17 13 2 20 -21 8 4 -15 -9 15 -10 -11 12 -1 -7 -25 -1 6 -8 -1 4 4 -3 -14 11 -4 -2 -10 14 -8 -3 -1 -23 17 -11 -16 9 -30 -6 -16 2 17 -16 12 -19 -21 -13 9 -7 -7 -6 0 0 -20 3 0 -1 -31 5 -1 0 0 0 4 17 0 0 0 7 -12 0 -1 -28 0 0 25 0 0 0 0 16 0 0 0 1 0 0 0 0 21 0 14 0
-18 32 69 -13 25 6 12 -9 3 59 8 50 -37 54 49 61 32 -28 -56 -51 18 -30 -4 9 44 10 37 2 -10 34 12 -17 12 -62 57 6 14 -21 14 -32 15 -64 -5 -56 -12 -21 52 -36 47 59 68 -19 0 -6 7 -16 9 -8 14 9 -7 1 -17 1 -1 6 -8 11 4 6 4 -20 -9 15 -18 -9 -4 1 -14 -8 16 -19 7 -10 -6 1 15 -21 4 -13 6 13 -3 -9 16 -17 10 12 2 -4 5 -6 23 22 8 13 23 -17 2 2 -8 -7 5 27 -12 -5 11 -13 -7 2 -1 3 6 -1 -8 -11 3 -5 -7 -8 2 18 -6 3 -10 7 12 -17 -6 12 7 -16 -1 -2 6 -14 5 -8 16 21 2 27 -10 -13 -2 21 7 9 -10 -10 -7 14 8 6 -14 2 6 12 -11 -15 12 -10 -1 6 -13 -19 13 -15 7 11 25 0 1 -13 -8 -11 2 8 0 -10 2 7 3 1 16 1 27 19 -6 3 -2 -4 -3 24 -3 0 18 -11 14 2 -7 -27 3 -18 -12 4 -8 2 6 9 -17 -15 8 -1 -5 -11 1 8 17 -2 5 10 6 -11 3 12 -10 -3 0 -2 3 3 0 9 -22 5 0 0 0 0 5 2 0 0 0 -2 6 0 0 7 0 0 -1 0 0 0 0 -18 0 1 0 5 0 0 0 0 4 0 -12 0
-26 -4 30 -55 -7 13 53 -20 -1 -64 -62 26 -49 -9 30 -62 19 -42 20 69 34 -52 -16 -51 -24 2 37 17 -24 45 9 -46 -17 29 8 16 10 36 -41 -49 -33 34 -65 -29 -21 16 69 56 -56 -20 -69 2 -45 3 15 -22 6 4 -6 13 -8 -1 -29 8 -15 9 -11 4 -11 -1 -12 -12 2 -12 1 0 -9 8 -9 -8 -12 -17 -15 -16 -6 10 0 -3 -13 10 -22 11 3 -4 8 -8 -11 3 24 -14 -6 -6 10 -2 4 -4 8 -25 13 -10 -21 -27 7 -14 5 3 16 -3 -6 -22 -3 -7 8 0 13 -17 -6 -4 -16 16 2 -12 7 -3 2 -3 3 -9 8 -5 -11 -12 3 32 -8 -1 -12 7 5 5 -10 6 -8 6 -32 15 -7 -2 6 -18 2 12 2 0 -2 16 2 8 10 -11 -3 17 -19 -2 0 -5 2 -3 4 -3 18 -14 8 -6 6 -12 -20 3 6 2 16 19 -18 12 -3 5 18 -7 1 -8 0 -7 -26 -4 -9 6 4 25 15 -8 4 -1 5 -27 -23 2 -6 -4 22 11 -14 -1 2 -10 -3 2 8 -5 4 16 0 -9 -4 -15 -9 2 -4 -2 0 1 3 0 0 1 -6 -7 1 0 0 0 -2 12 0 0 0 3 1 0 2 8 0 0 -10 0 0 0 0 -11 0 0 0 0 0 0 0 0 10 0 -10 0
11 -13 21 41 0 -12 -52 27 9 31 56 36 41 55 43 -38 14 -34 24 19 -44 41 30 -21 35 -5 2 -6 -17 -35 14 30 14 26 55 -4 34 52 -8 -58 50 6 30 10 2 -10 -69 7 39 -53 -15 23 16 -5 0 0 -10 -12 12 -1 -2 5 -17 -6 -23 12 -8 3 -27 14 -5 16 8 15 2 6 9 3 12 15 -6 -16 -11 12 -23 10 10 -4 41 0 0 -16 8 -13 3 2 -13 2 2 -8 5 24 -10 9 10 -10 19 -9 8 -4 15 -21 -12 -31 14 -12 23 -13 -27 16 -14 -2 -3 8 9 2 -6 -10 -22 10 -4 -2 1 -12 20 -10 -3 -7 -6 -3 14 6 16 15 -10 8 1 -17 -30 -7 -5 -5 -26 4 -10 17 -4 11 -13 7 9 -9 9 4 0 6 -15 -24 4 19 -4 3 23 -7 -14 -4 -11 -2 -3 9 8 10 -5 -11 -2 -4 19 -5 -33 -9 -15 -15 13 0 13 4 6 16 -7 13 -5 25 4 20 2 8 15 1 23 13 4 -20 -10 5 13 1 9 0 -37 4 13 6 15 17 9 -4 9 16 10 3 11 -19 -8 11 4 -9 -8 -7 0 0 1 15 0 6 28 -6 0 0 0 0 -9 20 0 0 0 -8 -5 0 -3 -5 0 0 -26 0 0 0 0 -3 0 -1 0 -1 0 0 0 0 -21 0 16 0
-11 51 -7 -50 -15 21 -13 13 -11 41 -35 -24 44 46 58 -22 -5 1 55 42 -2 70 22 13 -22 12 14 12 -50 41 8 -8 28 11 -47 -28 -22 2 -47 -57 -27 6 52 9 -2 -4 -34 11 31 34 3 -7 -3 -15 21 -4 6 7 -6 11 -2 -6 -9 2 -3 -6 6 4 -7 7 -3 1 -7 8 -2 -17 -5 -7 -8 -22 -11 -27 -17 -7 -3 -2 13 -5 -16 3 -11 -3 -30 7 2 14 -13 -6 0 -11 -1 17 11 -10 2 9 0 1 -5 3 -20 8 19 -33 -9 0 -10 -4 -19 -21 -9 -17 19 -18 -10 -18 24 -3 -2 15 1 -10 10 -29 -3 12 -3 -19 -9 -12 -16 -3 3 36 -10 -4 -23 -10 -8 -4 0 -3 -14 -5 9 5 -7 0 2 -20 -8 8 14 3 -10 20 10 -13 -12 -1 -2 -17 -9 11 -5 -23 -4 -1 -7 -8 30 2 7 -12 1 -18 3 -19 -23 -17 18 2 -6 -25 11 -6 18 6 7 2 -1 -1 -26 14 -3 6 -17 15 16 4 -5 -7 -1 -17 11 6 38 1 -5 -10 -10 11 14 22 -36 16 -13 -4 -23 5 0 -1 -7 -24 22 14 -19 3 0 0 -7 -2 0 -4 -23 1 -1 0 0 0 0 5 0 0 0 9 3 0 15 -15 0 0 6 0 0 0 0 -1 0 0 0 12 0 0 0 0 18 0 -9 0
-6 -8 21 13 -22 -24 4 20 -8 22 -30 -19 -57 11 52 -67 47 -69 -64 -5 -55 14 -65 -69 -56 25 -26 1 29 -38 -14 -7 45 58 -5 -2 -23 29 -12 -55 57 -14 -20 -61 15 -9 34 -20 22 -47 54 26 -67 9 -2 18 -13 -2 4 19 -3 -4 7 -8 12 -16 -21 -17 5 -1 2 -6 17 2 -25 13 19 -8 6 6 0 9 -14 -7 -1 -2 -14 -6 4 -3 -21 -20 1 -24 -26 -15 2 -5 4 -6 13 18 -6 -16 -2 -21 -15 8 9 -5 -3 4 -4 -9 43 24 -5 -1 -17 33 -8 18 -5 21 -7 -18 20 8 9 -14 -17 1 -21 -2 6 -13 15 16 16 -10 -7 -1 0 12 8 -7 17 -30 3 -9 -14 -5 -16 -12 23 -10 -22 6 -9 1 20 -6 4 6 -34 -9 -16 -5 5 16 -38 -6 5 -24 33 -3 13 9 -6 -7 -5 9 6 24 -8 21 18 16 -11 7 -19 -19 13 -3 -8 4 0 -15 -2 22 13 9 23 -16 22 3 -5 -4 2 -6 13 0 -3 0 -11 5 19 4 12 -4 0 -4 -18 8 1 11 -4 9 3 4 -2 -14 -15 30 -5 6 21 2 0 0 8 2 0 -3 -3 1 3 0 0 0 -13 -18 0 0 0 5 4 0 1 -10 0 0 5 0 0 0 0 -4 0 0 0 -9 0 0 0 0 7 0 -1 0
13 -24 32 -35 8 -35 44 3 7 -29 64 -17 41 -24 -40 70 -53 49 12 -31 -51 -52 23 -44 68 -12 -5 -16 -18 -54 9 31 25 -44 -63 5 -7 5 -40 25 -3 -9 46 19 5 -4 19 34 13 40 51 11 31 -15 -22 -5 -11 -11 4 -1 -17 -3 -3 -1 -35 -24 -2 15 -13 5 -3 3 -9 13 -25 18 33 2 -8 14 16 19 -2 11 -5 -15 4 -10 31 2 -5 10 36 -5 1 -23 -2 6 -20 -5 7 -14 21 -2 -2 -3 5 -15 2 -14 37 -18 12 11 0 -9 -9 -18 6 42 -3 14 -37 5 2 26 -28 10 2 -5 -18 0 -1 -10 -20 -20 -2 18 0 1 -6 14 -20 -15 19 -20 -3 -5 -12 20 1 -3 -3 9 4 9 17 17 -26 13 10 11 -1 1 -10 -10 -1 12 -8 19 -6 0 14 11 -16 -1 16 -17 9 -1 0 -10 -11 21 15 6 19 6 21 -5 3 -6 34 13 -14 15 1 -7 -13 2 -11 4 22 11 10 -5 2 -21 -26 -3 2 -20 -9 15 29 -6 -5 1 9 30 7 1 10 0 15 -16 3 16 19 6 -10 -14 -25 16 -12 8 6 -5 0 1 8 7 0 9 0 -8 0 0 0 0 3 13 0 0 0 -1 1 0 -5 6 0 0 -15 0 0 0 0 -25 0 -1 0 8 0 0 0 0 -10 0 9 0
-20 44 11 20 -18 -11 -58 15 -26 -59 36 10 -63 8 1 -10 -39 4 -37 -12 -32 48 -52 -6 34 11 1 14 -68 38 4 -67 2 13 -21 -14 27 49 -66 10 33 -56 -13 49 -5 2 4 52 3 61 1 18 37 8 -12 0 -4 4 29 4 -14 -6 -4 -28 -3 -6 -17 -10 19 11 10 -21 6 23 -14 -18 -1 -9 5 17 20 2 0 2 -11 -1 -2 -12 16 -34 -14 -6 1 -12 -8 8 -1 15 0 8 -4 -12 -1 8 0 17 -3 17 2 16 2 2 8 -11 17 19 -5 -25 -20 12 -21 -3 -2 9 -1 4 10 -24 15 -7 16 -6 27 -23 0 -12 25 -1 24 -2 0 -5 13 22 17 -18 6 -31 -7 -1 -2 -17 -13 -11 7 -1 -22 16 13 -6 1 25 8 -1 -39 15 4 -6 -14 24 -25 17 1 -26 12 7 4 25 -12 14 25 0 22 25 9 -20 -14 -13 -26 14 -8 -2 9 0 10 -7 0 -9 0 10 -10 1 12 -13 -5 8 7 -11 -3 -1 23 5 11 -4 8 7 26 1 -3 -20 -31 -1 -2 22 -7 12 -2 -3 8 8 0 -10 -20 13 2 14 -3 -2 0 -1 11 9 0 -3 -2 -17 1 0 0 0 -18 -15 0 0 0 5 -7 0 -5 -8 0 0 1 0 0 0 0 8 0 0 0 -6 0 0 0 0 10 0 -3 0
31 62 -22 47 -25 5 -42 2 -15 54 35 37 -28 -23 -52 -29 35 26 -17 38 27 -54 -38 55 10 9 5 -5 -16 -64 4 57 40 50 51 7 -25 -52 -45 25 -45 -3 24 15 -6 16 -50 -16 27 -29 -57 -32 -25 16 6 -1 14 6 -14 9 5 6 -14 -13 2 -17 3 8 7 -7 2 -5 -4 -2 6 -19 -2 6 14 -1 17 9 16 -2 1 -32 14 -23 -3 -2 -12 4 -5 16 6 17 3 9 -21 13 -9 -13 19 15 -13 -17 -29 0 -8 2 17 7 7 10 1 8 -6 1 -19 -22 0 -7 3 3 -7 -1 -25 -9 -8 -4 15 6 22 -7 -11 23 3 -4 4 1 2 -8 -4 -29 10 10 1 2 -2 3 -9 -2 -11 -4 10 1 7 15 -19 -9 4 18 16 0 -17 -7 9 39 -1 2 -9 11 7 -30 6 4 0 16 -7 -18 -1 4 -5 13 2 5 -10 10 -11 6 -7 -29 1 -3 22 -26 9 -11 24 -11 14 8 1 20 -21 8 -4 -6 9 16 0 11 2 -4 -13 -13 -41 -3 11 -1 -9 -15 2 6 25 0 21 -13 8 9 -2 2 -11 -6 2 6 -6 -9 0 -1 -7 -10 0 9 28 -14 0 0 0 0 -15 7 0 0 0 15 5 0 5 13 0 0 12 0 0 0 0 10 0 -1 0 8 0 0 0 0 9 0 -21 0
-6 67 34 32 22 -7 7 24 -20 58 68 5 -30 -42 35 26 -3 53 -15 -29 -58 -67 -47 -25 53 -14 -10 -10 -38 -59 -27 -1 39 16 23 12 -2 -3 31 34 -17 33 -18 13 -2 3 49 -31 -47 69 13 9 -56 8 3 11 -7 -9 -8 -6 -6 0 6 -16 6 -3 9 -16 14 -5 -10 13 -34 9 -11 -6 -21 12 15 7 -8 6 13 -4 -17 -4 16 -5 4 7 16 -10 -11 20 -27 -5 -7 -7 -30 -12 13 -5 21 -4 6 11 14 18 -7 6 -3 -4 -9 16 -18 -14 -15 -2 10 4 0 20 18 17 -26 5 -7 15 1 2 14 8 7 -24 11 -8 9 25 14 19 7 -19 -16 -21 2 11 -16 9 -7 10 18 0 9 23 14 -9 19 9 -48 11 -1 -13 1 9 -5 27 28 9 -5 -18 -8 7 10 -4 11 2 -1 26 -25 9 -30 11 -9 3 32 14 10 6 6 29 -1 -29 22 3 12 2 11 -4 -8 1 -18 13 10 1 32 -2 -6 -11 9 5 0 6 -32 12 -11 -5 -17 1 1 -15 17 -28 10 23 -8 -11 -1 32 24 -21 -15 -3 -25 2 0 -6 -15 4 0 -1 1 -6 0 1 -2 -31 -2 0 0 0 3 -16 0 0 0 1 2 0 3 -17 0 0 21 0 0 0 0 23 0 1 0 5 0 0 0 0 10 0 26 0
-6 -23 -50 66 21 32 35 1 16 -14 24 -27 56 -36 67 -23 2 -51 -15 65 17 55 -10 20 -1 48 10 14 44 -23 24 -56 -66 51 -68 13 -6 13 68 -64 7 -46 39 -32 11 -7 -3 -70 5 42 -23 -23 -52 18 12 0 30 4 4 20 25 0 -29 11 9 18 2 -4 -4 -13 10 -17 0 -27 -7 -2 -6 14 10 -3 -14 -2 -4 -10 -6 -13 -3 2 -8 -12 9 0 -10 3 16 11 -2 -4 -5 -3 -13 33 21 -7 -6 -1 18 17 0 -13 -12 4 15 11 9 -7 -2 7 4 17 11 -16 18 -4 22 8 -6 -4 -9 -3 -7 -11 -5 -9 -4 14 8 -10 17 -12 4 2 -10 -4 -14 12 0 16 -9 15 6 -2 -4 -4 6 20 12 0 -5 -6 9 14 -1 -8 6 -10 -2 3 -9 -10 25 -4 5 10 -10 -12 2 -13 15 -10 11 15 -33 11 -17 10 26 3 36 -13 -24 10 -13 19 -14 6 -1 8 10 17 -17 -6 -10 14 3 -12 -6 2 16 -35 7 7 8 -9 -27 3 -20 2 8 8 4 5 -8 -15 4 -1 2 1 6 -24 -19 0 21 -9 -24 7 2 4 0 0 -15 4 0 0 -9 -18 -1 0 0 0 2 17 0 0 0 -2 -6 0 0 -5 0 0 -16 0 0 0 0 -14 0 0 0 5 0 0 0 0 0 0 -7 0
-6 -18 -15 62 -16 20 33 -2 -1 -3 68 -26 -63 -68 11 -29 25 -64 -43 29 63 -60 41 -49 63 10 -18 5 51 -43 -8 32 -15 66 50 -9 -9 -11 69 -3 27 27 42 -34 4 -24 38 -24 22 18 -4 -1 -23 3 26 -8 -15 -11 -5 22 -13 0 5 18 -7 -13 -23 3 9 -4 -25 -14 9 2 -33 13 24 -10 9 2 -6 11 -6 -21 5 11 7 -17 12 6 -8 9 3 -7 -10 -23 -13 -8 -9 -16 4 9 -13 8 23 -4 -19 5 -8 -15 -27 -2 1 -22 6 5 -3 -5 -2 0 -11 -9 -3 3 4 -24 2 13 -11 17 -4 -20 15 -19 -3 -15 11 -19 17 6 -10 4 4 9 14 1 13 -2 -10 8 9 15 -19 9 -15 0 -18 6 -1 -5 2 -8 26 11 -14 27 0 5 -13 27 -19 2 -4 -1 -3 -11 -4 -4 6 -23 14 -22 -32 3 -7 20 4 9 -16 0 -4 -7 4 10 -7 -1 -5 -4 40 -2 24 -17 20 7 3 -13 0 -7 30 20 12 -12 -11 -13 -3 18 -18 -1 1 -1 21 10 -8 0 -13 5 24 6 35 -11 8 3 -5 -1 -29 0 -1 -2 0 1 3 3 0 3 16 -2 -1 0 0 0 -14 0 0 0 0 2 -7 0 12 -1 0 0 -21 0 0 0 0 -10 0 1 0 6 0 0 0 0 3 0 1 0
-30 29 13 29 10 -11 -61 -24 -21 -46 -19 12 39 17 41 -41 58 -33 33 51 50 9 -41 32 50 2 -9 -64 -49 -65 -31 41 -55 28 65 14 -2 -20 -24 22 -24 -56 50 46 10 11 38 -50 50 -25 49 17 -33 11 -1 -15 -29 14 -9 -24 7 7 4 -5 1 -20 -4 1 -13 -13 12 3 1 16 11 -1 -22 -17 -18 -4 -5 -6 -4 -4 11 -10 -7 24 -7 -14 30 -2 -6 -10 -4 -12 5 -2 -29 -17 8 -3 -14 -15 -4 -12 1 8 -11 2 -7 5 -12 13 -10 7 -32 3 10 -11 7 -11 -18 -16 -6 1 21 7 -13 -3 1 -3 8 -9 8 26 21 16 -13 9 1 -13 -10 -13 4 -18 14 25 21 15 26 18 6 -2 4 -32 5 -3 11 -24 -2 2 -16 -2 0 29 4 11 -1 -21 -25 4 14 0 -10 -3 -17 -2 -1 1 -12 -5 -20 -3 17 -12 -13 5 6 2 -2 14 -9 0 -28 33 -13 -2 -2 2 9 10 2 6 7 -6 -24 14 -17 23 -19 2 -4 10 21 -7 -6 4 19 -14 -9 5 16 3 8 -1 12 -2 -6 24 -14 1 -12 10 11 10 -6 3 0 0 0 -2 0 -11 -15 0 -1 0 0 0 33 7 0 0 0 0 7 0 16 15 0 0 17 0 0 0 0 9 0 -1 0 -1 0 0 0 0 -6 0 -11 0
-15 25 23 -60 3 -6 19 -15 -26 -31 -19 -20 43 -54 -62 20 13 4 47 -24 27 -15 13 48 16 -2 -15 -19 21 57 2 8 20 -37 60 -11 2 4 12 20 -46 -31 42 -22 3 -6 -25 52 68 53 -37 -3 -28 12 -4 -4 7 8 -2 -6 -25 21 -1 -24 -18 5 -7 -5 8 -3 13 -2 5 18 3 -16 -17 -12 -9 2 6 9 -1 -4 7 4 2 5 -1 -13 4 5 -11 -4 -11 3 -2 4 7 -3 -6 4 10 -3 -4 18 12 7 -3 5 6 -6 -22 15 12 9 -20 0 -12 8 -8 7 -11 -3 -15 -3 17 -21 10 -10 6 15 5 -7 23 17 32 14 18 16 10 9 15 17 -2 -7 3 3 30 -1 28 -10 11 -23 7 -4 -20 -16 -13 13 -14 21 -23 -6 -1 7 -2 7 -20 -2 5 7 -9 6 -11 9 -7 3 -5 18 -1 -11 0 6 -9 -33 -18 -1 -5 -2 -1 3 16 -9 -5 9 -6 -17 22 3 -6 -4 12 2 6 15 0 -17 -12 -10 -6 -22 8 8 12 -5 19 2 11 -14 -37 -3 5 -5 -6 -2 -16 -7 6 0 -12 2 -1 13 3 3 -3 0 0 -1 8 -12 0 4 -7 15 -2 0 0 0 10 -20 0 0 0 -11 1 0 2 -3 0 0 -9 0 0 0 0 7 0 0 0 -7 0 0 0 0 -4 0 15 0
4 -49 -31 -55 -35 6 6 1 2 -6 -62 -41 54 44 57 -33 51 -12 31 -40 10 -38 -53 39 -46 10 -6 17 -56 30 20 -18 -54 -41 3 -25 7 13 14 -61 -39 -47 -42 -20 -19 17 -29 -26 -6 -64 36 8 -38 8 10 -4 -7 15 -15 -2 7 22 4 0 -16 -13 -7 1 -5 -22 -27 -4 14 -5 28 7 2 4 20 15 -13 0 9 -15 0 19 -23 29 -28 27 -24 -14 -6 2 -12 4 7 -6 19 -4 3 23 -13 -10 11 17 2 10 31 -10 -18 -13 9 -2 14 -10 3 -12 35 -15 9 -12 16 4 13 -7 -3 -4 28 -2 -19 -9 -2 -5 -9 2 8 -14 13 -16 -14 -18 -3 12 -5 38 7 30 -17 17 -4 -7 11 25 -14 13 -23 -13 6 -2 -1 -14 1 -5 15 7 0 3 19 -1 -5 -5 -10 13 -21 -8 -14 8 -13 14 -10 15 -3 3 18 16 2 -12 -14 11 31 2 7 -17 -4 14 4 -29 -3 1 -21 3 -26 -10 -7 -20 -12 19 8 -1 -8 3 8 9 -14 14 12 6 -17 9 16 -15 11 -2 -4 -13 -3 -6 -20 6 -3 -28 5 -24 18 -12 -13 -3 0 1 -12 -23 0 -3 -25 -11 1 0 0 0 -1 -19 0 0 0 1 -10 0 -18 -21 0 0 12 0 0 0 0 -11 0 0 0 -5 0 0 0 0 6 0 -3 0
-9 64 27 -47 -19 12 21 5 -20 29 41 56 26 -47 -59 -53 69 -42 -15 -32 -67 1 23 -23 -37 18 -14 3 50 -15 -15 24 59 44 27 11 9 -14 -14 -30 -33 -50 -15 18 -2 -17 -38 6 -45 21 -34 -12 27 28 6 -6 9 6 -14 1 7 16 -1 13 -12 -4 -12 9 16 -6 2 -6 14 18 -3 -9 1 5 20 2 -13 -5 -1 -12 8 7 -12 -3 -33 -21 9 0 -5 23 -10 -14 1 -34 4 7 -8 0 0 -15 -19 -4 -33 5 -11 -8 -23 -1 9 7 -2 1 -17 -25 5 -20 7 -12 8 13 5 -20 2 -8 12 9 -2 -9 4 -34 0 4 23 17 6 7 -3 -10 30 4 -29 15 7 9 5 1 2 -2 -3 3 16 -6 -2 7 -8 -6 -17 -1 15 16 -8 -4 2 13 -18 -7 -4 10 -14 9 0 16 -10 -17 -2 -27 5 -5 10 -4 8 -1 -6 -10 -8 -7 -15 -6 22 10 -4 -12 1 -30 1 -5 -14 -8 -6 15 -1 -7 -17 2 11 4 -14 -8 18 24 -31 5 -18 -2 4 0 1 -7 -8 -12 -6 5 6 -6 6 -7 0 -1 -7 18 -2 -23 -15 -4 0 0 -12 -29 0 0 -16 -2 1 0 0 0 -3 20 0 0 0 7 0 0 -7 7 0 0 25 0 0 0 0 13 0 1 0 4 0 0 0 0 4 0 -11 0
-16 -21 -65 -7 -20 -15 -69 15 9 -29 60 51 -40 27 16 29 8 -37 -16 46 37 -62 37 -49 8 -7 -25 1 35 5 -3 39 23 -4 5 -6 4 -1 -9 34 12 -24 58 68 7 -23 -4 52 11 -54 22 -7 49 -9 -1 16 7 0 7 0 3 -1 18 -3 18 8 14 1 12 -8 10 5 3 -24 3 11 -4 9 0 3 -8 1 0 20 31 -13 -4 1 -10 6 -6 -5 -4 15 -4 18 -30 -8 19 5 -15 3 -5 -5 -10 11 -23 21 -10 12 4 12 17 -25 11 -7 -7 7 -10 1 -4 -4 -9 -10 -4 12 -26 1 -1 -13 5 11 -10 18 -11 -2 -14 -11 1 20 6 7 0 20 -16 0 19 6 21 -14 -4 13 15 -2 35 1 22 -21 3 -5 -6 -8 10 -8 14 -12 -15 -17 -6 6 0 4 21 0 8 13 8 -2 -18 -15 -21 -10 11 -11 -5 -15 -9 -7 6 -7 29 18 3 -15 -30 -6 -5 10 -5 2 -5 -7 -20 -11 9 11 16 17 -6 3 -4 5 6 -13 6 12 17 -1 -14 -6 -22 18 -10 3 -15 23 -4 -10 -38 9 14 26 -16 -7 -6 -3 3 10 0 1 0 23 0 -9 2 8 -1 0 0 0 -5 24 0 0 0 9 6 0 25 -2 0 0 5 0 0 0 0 -9 0 0 0 -2 0 0 0 0 14 0 3 0
-8 -56 6 47 10 11 30 7 -1 -30 41 -49 35 -11 -44 -30 -25 -61 46 -53 43 3 64 9 -42 4 5 10 -21 54 19 52 20 44 22 4 -2 6 5 6 12 -35 -57 -28 -6 26 -11 -33 51 37 -64 -8 23 0 9 -22 4 6 -7 2 6 1 -13 9 1 28 8 -11 -15 -6 -10 27 -9 -9 26 12 -29 18 10 -5 -17 -10 -6 5 4 -2 -9 7 -14 -5 -6 -3 -3 16 8 20 -8 -17 -2 -26 -9 17 3 -5 0 3 19 -7 18 9 -10 -7 -15 -12 3 3 8 20 -15 -15 9 -11 29 -11 4 12 8 6 -16 12 -9 12 -6 9 7 2 -27 -7 -9 4 -3 -7 2 0 -3 17 -5 14 -17 -18 -16 -21 2 8 -10 -3 -3 -4 6 2 6 -3 4 -5 20 12 15 1 35 -6 7 13 -11 -11 -12 -23 -16 -2 -12 7 -12 -4 -11 -14 8 -15 -2 6 -6 15 5 -6 -14 -5 6 -17 0 16 -9 5 -16 10 -17 16 -2 3 19 22 9 18 -1 0 -1 -4 -13 -5 -15 -1 -13 -1 12 -4 18 4 18 -7 -4 2 -5 19 1 -16 2 -21 5 0 -14 -5 0 -1 2 -3 0 9 10 -25 0 0 0 0 15 6 0 0 0 -6 1 0 11 -3 0 0 -3 0 0 0 0 9 0 0 0 2 0 0 0 0 -12 0 5 0
17 -50 63 -3 13 15 -15 -5 11 -49 -55 5 -61 17 32 -54 28 -46 49 68 57 -37 1 38 -22 -5 -22 -13 23 34 -14 54 67 41 -17 6 6 -62 12 -65 -68 7 -65 3 -2 -5 42 -27 -30 -67 26 -10 -65 -2 -4 -20 11 1 -15 -30 29 -1 11 27 -13 -3 19 -3 -1 -20 0 38 -32 29 16 -2 -5 -5 -6 -1 -11 22 12 -2 8 -14 2 -17 -8 9 5 28 4 18 0 16 -1 -5 1 -13 -5 -6 17 1 17 6 3 -12 0 -2 -6 11 -3 17 -25 -6 5 22 -7 -18 7 -16 -2 -21 9 33 21 8 17 31 -4 -5 4 -19 4 8 2 11 -14 -7 -5 2 10 -3 -4 -5 6 12 -26 16 -11 -22 5 14 -13 -5 -4 4 13 2 9 -2 -4 -4 10 11 13 11 -10 10 2 6 -6 14 -23 -6 -21 -19 9 -3 20 1 -22 3 10 0 -4 18 21 -1 -10 -22 27 -1 -2 -5 0 -9 -12 -11 -13 -10 11 12 -6 -21 0 -12 -8 30 -15 -8 1 13 27 -1 -22 3 -14 26 2 1 6 -3 9 -24 11 -9 0 3 -13 -12 -17 -4 1 -7 -15 -6 0 1 1 -11 0 6 0 -19 0 0 0 0 13 23 0 0 0 -10 4 0 -2 4 0 0 -6 0 0 0 0 13 0 0 0 17 0 0 0 0 -5 0 -3 0
-28 -2 4 50 30 -21 35 -45 2 55 -65 53 1 13 -17 -1 57 -69 4 70 51 34 -48 -27 -20 13 14 -7 25 48 14 -33 -12 -40 -52 17 32 -35 -29 16 44 -39 63 41 2 -3 -31 37 -57 69 5 -33 -52 -18 -18 6 18 -17 -10 -6 -3 5 -6 6 -5 11 -2 -3 -14 -23 18 1 0 23 -9 10 -3 -1 -14 -3 -3 -2 -4 1 9 7 9 3 -18 10 21 1 -4 -10 -14 -1 12 -8 4 -2 -15 -22 3 -10 -10 -14 24 -8 -15 -5 -7 -24 -11 38 -8 7 -13 11 -8 12 29 -17 -42 12 16 5 -2 15 19 3 -14 -23 -8 -18 13 5 3 10 -8 1 -11 8 -23 -31 -13 -5 -3 18 17 2 9 2 24 7 -4 15 -9 -2 -7 6 -22 22 -6 -3 -8 -9 -2 11 -29 -4 20 -10 -13 3 5 13 -19 -29 17 -1 -1 -10 -6 6 -7 -7 -8 27 -7 7 -2 -2 28 9 -20 8 -1 -20 -15 -18 -28 -5 -5 13 1 -14 3 -3 1 -33 1 -12 -1 16 15 11 -11 0 10 14 -19 15 2 -13 -2 -24 -15 -3 3 7 -15 8 5 6 -5 -4 -2 2 0 0 0 -8 0 -1 -8 -2 1 0 0 0 17 4 0 0 0 4 19 0 9 -12 0 0 -6 0 0 0 0 -8 0 1 0 5 0 0 0 0 -9 0 -21 0
15 47 -7 -6 -7 30 4 7 -9 -67 -40 49 -8 -26 13 -33 -15 -12 -25 25 -37 64 -58 8 -21 2 13 10 50 -8 -9 -8 50 -14 69 -27 8 4 -39 42 -59 -6 52 48 1 3 -58 20 -51 7 -53 -16 -16 -13 2 7 21 -12 -9 -19 -3 7 11 16 -13 6 16 -1 0 -17 4 -7 -2 -14 7 -17 6 8 19 -18 10 3 7 -15 -5 9 7 7 0 2 -1 5 6 23 31 14 -8 -2 4 13 -3 17 12 9 11 20 11 2 23 -10 -4 14 16 -1 -18 -43 9 -8 19 10 -7 -9 14 -14 7 20 -4 -8 -5 -3 -1 5 4 0 -6 -1 -13 -6 4 -8 -2 3 -19 3 9 -6 -27 -3 -19 16 -23 -8 7 -1 14 -2 23 -11 -14 12 1 4 5 -12 22 -3 4 -8 10 -16 33 -12 3 6 -30 -31 1 10 11 -2 9 21 8 -25 0 -13 22 -5 21 -23 2 8 -4 -6 1 -18 -19 12 0 16 0 -20 -17 13 -1 -5 9 -9 -2 1 -10 -1 0 -13 6 0 -16 -3 -12 0 15 -3 26 1 7 -9 7 -27 -10 -7 -16 -13 12 -5 8 0 -9 6 0 0 -2 3 0 5 -14 -17 -1 0 0 0 5 4 0 0 0 4 -22 0 -5 -4 0 0 5 0 0 0 0 -18 0 0 0 18 0 0 0 0 -2 0 11 0
-15 38 -60 31 22 -21 18 -16 1 -40 17 55 -19 44 -52 58 -61 17 -41 50 -43 -4 3 -22 -47 11 -19 -20 -34 -42 -10 -20 36 -39 36 -7 -19 -23 9 66 -7 52 -61 49 8 22 -46 -6 58 10 24 -7 -24 4 3 2 7 -7 12 -16 -11 9 6 -15 3 -2 26 4 1 3 -25 2 -1 9 1 -22 -4 -11 6 6 0 14 9 10 32 -9 -16 28 8 34 5 11 9 20 0 -3 1 -11 9 21 6 1 9 -12 4 -6 22 28 14 8 -5 3 -14 20 -7 -5 -9 4 22 1 -6 -11 6 4 -8 12 23 1 9 -23 0 1 -4 1 11 0 19 6 12 -12 -17 1 -12 17 4 -5 5 -1 1 11 -9 -13 18 13 12 -6 -21 -24 8 4 7 -9 -2 -6 9 -3 18 2 5 -4 4 5 -28 3 10 -10 -22 7 -9 14 3 21 1 6 11 16 13 11 8 25 16 -17 8 -20 -9 4 -7 1 -12 10 3 1 2 -18 -6 -7 6 -18 -19 8 11 -10 3 19 17 -15 -10 -2 -8 -11 -10 -1 5 28 -3 -7 -20 -16 -17 -11 -15 -32 -3 14 7 1 -11 -3 0 0 9 -23 0 6 -21 -11 0 0 0 0 6 -22 0 0 0 0 -3 0 -8 -6 0 0 2 0 0 0 0 11 0 -1 0 -7 0 0 0 0 3 0 -4 0
-11 37 29 -21 -5 -25 -31 25 6 -53 57 49 61 -34 70 -5 -19 51 -19 -36 21 -47 33 1 -2 27 -20 13 -28 51 6 36 68 30 -11 6 -21 55 20 19 54 -5 -60 59 -1 -19 -12 -9 -52 -64 -54 9 -67 24 -3 -2 11 -19 -5 0 15 5 4 8 2 -5 -26 -1 13 -4 -2 0 17 3 -4 -4 4 6 17 24 5 6 3 -11 28 -6 -24 -6 -33 -11 -17 0 13 5 -19 -1 15 -1 14 3 -4 -8 -3 -15 7 -1 -15 5 -5 -2 11 -6 14 18 4 15 -10 -14 -2 19 -14 1 -5 -3 11 1 7 1 26 -12 0 19 -10 -2 -22 13 9 15 -23 -21 -4 -12 39 14 5 -4 11 -15 -4 14 -3 -8 7 -11 40 5 -9 -1 19 7 6 0 4 4 -15 -30 -4 14 6 6 -13 1 6 -14 4 10 -13 -3 -10 -9 16 10 4 12 -5 14 4 8 14 -16 13 6 20 -6 -5 -2 7 -24 -22 9 -15 -9 9 -5 -3 3 -11 0 0 1 1 -4 22 12 -12 10 8 -4 -5 -6 -15 7 -33 -4 26 -6 -16 -5 14 5 5 -11 -23 13 6 -18 20 -7 0 1 0 3 0 3 -2 7 -1 0 0 0 0 7 0 0 0 6 14 0 -17 -20 0 0 15 0 0 0 0 6 0 0 0 -3 0 0 0 0 3 0 -19 0
7 -25 51 -15 -18 -11 -2 -20 19 50 22 18 -32 -49 0 43 -19 -37 -27 -55 43 -38 67 49 18 0 10 2 38 56 -24 -47 64 -66 -11 20 49 -38 -65 -54 62 -55 2 62 -14 -11 47 63 31 50 -55 -1 56 16 -11 -4 10 -4 0 -2 2 20 -10 -13 11 -7 -30 -14 14 16 -7 -1 6 -2 29 12 -1 24 14 15 -16 -16 20 2 -33 -12 13 18 2 -19 3 -2 3 29 20 -4 -1 24 -12 -6 2 7 1 23 -7 -5 -6 0 -20 23 2 -3 -13 26 19 -3 -3 -10 9 -21 30 7 24 -2 5 6 -30 1 6 15 14 0 -8 9 2 10 -1 -9 5 14 22 -8 -34 -25 -7 7 1 16 9 13 8 4 0 6 0 4 25 -1 -13 -6 -1 0 7 4 -12 1 -14 -10 11 4 -1 -4 12 10 -15 2 17 19 -11 -2 -19 0 5 -10 9 6 -6 -10 2 13 6 17 -13 20 22 6 -13 2 -6 0 2 15 6 2 16 12 -12 1 2 -2 -4 2 9 -7 -17 -6 -19 -4 -2 -1 18 -17 7 -11 15 -19 15 -2 -10 11 -4 20 0 -3 5 5 -12 -4 0 1 10 -18 0 5 6 -17 0 0 0 0 9 9 0 0 0 -6 -14 0 2 17 0 0 5 0 0 0 0 5 0 -1 0 -13 0 0 0 0 2 0 -13 0
-31 63 -67 -32 39 -2 2 -5 2 13 62 -63 -29 23 59 66 -23 29 -20 3 -45 -42 38 56 26 -3 21 10 -4 66 31 -27 -44 36 38 19 -7 -30 1 19 37 -16 35 -27 -15 -15 60 43 42 42 -43 -5 50 -13 -7 12 12 -26 -7 15 -11 -7 -7 -18 27 4 0 -2 1 16 6 -15 17 5 -34 -7 0 5 -17 10 14 -8 7 -4 5 21 23 15 -8 2 1 -4 25 -11 12 -38 10 -6 -11 -9 -23 -28 24 8 0 2 24 -16 -20 21 4 3 -3 2 -20 -5 26 -26 -4 5 -4 6 -15 19 11 -24 -6 15 -5 -16 12 5 -13 -8 -12 20 8 -7 -5 12 -15 7 4 -23 7 -4 -7 -23 13 10 18 24 -8 -7 16 0 15 26 16 16 -17 -2 36 20 -24 -8 12 -5 -7 16 2 7 -18 -7 -3 1 -3 11 16 -7 6 -8 -34 -25 -23 20 -10 15 -35 -13 1 -5 0 15 30 19 -5 20 9 5 -4 -11 6 37 -21 -2 7 -30 39 -9 -9 -16 3 -18 11 5 0 -4 4 -13 0 -3 -14 9 -8 1 0 -4 6 -10 -3 15 16 -4 1 -11 -11 3 0 0 9 -9 0 2 11 -23 -2 0 0 0 13 -15 0 0 0 16 2 0 1 -3 0 0 5 0 0 0 0 -3 0 -1 0 -5 0 0 0 0 6 0 -27 0
-35 55 6 -38 -3 2 10 8 11 -42 -65 42 66 -55 -45 -15 1 -18 43 -63 -24 48 39 28 -6 19 -6 4 -34 60 -6 40 45 -21 -1 23 -4 -23 48 34 -35 16 -28 -29 -9 20 7 -31 -57 7 64 8 24 9 3 -6 14 -5 -1 9 -4 1 -12 0 3 19 14 0 -4 10 18 -8 26 -17 20 -2 -10 3 -6 0 -23 0 -7 4 17 -14 -8 20 -4 5 14 -9 -4 -10 2 9 -14 -9 9 -1 -14 2 10 -18 -1 -16 15 8 -14 17 -2 1 -17 -30 16 22 -14 15 -17 -15 -8 -2 5 -7 13 -3 -3 11 -17 -5 1 10 3 12 17 14 16 4 3 -6 -2 8 5 12 -15 -3 7 11 17 -11 23 1 24 -14 8 2 3 -4 -14 1 5 -3 -8 -18 -7 16 2 -4 2 22 12 5 -6 -11 12 4 6 11 2 11 -17 -26 7 11 3 -10 -23 -15 -14 26 4 24 -6 -12 -37 13 0 0 -2 12 -7 -16 0 -14 17 28 0 11 -6 6 -8 3 -14 6 -2 -5 17 -3 1 -6 -16 10 -1 4 -4 20 -12 1 -7 13 -4 14 10 -1 -2 13 4 5 0 0 7 9 0 -8 -4 4 1 0 0 0 8 10 0 0 0 17 -1 0 17 -6 0 0 -5 0 0 0 0 9 0 0 0 0 0 0 0 0 -8 0 -11 0
7 -24 55 2 -5 -9 14 10 7 38 16 38 55 -8 -44 -60 -15 60 31 -9 58 -54 -34 1 7 15 -17 8 -38 -2 18 63 -27 -63 50 -19 -49 -48 3 -61 24 -25 -39 22 19 0 20 -61 5 22 37 -3 -61 -14 21 -9 -3 9 13 -13 -5 -7 5 18 -5 -4 3 -2 -24 -7 -6 7 -4 -3 -13 -6 13 -15 -5 12 15 12 -1 5 19 -2 -30 -11 21 6 -5 15 8 -7 9 10 14 5 -1 18 12 7 -5 -11 1 7 17 31 31 -11 7 6 3 -15 0 22 -1 1 -1 18 -14 5 22 0 3 23 19 8 8 -2 -17 11 24 -5 -15 5 1 3 1 -21 -23 5 0 0 -5 -7 -16 -2 -11 6 -11 0 -1 2 16 21 -15 -7 4 8 5 1 -4 -19 17 -9 4 5 3 13 -1 -1 -3 5 8 -14 8 7 -2 15 18 12 9 29 7 -2 14 -24 12 -19 25 3 15 -11 -11 19 10 -1 1 -5 -28 9 -8 -15 -14 -11 -6 5 -23 0 6 5 20 1 11 -6 17 1 -17 -1 4 7 1 6 15 0 -16 14 2 -8 5 -28 -2 -2 -3 16 -5 1 0 1 -3 16 0 7 -16 -12 0 0 0 0 -15 -14 0 0 0 0 -9 0 -9 -21 0 0 9 0 0 0 0 -4 0 -1 0 -5 0 0 0 0 8 -1 14 0
4 25 40 31 16 -13 -36 8 -18 70 46 -41 -52 -13 -23 -12 -42 -32 -52 -22 -42 -34 -3 -47 -45 19 -21 -17 -52 -69 -12 51 -36 -28 -25 -9 36 -23 13 7 11 58 -5 -13 -11 -18 -50 38 24 58 -10 6 65 -6 10 12 1 1 -10 1 3 4 1 9 27 -5 -9 -22 -2 12 -6 -3 -4 5 -31 4 4 0 5 16 3 -2 -6 -2 -8 -15 8 2 19 -3 18 4 -11 16 18 -10 -15 15 -15 -11 1 6 6 11 4 -41 -2 1 -12 -2 -23 -6 0 16 0 -11 -6 -2 -10 1 -13 -13 7 8 -16 -19 -15 4 -4 1 7 10 16 -22 0 -1 6 -12 7 -8 3 -13 -9 10 14 8 27 -21 -10 18 25 -13 -3 7 10 -5 8 0 -18 6 -7 -15 28 15 -20 5 -3 -8 -11 13 2 -10 10 -12 -4 -1 -12 7 -20 -5 11 -12 -26 -15 -1 11 2 21 -23 -1 -19 -7 -8 -5 28 -14 5 23 17 -4 5 20 8 25 7 0 24 3 9 4 11 -19 11 1 -8 -1 -28 1 10 7 8 -2 -9 23 -14 2 17 -5 10 -15 -5 6 -20 8 6 10 13 -10 0 -1 0 -2 0 -1 -4 -10 0 0 0 0 0 -8 0 0 0 8 -8 0 2 -4 0 0 -9 0 0 0 0 -2 0 0 0 4 0 -1 0 0 3 0 1 0
-26 8 -64 -28 9 -9 -7 19 -14 17 -13 -2 -52 1 39 -52 66 65 -20 -3 49 16 -51 51 -20 3 -18 8 -54 -13 -30 46 11 50 7 -6 21 69 -43 -25 -30 -50 -48 -63 -24 6 44 -3 -11 -54 52 6 47 11 -27 23 13 -13 -19 -21 11 -13 37 -2 31 11 20 -15 8 -12 6 19 -26 1 4 -23 -8 1 22 -16 7 10 -9 -13 6 2 4 3 -25 23 14 -11 1 18 -13 -8 15 3 7 16 7 -20 17 -9 13 -6 -4 7 -4 -7 22 4 -2 34 -29 -10 -6 -4 17 7 2 9 -11 -3 -21 2 12 6 25 -10 10 23 0 -32 -12 11 0 45 -3 -14 2 -15 18 -26 18 -19 -3 -15 16 7 -4 -3 10 7 32 -31 -36 -9 -13 16 -11 -15 -9 9 2 -9 37 16 25 -22 -3 -12 -13 3 10 16 -11 6 -7 5 -12 13 22 9 9 16 17 13 8 2 -5 -23 5 8 15 -1 -20 -37 -11 -1 -2 -8 2 -4 -12 4 -6 -17 -13 -35 -1 8 -8 11 8 12 -18 -5 32 -15 -9 -11 -7 3 -6 -22 -4 -11 8 -1 2 -5 -13 31 30 2 3 -5 0 -1 -14 -5 0 0 -11 -5 0 0 0 0 9 -15 0 0 0 9 1 0 -9 -3 0 0 7 0 0 -1 0 45 0 0 0 10 0 0 0 0 10 0 7 0
-1 8 -11 42 -4 26 -19 16 5 15 -68 -36 -60 23 61 39 -39 -36 -68 22 30 -29 -2 69 -69 2 0 33 65 -63 24 43 67 38 -36 -30 -23 17 5 -4 -63 52 -68 57 3 -4 -57 -65 -7 -4 -46 3 -40 -1 13 10 -12 -23 -16 3 -10 -1 10 9 -24 1 -9 -11 -14 -1 -34 6 19 -7 -5 15 16 15 4 10 -14 -5 -11 6 -7 16 5 -12 6 -4 -22 -6 0 4 -16 13 -3 -14 10 0 -7 2 -14 -15 9 25 0 1 5 3 -7 -12 21 -32 2 20 2 -4 6 -7 -10 1 -10 16 -9 4 -7 5 5 20 1 -18 2 -7 7 -10 8 -14 7 8 -7 13 33 -5 0 14 -42 -9 -24 -5 14 14 3 16 0 19 -2 -9 -5 12 -9 -18 16 -2 -3 -1 -27 -3 -4 25 7 11 -6 -16 2 -10 -21 -2 0 5 1 11 20 -8 7 16 1 -24 -23 1 10 -11 17 -9 13 -25 0 0 12 -8 -19 -1 -15 -7 13 0 6 -2 25 -13 24 10 -25 -9 -5 18 20 -2 -30 -9 27 18 -2 9 -5 16 -1 24 11 -7 5 2 0 -12 12 -36 16 -1 0 -1 -1 -10 0 7 1 15 -2 0 0 0 -27 -5 0 0 1 -4 -4 0 -6 -21 0 0 -3 0 0 0 0 -8 0 0 0 -1 0 0 0 0 12 0 2 0
-19 -10 7 -11 -8 -7 32 8 8 56 -57 -39 -66 37 47 -43 -48 -62 45 14 -10 -64 30 28 7 -7 -22 -14 -24 -23 7 -36 52 59 50 -13 43 -57 -33 29 47 -42 -6 68 -10 2 -5 22 57 -26 -59 19 1 21 -1 -22 -5 8 11 -3 2 26 0 5 -8 15 -6 -5 4 -14 -2 -4 1 6 7 12 20 -10 37 -5 24 21 -14 1 1 10 -14 -2 6 7 12 -3 0 -7 8 -11 11 21 28 2 -5 3 -13 22 7 8 -15 -2 6 -21 25 -1 2 -1 21 11 7 -10 13 13 6 -17 -11 6 7 -15 -14 -13 22 -37 -2 -17 8 7 -12 -23 12 8 10 13 27 4 17 -11 13 -18 36 3 -15 15 11 16 -2 5 -9 -24 -27 -30 -1 -1 0 -6 -15 2 17 -5 -25 12 -3 9 14 15 2 18 -7 4 -13 -6 3 -11 -5 -30 -1 35 -6 -20 3 -14 13 -23 5 -9 4 23 -11 3 -29 -6 1 15 11 -1 16 3 2 4 -7 -4 -5 9 15 -12 -7 24 -10 13 2 5 -4 17 6 -16 7 -26 -13 -21 12 1 22 21 9 -11 -7 12 -9 -5 12 -1 0 -2 -4 18 0 -8 12 21 -2 0 0 0 7 2 0 0 0 0 -5 0 -13 15 0 0 -20 0 1 0 0 5 0 -1 0 -7 0 0 0 0 -20 0 27 0
-10 13 -27 70 -32 -31 -25 11 -24 13 26 -15 -42 -21 3 56 -69 68 -17 -30 -19 -28 -39 49 13 -22 -5 -6 -31 -14 -10 -66 -5 2 -12 9 14 -28 -36 3 36 -3 -26 26 -1 -40 14 -41 10 63 10 6 -25 0 4 4 -10 1 -9 -2 2 12 2 -21 8 6 -3 11 4 -3 19 0 6 -5 13 -8 -8 11 9 15 0 -22 12 22 0 11 -23 10 6 4 14 -12 9 2 3 -2 -35 2 -4 0 -8 -12 20 11 -5 24 -6 19 5 8 4 -2 1 11 1 -26 3 -1 -3 8 4 9 7 -3 -2 -18 -11 -12 5 -8 7 19 -9 -10 1 22 8 5 -1 20 1 -23 0 9 -9 16 5 8 7 -8 -13 -8 -14 -9 12 7 19 10 1 -20 -24 -11 0 18 17 -1 -2 -7 10 -10 -23 3 21 -14 -7 9 9 20 -8 -4 -26 5 2 -13 18 2 -2 3 -2 2 37 28 7 -14 5 6 -5 11 -17 3 -3 -4 2 0 14 5 19 7 7 25 -21 0 14 3 -12 -1 8 -2 3 -17 -4 -11 -12 12 24 -9 11 -8 -24 8 12 5 15 -3 5 -5 -3 3 0 2 -5 4 0 -4 8 -9 1 0 0 0 -5 0 0 0 0 3 7 0 -5 -1 0 0 17 0 0 0 0 -17 0 -1 0 -12 1 0 0 0 1 0 -1 0
7 -50 18 19 4 10 -14 -3 -9 -38 -21 19 -68 -18 25 -62 47 9 -29 22 67 -14 -28 31 2 3 13 4 -64 45 29 -37 -32 67 -45 23 -12 30 0 -36 -13 41 46 -60 20 21 32 -37 46 -49 26 4 18 -12 -19 -19 19 4 6 18 -8 -27 -17 -26 -21 8 0 0 15 24 12 -29 4 0 11 -3 -5 -14 5 3 -9 -12 -24 -18 -12 -5 11 5 -6 -11 -2 -15 -3 -2 -3 -1 -6 3 -5 -24 1 9 -4 -4 6 28 26 -9 3 6 4 -16 -7 -8 -13 -8 16 -19 -35 23 2 5 -13 -6 18 -2 18 1 -21 4 -1 -8 13 -18 4 -10 -12 -12 2 -4 -20 26 -7 8 15 -26 -28 -2 -13 -4 3 -6 -13 -18 -45 -3 -16 21 27 1 13 35 -16 -4 -25 13 11 -6 10 6 22 -16 -14 24 -11 -6 8 -28 -9 24 14 -11 1 5 -13 -8 -3 5 -22 9 -10 8 4 3 -1 5 3 17 -2 13 0 -12 12 14 11 11 3 -26 6 -10 7 1 4 -2 12 10 1 4 12 7 -3 12 17 9 10 0 -16 -10 11 10 -15 -8 26 -17 -8 29 -9 -4 0 -1 -5 -1 1 -2 6 5 2 0 0 0 0 2 0 0 0 -6 -13 0 -1 6 0 0 -25 0 0 0 0 5 0 0 0 0 0 0 0 0 -21 0 -9 0
-7 45 -33 -35 20 20 -8 -8 -13 -3 -63 -23 -17 16 17 4 -47 20 -13 5 2 49 34 -39 -59 -9 -8 6 -37 51 2 19 69 -10 -25 -3 -24 -25 20 -67 -36 50 -34 -40 10 16 -1 -11 -2 2 70 -23 5 -16 -4 -15 5 -9 -16 4 0 -8 0 11 27 12 3 -25 8 -9 9 7 -31 4 -4 -12 -15 -11 -13 -23 0 4 -8 -14 5 -1 9 -11 -13 -1 5 8 -10 12 15 10 24 7 3 -2 -12 -2 12 0 -13 9 5 -15 -13 15 8 1 -13 3 -11 16 -4 16 4 -26 26 0 2 0 -6 7 3 2 12 6 17 9 -4 0 -2 1 -1 21 9 4 9 24 7 -17 14 -27 -8 -3 0 -1 20 12 -6 -2 -4 -12 -20 -8 19 13 -11 14 -11 -16 5 -9 -13 -2 -6 2 2 -16 -23 7 10 -5 1 1 24 4 10 -7 3 -1 -10 -16 -5 -6 8 -14 -10 -9 -2 -2 7 18 -11 9 13 -1 -1 14 -4 27 5 6 -4 -11 -8 -32 -1 -12 4 -18 25 8 5 -3 30 2 0 4 -5 16 -10 -2 -10 0 4 9 -6 11 8 -8 15 27 -5 7 0 -1 -2 4 0 2 -2 9 -2 0 0 0 28 4 0 0 0 -4 2 0 20 8 0 0 5 0 0 0 0 17 0 0 1 14 0 0 0 0 6 0 -16 0
18 15 18 -41 -26 7 1 -6 7 -25 9 11 36 -50 49 -46 6 44 -8 -50 -16 53 -10 -50 40 4 26 -11 -39 -44 7 -55 -19 44 69 -13 9 -20 -24 30 -43 -39 -14 3 -16 -32 43 -69 11 10 -32 -2 45 -5 6 11 -16 10 -26 -9 -6 16 -3 8 -14 -21 -9 23 -14 -12 2 -2 14 -1 26 -1 10 7 -9 -6 -4 -4 2 -13 -14 28 4 9 -6 19 12 16 -2 -18 8 -41 1 6 -18 -1 9 3 7 10 17 -2 12 -10 -2 -27 5 -1 8 22 -28 -29 5 -24 20 -1 1 -7 -15 -11 9 -27 -5 4 -10 3 -5 -6 -15 -29 -24 9 0 -1 6 2 -16 -15 -5 -8 4 11 11 44 8 25 5 17 -30 -2 1 9 4 15 -11 -21 -12 -5 11 8 5 22 6 2 -11 -17 -3 -3 12 39 -31 -5 -4 -13 20 -15 -9 6 -40 -1 6 6 8 8 6 -12 8 4 -1 1 14 29 8 -15 30 3 8 -27 18 5 -9 -26 -9 10 11 2 -41 -10 3 -6 11 10 0 -3 2 7 20 -19 -3 -2 -13 -6 15 -3 3 -6 1 -6 13 -21 -1 5 -20 -3 0 1 -24 -20 0 1 -29 11 0 0 0 0 -8 23 0 0 0 9 -8 0 -12 -4 0 1 -13 0 0 0 0 -29 0 0 0 7 0 0 0 0 -3 0 -4 0
-3 -34 10 14 18 2 51 -18 -1 69 -13 37 12 -18 -38 62 -14 36 -41 -46 64 57 14 -58 24 -32 25 -6 44 -28 8 -37 -14 15 49 10 -2 29 -46 52 16 -30 22 51 -5 20 50 -14 68 -13 -57 15 60 -16 -21 -8 14 -4 4 8 -23 0 5 -1 -12 -2 15 4 17 -15 6 -12 -33 -16 -6 8 -28 -1 -28 -2 -3 26 2 -5 -13 6 24 -19 13 11 -6 12 9 -4 -11 -2 5 22 20 -6 -17 -19 0 23 10 39 19 -10 10 6 18 -15 -11 6 7 -21 12 -1 0 3 13 15 5 19 -5 23 -30 1 5 -9 4 -10 8 34 8 -31 5 -3 16 17 -7 11 -24 -8 -7 -17 -4 13 23 -4 10 12 10 7 -13 1 20 -14 -17 26 13 19 -19 -15 -4 13 5 -8 -9 -5 26 16 2 14 15 19 4 9 0 15 -12 -29 4 4 6 -18 -15 2 28 16 5 -1 -12 13 7 9 18 -6 2 -20 -14 16 -13 -12 27 0 -1 -24 -18 -9 -2 6 -22 -13 6 -8 -13 -4 -2 11 0 -24 16 6 -16 4 -6 -4 -7 17 -16 6 -3 2 -9 1 -4 3 0 -1 24 6 0 9 0 -5 0 0 -1 0 13 0 0 0 0 -6 3 0 10 -5 0 0 -9 0 0 0 0 -20 0 0 0 -1 0 0 0 0 0 0 24 0
-6 -51 -41 61 18 21 24 26 -14 53 -36 -51 -42 -51 -49 -25 -17 -68 20 42 22 -34 12 -51 29 -1 7 -14 -54 -57 -1 29 59 -10 39 -15 -46 -59 -38 12 -63 24 4 67 10 7 36 -26 34 13 -58 13 17 -13 12 10 -20 25 17 -6 -20 -19 6 -24 -11 -37 10 10 3 10 -10 1 4 -2 -9 -8 -14 -15 -3 16 3 14 2 -15 0 -8 12 -7 12 -13 2 -12 -2 7 9 -1 2 17 -34 1 19 -4 11 -12 -13 6 27 10 -10 0 4 22 7 -3 -13 -18 -7 -19 2 28 -18 7 1 8 -13 32 -8 -3 -10 -9 31 1 24 -3 -30 11 0 -10 24 27 8 -12 -2 4 8 -19 -19 4 -10 13 8 1 -24 11 -1 -6 23 5 -10 -1 9 -15 -1 -24 1 25 14 -13 0 -16 13 -5 19 15 9 -2 3 20 -8 20 2 6 -19 -1 22 5 11 -2 -8 -1 -4 -1 -1 7 11 0 -3 6 8 23 -3 5 -3 0 4 5 -6 -28 -10 2 1 4 -5 -12 17 -3 -18 3 -4 0 -1 -5 33 15 -7 16 5 -1 6 -13 -21 -8 -5 -7 -10 15 -10 -1 0 0 -3 -3 0 -2 -6 -11 -2 0 0 0 13 3 0 0 0 -6 0 0 6 9 0 0 -2 0 0 0 0 6 1 1 0 1 0 0 0 0 -2 0 -1 0
0 39 -33 15 23 8 -16 2 -3 -65 -13 3 -3 41 16 -25 12 -28 47 30 -67 -11 -45 -34 64 -10 5 -33 -31 17 16 -44 65 -21 -23 10 3 40 41 -34 -24 -52 37 -38 -22 4 -70 -55 0 44 28 -2 -18 13 27 -15 2 10 10 -24 -1 30 -12 7 -23 8 -6 15 -12 -3 15 -6 8 -3 13 12 -6 7 6 -7 -10 7 23 -7 9 4 -10 -3 0 0 7 14 18 -10 -7 -7 -12 1 6 -11 -11 -6 20 -2 2 4 -7 -6 23 5 -1 10 5 -19 -14 -13 4 -11 3 8 -6 -12 14 1 16 3 2 -18 -9 -17 -9 -27 2 15 -8 20 25 -8 1 28 -16 -19 8 9 -25 22 17 24 -13 5 2 9 -6 5 8 -6 6 -4 -7 -8 6 0 3 -6 10 14 -1 6 -21 16 10 35 12 2 -19 -5 -32 4 21 -9 6 -1 -27 -14 -4 -32 -1 1 3 -12 -7 3 -2 -7 -1 -21 11 -8 2 -1 -23 -14 -1 1 -11 -4 -15 0 7 38 -6 -10 5 16 -8 -9 -22 0 -26 -3 -14 -9 4 -9 3 -5 16 -20 -9 6 -13 -11 7 -1 -14 -35 6 -3 0 -1 7 -3 0 -4 5 -19 1 0 0 1 -3 15 0 0 0 -6 6 0 -5 14 0 0 2 0 0 0 0 1 0 -1 0 4 0 0 0 0 -1 0 -3 0
21 36 -5 41 -10 -13 -38 5 12 -39 -15 -33 -21 -11 16 -59 -57 13 22 -35 -43 67 -43 60 -37 -9 -21 8 5 51 -44 -57 35 -69 49 -2 15 9 -69 -19 -64 63 -64 46 -32 9 48 -32 62 -62 -18 12 -25 20 3 4 10 -10 -20 -22 -6 16 18 4 -2 -10 -7 0 -6 -2 -23 2 -6 -6 9 -1 14 17 24 14 -3 3 -3 3 -23 -29 -14 -11 9 -6 -10 16 -9 0 -12 0 6 5 4 -5 12 19 8 -13 17 -16 -7 6 2 -12 -6 -10 25 -10 -6 11 -15 6 1 -20 1 13 11 -13 -2 12 -4 16 13 32 -11 3 6 -30 0 -1 -10 11 12 -19 8 7 2 -10 -4 22 -1 -9 -9 23 21 -8 26 8 16 -6 7 8 -11 2 7 -21 6 -11 -16 -2 -13 14 -2 13 2 0 6 11 -37 4 -13 -6 -3 4 0 7 17 9 11 -3 9 -17 17 -5 4 -13 2 -18 9 -1 12 -6 11 -21 -22 -5 -5 10 0 2 -13 6 -7 9 4 -10 -6 3 -3 9 5 -4 -6 9 7 -11 1 9 -3 -23 4 19 6 -8 -9 2 -21 -15 11 8 0 -1 0 0 0 -2 0 5 -20 -20 1 0 0 0 -25 -2 0 0 0 9 -6 0 2 -17 1 0 10 0 0 0 0 13 0 0 0 7 0 0 0 0 14 0 5 0
-3 24 14 -36 13 -14 19 -10 -9 -27 33 -69 -25 -50 -2 1 -60 -1 62 26 -60 46 25 32 35 -2 -4 -30 -17 47 -3 46 -45 -55 29 10 -16 32 14 36 -34 -58 69 9 31 6 42 -40 -43 29 55 -1 35 -4 7 9 -29 -10 -13 7 -14 -2 -13 -2 -6 18 -3 -12 -2 0 22 11 -17 -6 -23 -4 -13 5 -30 3 9 -7 14 15 11 -12 1 -9 18 -1 -2 19 23 -10 -13 4 -5 -27 -23 -7 -2 -5 16 -6 -7 5 -22 5 12 18 3 -20 -10 -9 22 13 -31 15 -7 6 3 25 -2 15 -16 20 -2 16 -21 13 5 -16 7 16 6 -11 17 11 -1 27 -7 6 -23 -11 -8 -9 -12 23 11 -8 -1 -5 -3 -17 -5 -4 5 -23 -22 7 18 0 5 0 22 -8 12 21 -18 0 -15 15 -2 -16 29 -2 0 -1 -7 0 -22 2 -7 10 -7 -13 -2 15 -8 11 1 -19 11 10 -20 1 25 5 9 -8 3 18 11 -23 7 8 4 12 3 3 -17 1 -20 2 -3 -17 -9 -1 9 -8 -26 -11 2 4 -10 7 -13 11 3 6 -5 6 3 25 -21 3 13 1 0 1 1 14 0 -4 15 3 -1 0 0 0 -15 12 0 -1 0 -6 4 0 25 12 0 0 -9 0 0 0 0 -2 0 -1 0 6 0 0 0 0 5 0 8 0
-34 32 -1 8 5 -27 29 3 -10 -24 -26 58 32 67 63 -29 -12 -18 66 47 -31 -28 16 50 61 9 -25 -7 -64 69 -25 59 39 32 58 -16 27 18 30 -15 39 43 -13 10 -7 -8 9 36 -69 13 13 -3 -47 3 2 -5 2 0 -2 -11 4 0 7 8 26 13 1 -13 -3 -3 -4 7 0 9 3 17 -2 -13 8 1 17 24 -9 9 4 -12 7 -19 2 8 4 12 -5 -2 -11 2 4 2 14 -20 -14 14 -25 -10 18 -6 -9 7 7 -11 2 -3 1 9 -11 23 -22 1 -16 15 -16 -8 -12 -11 -28 -13 35 11 12 -29 -18 -3 10 -2 -8 9 -2 9 -1 1 3 -11 28 -10 -1 2 43 -17 2 5 3 3 11 -3 23 -35 -36 -10 -10 -5 0 -7 12 5 -30 9 4 9 -9 13 -4 -7 -16 -5 -7 9 -16 -18 -16 -7 5 6 6 26 -2 8 -1 -1 -2 16 -9 -26 -1 11 2 -8 -7 -6 -1 -13 -2 -7 11 6 -17 6 2 14 -2 6 9 -1 1 8 20 8 -10 4 22 3 -24 -6 6 12 -18 -1 1 -8 -4 -1 -7 6 -13 1 3 10 -1 -5 0 0 -5 11 0 -2 -17 6 1 0 0 0 -21 -15 0 0 0 9 -1 0 9 -3 0 0 -8 0 0 0 0 8 0 0 0 -8 0 0 0 0 15 0 -10 -1
45 -30 49 49 -6 13 -47 -6 1 58 34 52 62 23 -57 30 -18 59 -10 2 22 13 -8 30 -61 -37 -5 -10 59 -48 -21 35 63 25 67 -5 -32 49 -43 -29 -11 50 15 48 -18 25 -63 -67 -27 -26 40 6 44 -1 -6 -2 -16 -6 -12 -14 23 -6 13 1 -1 -6 23 7 -17 -7 -5 7 -1 9 14 -12 2 -4 -20 -13 -1 3 24 -3 5 0 -10 -1 -1 3 -10 12 2 -10 -3 -3 -9 -6 5 2 17 -5 5 -4 6 -1 -14 -2 19 -10 -13 20 6 -13 -23 -3 4 12 0 -34 -7 0 -3 -11 -8 -19 12 12 -17 14 -10 0 -6 -4 2 -5 7 -2 -3 -25 -11 3 0 0 2 -2 4 12 -8 2 7 -1 8 8 3 -2 13 6 19 -21 -11 -1 -7 -9 1 9 -3 14 1 0 -8 15 13 -8 4 -6 0 -4 -7 -4 -14 10 6 -13 11 -2 -10 10 11 -6 -12 2 -17 -14 10 -10 17 13 12 -2 23 2 -14 -11 -10 -3 5 10 -6 12 -18 10 -2 -5 6 -15 -2 0 -9 0 0 2 -8 31 2 17 22 6 -18 -1 5 5 -2 -11 19 -5 4 7 0 0 9 -6 0 -6 -21 11 0 -1 0 0 -11 5 0 0 0 7 -8 0 -9 2 0 0 11 0 0 0 0 -10 0 0 0 8 0 0 0 0 13 0 -7 0
-6 17 -68 49 -3 6 -27 9 19 57 -23 -4 -36 69 32 -54 -56 38 46 -28 1 70 18 -19 -67 -2 -15 -27 1 11 -18 41 9 8 8 11 53 -64 61 -28 -8 7 -55 -62 -13 -29 59 49 45 24 44 29 -64 -5 21 8 -18 4 -6 -14 21 13 -5 -6 33 20 -13 -12 -2 13 10 8 10 13 1 4 3 -5 -1 4 -12 7 -2 11 3 -5 -8 15 7 6 16 17 7 -1 8 -17 -31 29 9 -17 -2 21 10 7 14 11 -6 -3 -2 -10 -1 20 -5 -2 0 -15 5 -7 -3 20 -13 17 15 -1 -2 -14 -6 -1 -4 -1 2 5 2 15 6 14 3 8 13 15 14 -2 3 1 -9 11 24 7 20 32 12 3 -9 1 32 8 4 2 -27 4 -10 -3 4 13 5 23 4 -16 -13 6 9 5 9 33 -2 -5 9 9 -3 11 -7 -2 -16 2 3 7 -16 -10 -8 0 9 9 1 1 -14 7 18 7 14 3 2 0 3 -1 6 5 -7 7 23 -9 -5 -3 5 -3 1 5 7 1 9 -13 -9 -21 -2 -10 -21 -1 14 9 -2 -2 -9 10 3 18 5 -23 -9 5 -1 1 -19 18 0 -7 3 -1 0 0 0 0 13 3 0 0 0 2 2 0 5 -28 0 0 6 0 0 0 0 -8 0 1 0 3 0 0 0 0 24 0 14 0
44 28 55 55 -2 17 42 0 -1 43 36 8 18 -9 37 -26 5 54 -42 -37 -52 -17 -18 -32 4 -19 18 16 62 -11 7 35 -56 55 -52 -29 -30 -55 11 6 22 -48 -58 -8 -16 -12 -8 19 -47 -44 -24 -14 -52 -11 5 -4 -3 5 2 -8 -28 -1 13 8 -38 -30 3 17 -6 -15 13 -3 -11 4 -12 -14 1 -8 -4 -19 2 5 18 5 -13 -3 -2 -17 23 -7 8 15 -12 -12 14 6 -8 11 -10 17 2 -8 28 4 7 -1 -7 3 -8 0 -5 12 21 -10 -13 -6 -12 14 -15 6 -22 -11 -14 -2 -7 6 6 -6 9 7 2 -23 -4 -16 4 -2 1 1 -3 -14 -9 5 2 9 -6 9 -27 -1 -11 -8 15 -19 5 -4 -2 11 30 0 -17 -12 0 7 2 -5 7 4 -8 5 -30 12 10 -12 12 2 -22 2 -8 4 6 -1 16 0 -6 -13 -3 -26 11 -11 -2 -26 8 3 0 -26 21 -24 10 -6 20 -4 -2 -19 0 11 1 -4 -13 -8 -3 15 -7 -8 -12 -2 0 -7 14 5 -12 -1 1 5 16 4 -4 5 8 -12 -8 -6 -13 -2 -10 -24 4 5 3 4 0 1 3 -16 0 -3 -8 4 2 0 0 0 -5 4 0 0 0 -1 -2 0 -4 -5 0 0 -5 0 0 0 0 -19 0 1 0 10 0 0 1 0 2 0 -1 0
25 -45 -25 -51 5 -6 66 -6 -5 62 37 56 31 9 -57 -33 44 -21 21 -44 14 -22 -32 -19 67 -9 -15 -28 -21 24 -35 -15 59 49 68 3 9 32 -61 -16 -58 -28 65 48 -4 -13 32 8 -21 -46 9 14 -47 12 18 -19 -18 7 -6 -12 14 -1 -12 -4 -9 -8 -18 1 3 -16 15 -11 -19 14 1 5 -4 -23 -6 -11 5 -1 9 -5 -11 -16 -18 -21 22 -15 9 4 4 9 0 11 2 9 -25 -14 4 25 3 -3 11 9 -10 2 -7 2 -17 10 14 6 -9 -10 -15 4 -6 -1 5 -1 5 -2 3 11 7 8 -8 17 5 -8 24 -5 -11 18 13 3 5 1 12 -15 -20 5 -17 6 8 1 -21 22 9 10 1 -7 -15 0 19 13 -15 2 17 5 -2 -1 13 9 -5 0 -24 -15 8 -18 24 -1 -11 2 -3 -11 -12 -15 5 -3 -9 14 11 -4 21 -11 26 -13 2 2 -3 -1 -21 -6 5 -7 6 -20 3 10 14 -2 3 -10 -41 4 4 20 -16 0 -16 10 -2 6 -21 0 2 -2 15 -7 27 8 -7 -5 29 6 -2 -24 -22 7 -7 -11 -9 -2 8 0 0 0 -5 16 0 -6 7 -2 0 0 0 0 1 24 0 0 0 -5 -6 -1 6 12 0 0 -4 0 0 0 0 7 0 0 0 10 0 0 0 0 2 0 6 0
-12 -46 34 20 19 -10 19 -13 24 15 -27 57 68 -64 -67 -46 66 16 -51 -26 49 -25 -2 -6 -6 -7 8 18 40 68 6 12 66 58 -60 18 7 -28 61 56 7 -12 -3 54 14 -12 -15 -37 64 -3 -43 -19 -23 6 -13 -7 11 -8 28 -9 -15 3 -13 22 -11 23 0 -3 -4 13 -2 -9 -12 26 13 2 -1 -16 11 -11 3 -5 -5 13 5 -4 -8 -22 16 9 9 8 -6 17 14 -6 22 -11 41 17 -8 -2 -13 7 -1 3 -15 -35 20 -8 18 -24 -17 25 -5 3 -4 6 7 -16 5 3 5 -10 -9 -13 30 1 -6 -22 13 6 -5 11 10 -4 -16 -13 -7 -12 15 -5 13 -9 -2 -2 1 -6 2 -7 -9 4 9 7 -9 -2 -34 -17 21 8 4 14 -16 -13 -8 -13 12 0 3 9 -11 18 -28 -18 9 17 7 -17 -14 -14 25 -14 22 -5 -9 -37 -12 -16 13 14 -13 -16 7 5 6 -12 -1 0 -31 16 11 1 18 -18 7 23 12 -11 -15 8 17 -24 0 9 -8 -13 -5 -1 2 -5 11 5 -7 3 -7 9 3 -29 13 13 -5 -18 -7 16 -4 1 15 -3 0 -1 20 -8 0 6 -21 5 -1 0 0 0 3 18 0 0 0 -10 -3 0 -6 17 0 0 6 0 0 0 -1 -2 0 0 0 -10 0 0 0 0 5 0 -9 0
11 -7 -4 -26 -19 17 -68 8 14 -47 -13 -12 -60 16 66 35 -16 18 25 36 25 45 -41 64 -11 -17 -7 -2 24 -26 2 -60 67 -38 -31 24 3 38 -42 9 -30 -49 66 -11 -1 9 -39 12 60 -55 -7 18 34 6 13 -1 11 11 10 -17 27 6 -7 -11 -12 0 5 14 -9 23 13 4 21 -14 23 15 4 4 11 -1 -8 -12 -4 4 3 18 8 24 -3 -15 7 -9 2 6 17 12 6 -10 2 -10 -15 -1 -26 12 -3 0 9 -21 -3 5 -18 -18 -3 -5 -12 -10 20 -7 10 -14 0 -2 3 4 30 -13 -11 16 -17 11 9 11 6 -5 14 20 -10 -15 1 5 13 0 1 -5 -19 29 10 4 -17 -7 -15 14 -3 31 -41 -12 33 6 28 -10 -1 -19 4 13 16 1 4 -16 14 10 -7 8 -4 -13 -2 14 -5 -24 3 -2 -21 3 18 -22 19 18 -11 -12 -27 29 -22 1 2 9 -1 -6 -9 -3 -21 -9 -3 -2 1 -7 4 2 2 11 2 29 -16 4 -2 21 -22 -8 -13 1 -14 6 27 8 4 12 12 7 22 -10 -21 -15 9 -10 5 -3 -3 -24 -7 -5 0 1 13 -12 0 3 35 -14 1 0 0 0 -5 17 0 0 0 -7 -8 0 -12 31 0 0 -8 0 0 0 0 17 0 1 0 -11 0 0 0 -1 -20 0 -3 0
-4 54 -47 48 16 8 -12 1 -15 -24 10 3 -54 33 -5 64 58 -40 -19 -34 18 -69 -42 -33 -2 -8 -11 -37 33 -6 14 -62 51 -15 63 19 -23 -47 17 21 -13 54 66 68 15 30 51 -47 41 8 -63 -20 -31 3 3 7 2 1 -5 6 -17 8 7 -2 0 19 14 -12 -13 -8 17 10 -11 -10 -6 -20 -30 -3 -4 -6 10 6 -5 14 8 -35 5 0 -8 -8 9 -3 10 20 -1 26 -5 0 -4 -1 -19 18 16 -5 -7 -6 -13 11 10 14 8 5 -9 -12 21 12 -10 -3 -13 8 3 7 1 15 -18 2 -11 11 -4 -9 -9 6 13 37 9 19 -1 6 10 15 -5 -7 -22 -13 -11 -10 -9 19 19 -26 22 16 12 -1 17 -13 8 -23 -31 28 15 2 -12 -5 6 -9 12 2 -1 2 11 18 7 -21 11 5 5 13 -3 20 -8 -18 7 0 -15 -30 -8 -4 -1 12 -5 -8 -11 -4 -27 -5 3 20 16 -7 -8 15 -10 21 13 8 -5 6 -4 -8 -6 -6 -8 -15 -11 -11 -22 -4 8 -13 -24 1 21 10 11 23 0 -13 -8 8 -8 9 5 -8 16 3 17 -2 0 1 6 20 0 0 12 1 0 0 0 0 17 -4 -1 0 0 -6 9 0 24 -1 0 0 2 0 0 0 0 15 0 -1 0 -2 0 0 0 0 13 0 3 0
7 -6 -53 39 -22 -11 -56 -10 17 -27 -11 -12 -69 -49 -45 23 19 22 29 3 35 10 20 40 65 -2 -4 -13 -12 62 0 48 14 30 27 -4 21 35 19 25 29 -50 13 51 -11 -11 -28 52 -56 40 -11 15 -31 24 12 -6 -10 1 -18 -32 12 22 2 -3 0 -13 -12 -7 3 13 -14 7 -17 4 26 -13 -6 13 4 23 4 12 14 -19 7 10 -13 18 -7 12 -6 14 -5 3 -1 -6 -2 10 -7 -21 -1 5 -10 22 30 25 12 2 -6 2 -12 1 5 26 -34 -2 12 -2 31 -15 3 -14 16 -7 18 3 9 -5 11 9 20 -18 13 -24 -3 30 13 -5 4 7 -3 -7 -21 -8 14 -1 3 32 -15 35 4 -5 -24 10 15 4 -21 -1 13 0 1 -9 -5 -3 19 23 21 7 7 -15 -8 1 -4 27 -8 -5 -28 7 15 7 -13 17 -27 15 8 0 4 5 11 14 30 -10 0 13 3 15 -15 -20 12 -10 -12 -13 16 -9 -5 -30 -30 0 8 0 -2 14 3 4 10 9 -6 -2 -17 -21 34 -23 -10 7 -5 -32 3 -12 1 -9 -3 -25 3 -16 14 -23 -23 0 0 0 -20 -23 0 1 5 -18 0 0 0 0 0 -8 0 0 0 2 -13 0 -21 -5 0 0 -5 -1 0 0 0 7 0 0 0 0 0 0 0 0 -1 0 13 0
